,Input1,Input2,Input3,Input4,Input5,Output1,Output2,Output3,Output4,Output5,Output6,Output7,Output8,Output9,Output10
0,236.307203,253.829263,286.404308,235.302314,242.72783,213.444771,250.037338,235.921398,257.007237,203.388576,249.280198,233.859967,295.826734,333.150346,316.224503
1,253.829263,286.404308,235.302314,242.72783,213.444771,250.037338,235.921398,257.007237,203.388576,249.280198,233.859967,295.826734,333.150346,316.224503,306.677525
2,286.404308,235.302314,242.72783,213.444771,250.037338,235.921398,257.007237,203.388576,249.280198,233.859967,295.826734,333.150346,316.224503,306.677525,285.945635
3,235.302314,242.72783,213.444771,250.037338,235.921398,257.007237,203.388576,249.280198,233.859967,295.826734,333.150346,316.224503,306.677525,285.945635,314.774199
4,242.72783,213.444771,250.037338,235.921398,257.007237,203.388576,249.280198,233.859967,295.826734,333.150346,316.224503,306.677525,285.945635,314.774199,310.579342
5,213.444771,250.037338,235.921398,257.007237,203.388576,249.280198,233.859967,295.826734,333.150346,316.224503,306.677525,285.945635,314.774199,310.579342,320.916699
6,250.037338,235.921398,257.007237,203.388576,249.280198,233.859967,295.826734,333.150346,316.224503,306.677525,285.945635,314.774199,310.579342,320.916699,341.618083
7,235.921398,257.007237,203.388576,249.280198,233.859967,295.826734,333.150346,316.224503,306.677525,285.945635,314.774199,310.579342,320.916699,341.618083,352.384774
8,257.007237,203.388576,249.280198,233.859967,295.826734,333.150346,316.224503,306.677525,285.945635,314.774199,310.579342,320.916699,341.618083,352.384774,357.63177
9,203.388576,249.280198,233.859967,295.826734,333.150346,316.224503,306.677525,285.945635,314.774199,310.579342,320.916699,341.618083,352.384774,357.63177,319.792724
10,249.280198,233.859967,295.826734,333.150346,316.224503,306.677525,285.945635,314.774199,310.579342,320.916699,341.618083,352.384774,357.63177,319.792724,337.279139
11,233.859967,295.826734,333.150346,316.224503,306.677525,285.945635,314.774199,310.579342,320.916699,341.618083,352.384774,357.63177,319.792724,337.279139,413.343784
12,295.826734,333.150346,316.224503,306.677525,285.945635,314.774199,310.579342,320.916699,341.618083,352.384774,357.63177,319.792724,337.279139,413.343784,437.87206
13,333.150346,316.224503,306.677525,285.945635,314.774199,310.579342,320.916699,341.618083,352.384774,357.63177,319.792724,337.279139,413.343784,437.87206,446.739282
14,316.224503,306.677525,285.945635,314.774199,310.579342,320.916699,341.618083,352.384774,357.63177,319.792724,337.279139,413.343784,437.87206,446.739282,462.356272
15,306.677525,285.945635,314.774199,310.579342,320.916699,341.618083,352.384774,357.63177,319.792724,337.279139,413.343784,437.87206,446.739282,462.356272,428.007736
16,285.945635,314.774199,310.579342,320.916699,341.618083,352.384774,357.63177,319.792724,337.279139,413.343784,437.87206,446.739282,462.356272,428.007736,449.924464
17,314.774199,310.579342,320.916699,341.618083,352.384774,357.63177,319.792724,337.279139,413.343784,437.87206,446.739282,462.356272,428.007736,449.924464,456.003828
18,310.579342,320.916699,341.618083,352.384774,357.63177,319.792724,337.279139,413.343784,437.87206,446.739282,462.356272,428.007736,449.924464,456.003828,409.818111
19,320.916699,341.618083,352.384774,357.63177,319.792724,337.279139,413.343784,437.87206,446.739282,462.356272,428.007736,449.924464,456.003828,409.818111,414.003705
20,341.618083,352.384774,357.63177,319.792724,337.279139,413.343784,437.87206,446.739282,462.356272,428.007736,449.924464,456.003828,409.818111,414.003705,386.419708
21,352.384774,357.63177,319.792724,337.279139,413.343784,437.87206,446.739282,462.356272,428.007736,449.924464,456.003828,409.818111,414.003705,386.419708,387.952679
22,357.63177,319.792724,337.279139,413.343784,437.87206,446.739282,462.356272,428.007736,449.924464,456.003828,409.818111,414.003705,386.419708,387.952679,320.835292
23,319.792724,337.279139,413.343784,437.87206,446.739282,462.356272,428.007736,449.924464,456.003828,409.818111,414.003705,386.419708,387.952679,320.835292,323.224476
24,337.279139,413.343784,437.87206,446.739282,462.356272,428.007736,449.924464,456.003828,409.818111,414.003705,386.419708,387.952679,320.835292,323.224476,300.943421
25,413.343784,437.87206,446.739282,462.356272,428.007736,449.924464,456.003828,409.818111,414.003705,386.419708,387.952679,320.835292,323.224476,300.943421,308.977398
26,437.87206,446.739282,462.356272,428.007736,449.924464,456.003828,409.818111,414.003705,386.419708,387.952679,320.835292,323.224476,300.943421,308.977398,337.287039
27,446.739282,462.356272,428.007736,449.924464,456.003828,409.818111,414.003705,386.419708,387.952679,320.835292,323.224476,300.943421,308.977398,337.287039,392.779146
28,462.356272,428.007736,449.924464,456.003828,409.818111,414.003705,386.419708,387.952679,320.835292,323.224476,300.943421,308.977398,337.287039,392.779146,403.507647
29,428.007736,449.924464,456.003828,409.818111,414.003705,386.419708,387.952679,320.835292,323.224476,300.943421,308.977398,337.287039,392.779146,403.507647,354.104456
30,449.924464,456.003828,409.818111,414.003705,386.419708,387.952679,320.835292,323.224476,300.943421,308.977398,337.287039,392.779146,403.507647,354.104456,344.071611
31,456.003828,409.818111,414.003705,386.419708,387.952679,320.835292,323.224476,300.943421,308.977398,337.287039,392.779146,403.507647,354.104456,344.071611,323.857566
32,409.818111,414.003705,386.419708,387.952679,320.835292,323.224476,300.943421,308.977398,337.287039,392.779146,403.507647,354.104456,344.071611,323.857566,331.810228
33,414.003705,386.419708,387.952679,320.835292,323.224476,300.943421,308.977398,337.287039,392.779146,403.507647,354.104456,344.071611,323.857566,331.810228,422.803376
34,386.419708,387.952679,320.835292,323.224476,300.943421,308.977398,337.287039,392.779146,403.507647,354.104456,344.071611,323.857566,331.810228,422.803376,465.366525
35,387.952679,320.835292,323.224476,300.943421,308.977398,337.287039,392.779146,403.507647,354.104456,344.071611,323.857566,331.810228,422.803376,465.366525,441.634196
36,320.835292,323.224476,300.943421,308.977398,337.287039,392.779146,403.507647,354.104456,344.071611,323.857566,331.810228,422.803376,465.366525,441.634196,420.253759
37,323.224476,300.943421,308.977398,337.287039,392.779146,403.507647,354.104456,344.071611,323.857566,331.810228,422.803376,465.366525,441.634196,420.253759,402.467229
38,300.943421,308.977398,337.287039,392.779146,403.507647,354.104456,344.071611,323.857566,331.810228,422.803376,465.366525,441.634196,420.253759,402.467229,397.912671
39,308.977398,337.287039,392.779146,403.507647,354.104456,344.071611,323.857566,331.810228,422.803376,465.366525,441.634196,420.253759,402.467229,397.912671,426.715911
40,337.287039,392.779146,403.507647,354.104456,344.071611,323.857566,331.810228,422.803376,465.366525,441.634196,420.253759,402.467229,397.912671,426.715911,409.101376
41,392.779146,403.507647,354.104456,344.071611,323.857566,331.810228,422.803376,465.366525,441.634196,420.253759,402.467229,397.912671,426.715911,409.101376,429.966727
42,403.507647,354.104456,344.071611,323.857566,331.810228,422.803376,465.366525,441.634196,420.253759,402.467229,397.912671,426.715911,409.101376,429.966727,403.868481
43,354.104456,344.071611,323.857566,331.810228,422.803376,465.366525,441.634196,420.253759,402.467229,397.912671,426.715911,409.101376,429.966727,403.868481,438.066008
44,344.071611,323.857566,331.810228,422.803376,465.366525,441.634196,420.253759,402.467229,397.912671,426.715911,409.101376,429.966727,403.868481,438.066008,481.231045
45,323.857566,331.810228,422.803376,465.366525,441.634196,420.253759,402.467229,397.912671,426.715911,409.101376,429.966727,403.868481,438.066008,481.231045,388.043662
46,331.810228,422.803376,465.366525,441.634196,420.253759,402.467229,397.912671,426.715911,409.101376,429.966727,403.868481,438.066008,481.231045,388.043662,451.363562
47,422.803376,465.366525,441.634196,420.253759,402.467229,397.912671,426.715911,409.101376,429.966727,403.868481,438.066008,481.231045,388.043662,451.363562,455.534748
48,465.366525,441.634196,420.253759,402.467229,397.912671,426.715911,409.101376,429.966727,403.868481,438.066008,481.231045,388.043662,451.363562,455.534748,411.082203
49,441.634196,420.253759,402.467229,397.912671,426.715911,409.101376,429.966727,403.868481,438.066008,481.231045,388.043662,451.363562,455.534748,411.082203,435.345684
50,420.253759,402.467229,397.912671,426.715911,409.101376,429.966727,403.868481,438.066008,481.231045,388.043662,451.363562,455.534748,411.082203,435.345684,405.238053
51,402.467229,397.912671,426.715911,409.101376,429.966727,403.868481,438.066008,481.231045,388.043662,451.363562,455.534748,411.082203,435.345684,405.238053,400.393699
52,397.912671,426.715911,409.101376,429.966727,403.868481,438.066008,481.231045,388.043662,451.363562,455.534748,411.082203,435.345684,405.238053,400.393699,418.621231
53,426.715911,409.101376,429.966727,403.868481,438.066008,481.231045,388.043662,451.363562,455.534748,411.082203,435.345684,405.238053,400.393699,418.621231,417.593226
54,409.101376,429.966727,403.868481,438.066008,481.231045,388.043662,451.363562,455.534748,411.082203,435.345684,405.238053,400.393699,418.621231,417.593226,405.091899
55,429.966727,403.868481,438.066008,481.231045,388.043662,451.363562,455.534748,411.082203,435.345684,405.238053,400.393699,418.621231,417.593226,405.091899,423.081885
56,403.868481,438.066008,481.231045,388.043662,451.363562,455.534748,411.082203,435.345684,405.238053,400.393699,418.621231,417.593226,405.091899,423.081885,346.036225
57,438.066008,481.231045,388.043662,451.363562,455.534748,411.082203,435.345684,405.238053,400.393699,418.621231,417.593226,405.091899,423.081885,346.036225,287.569988
58,481.231045,388.043662,451.363562,455.534748,411.082203,435.345684,405.238053,400.393699,418.621231,417.593226,405.091899,423.081885,346.036225,287.569988,345.283023
59,388.043662,451.363562,455.534748,411.082203,435.345684,405.238053,400.393699,418.621231,417.593226,405.091899,423.081885,346.036225,287.569988,345.283023,342.319565
60,451.363562,455.534748,411.082203,435.345684,405.238053,400.393699,418.621231,417.593226,405.091899,423.081885,346.036225,287.569988,345.283023,342.319565,299.583476
61,455.534748,411.082203,435.345684,405.238053,400.393699,418.621231,417.593226,405.091899,423.081885,346.036225,287.569988,345.283023,342.319565,299.583476,286.758689
62,411.082203,435.345684,405.238053,400.393699,418.621231,417.593226,405.091899,423.081885,346.036225,287.569988,345.283023,342.319565,299.583476,286.758689,282.621818
63,435.345684,405.238053,400.393699,418.621231,417.593226,405.091899,423.081885,346.036225,287.569988,345.283023,342.319565,299.583476,286.758689,282.621818,299.056629
64,405.238053,400.393699,418.621231,417.593226,405.091899,423.081885,346.036225,287.569988,345.283023,342.319565,299.583476,286.758689,282.621818,299.056629,294.178184
65,400.393699,418.621231,417.593226,405.091899,423.081885,346.036225,287.569988,345.283023,342.319565,299.583476,286.758689,282.621818,299.056629,294.178184,287.752017
66,418.621231,417.593226,405.091899,423.081885,346.036225,287.569988,345.283023,342.319565,299.583476,286.758689,282.621818,299.056629,294.178184,287.752017,271.974338
67,417.593226,405.091899,423.081885,346.036225,287.569988,345.283023,342.319565,299.583476,286.758689,282.621818,299.056629,294.178184,287.752017,271.974338,231.218979
68,405.091899,423.081885,346.036225,287.569988,345.283023,342.319565,299.583476,286.758689,282.621818,299.056629,294.178184,287.752017,271.974338,231.218979,230.74931
69,423.081885,346.036225,287.569988,345.283023,342.319565,299.583476,286.758689,282.621818,299.056629,294.178184,287.752017,271.974338,231.218979,230.74931,248.842106
70,346.036225,287.569988,345.283023,342.319565,299.583476,286.758689,282.621818,299.056629,294.178184,287.752017,271.974338,231.218979,230.74931,248.842106,252.095453
71,287.569988,345.283023,342.319565,299.583476,286.758689,282.621818,299.056629,294.178184,287.752017,271.974338,231.218979,230.74931,248.842106,252.095453,265.412475
72,345.283023,342.319565,299.583476,286.758689,282.621818,299.056629,294.178184,287.752017,271.974338,231.218979,230.74931,248.842106,252.095453,265.412475,289.985766
73,342.319565,299.583476,286.758689,282.621818,299.056629,294.178184,287.752017,271.974338,231.218979,230.74931,248.842106,252.095453,265.412475,289.985766,243.026031
74,299.583476,286.758689,282.621818,299.056629,294.178184,287.752017,271.974338,231.218979,230.74931,248.842106,252.095453,265.412475,289.985766,243.026031,243.841046
75,286.758689,282.621818,299.056629,294.178184,287.752017,271.974338,231.218979,230.74931,248.842106,252.095453,265.412475,289.985766,243.026031,243.841046,224.791645
76,282.621818,299.056629,294.178184,287.752017,271.974338,231.218979,230.74931,248.842106,252.095453,265.412475,289.985766,243.026031,243.841046,224.791645,200.353238
77,299.056629,294.178184,287.752017,271.974338,231.218979,230.74931,248.842106,252.095453,265.412475,289.985766,243.026031,243.841046,224.791645,200.353238,191.926425
78,294.178184,287.752017,271.974338,231.218979,230.74931,248.842106,252.095453,265.412475,289.985766,243.026031,243.841046,224.791645,200.353238,191.926425,195.236335
79,287.752017,271.974338,231.218979,230.74931,248.842106,252.095453,265.412475,289.985766,243.026031,243.841046,224.791645,200.353238,191.926425,195.236335,220.448361
80,271.974338,231.218979,230.74931,248.842106,252.095453,265.412475,289.985766,243.026031,243.841046,224.791645,200.353238,191.926425,195.236335,220.448361,250.94254
81,231.218979,230.74931,248.842106,252.095453,265.412475,289.985766,243.026031,243.841046,224.791645,200.353238,191.926425,195.236335,220.448361,250.94254,238.283998
82,230.74931,248.842106,252.095453,265.412475,289.985766,243.026031,243.841046,224.791645,200.353238,191.926425,195.236335,220.448361,250.94254,238.283998,220.080678
83,248.842106,252.095453,265.412475,289.985766,243.026031,243.841046,224.791645,200.353238,191.926425,195.236335,220.448361,250.94254,238.283998,220.080678,258.997535
84,252.095453,265.412475,289.985766,243.026031,243.841046,224.791645,200.353238,191.926425,195.236335,220.448361,250.94254,238.283998,220.080678,258.997535,222.351706
85,265.412475,289.985766,243.026031,243.841046,224.791645,200.353238,191.926425,195.236335,220.448361,250.94254,238.283998,220.080678,258.997535,222.351706,169.867489
86,289.985766,243.026031,243.841046,224.791645,200.353238,191.926425,195.236335,220.448361,250.94254,238.283998,220.080678,258.997535,222.351706,169.867489,177.900353
87,243.026031,243.841046,224.791645,200.353238,191.926425,195.236335,220.448361,250.94254,238.283998,220.080678,258.997535,222.351706,169.867489,177.900353,156.206334
88,243.841046,224.791645,200.353238,191.926425,195.236335,220.448361,250.94254,238.283998,220.080678,258.997535,222.351706,169.867489,177.900353,156.206334,142.522254
89,224.791645,200.353238,191.926425,195.236335,220.448361,250.94254,238.283998,220.080678,258.997535,222.351706,169.867489,177.900353,156.206334,142.522254,136.696481
90,200.353238,191.926425,195.236335,220.448361,250.94254,238.283998,220.080678,258.997535,222.351706,169.867489,177.900353,156.206334,142.522254,136.696481,135.025982
91,191.926425,195.236335,220.448361,250.94254,238.283998,220.080678,258.997535,222.351706,169.867489,177.900353,156.206334,142.522254,136.696481,135.025982,138.85634
92,195.236335,220.448361,250.94254,238.283998,220.080678,258.997535,222.351706,169.867489,177.900353,156.206334,142.522254,136.696481,135.025982,138.85634,142.610138
93,220.448361,250.94254,238.283998,220.080678,258.997535,222.351706,169.867489,177.900353,156.206334,142.522254,136.696481,135.025982,138.85634,142.610138,139.89667
94,250.94254,238.283998,220.080678,258.997535,222.351706,169.867489,177.900353,156.206334,142.522254,136.696481,135.025982,138.85634,142.610138,139.89667,152.26232
95,238.283998,220.080678,258.997535,222.351706,169.867489,177.900353,156.206334,142.522254,136.696481,135.025982,138.85634,142.610138,139.89667,152.26232,150.850218
96,220.080678,258.997535,222.351706,169.867489,177.900353,156.206334,142.522254,136.696481,135.025982,138.85634,142.610138,139.89667,152.26232,150.850218,127.758422
97,258.997535,222.351706,169.867489,177.900353,156.206334,142.522254,136.696481,135.025982,138.85634,142.610138,139.89667,152.26232,150.850218,127.758422,127.541495
98,222.351706,169.867489,177.900353,156.206334,142.522254,136.696481,135.025982,138.85634,142.610138,139.89667,152.26232,150.850218,127.758422,127.541495,149.987079
99,169.867489,177.900353,156.206334,142.522254,136.696481,135.025982,138.85634,142.610138,139.89667,152.26232,150.850218,127.758422,127.541495,149.987079,131.439508
100,177.900353,156.206334,142.522254,136.696481,135.025982,138.85634,142.610138,139.89667,152.26232,150.850218,127.758422,127.541495,149.987079,131.439508,147.138003
101,156.206334,142.522254,136.696481,135.025982,138.85634,142.610138,139.89667,152.26232,150.850218,127.758422,127.541495,149.987079,131.439508,147.138003,140.056141
102,142.522254,136.696481,135.025982,138.85634,142.610138,139.89667,152.26232,150.850218,127.758422,127.541495,149.987079,131.439508,147.138003,140.056141,132.089256
103,136.696481,135.025982,138.85634,142.610138,139.89667,152.26232,150.850218,127.758422,127.541495,149.987079,131.439508,147.138003,140.056141,132.089256,139.480865
104,135.025982,138.85634,142.610138,139.89667,152.26232,150.850218,127.758422,127.541495,149.987079,131.439508,147.138003,140.056141,132.089256,139.480865,144.720618
105,138.85634,142.610138,139.89667,152.26232,150.850218,127.758422,127.541495,149.987079,131.439508,147.138003,140.056141,132.089256,139.480865,144.720618,166.895835
106,142.610138,139.89667,152.26232,150.850218,127.758422,127.541495,149.987079,131.439508,147.138003,140.056141,132.089256,139.480865,144.720618,166.895835,150.177217
107,139.89667,152.26232,150.850218,127.758422,127.541495,149.987079,131.439508,147.138003,140.056141,132.089256,139.480865,144.720618,166.895835,150.177217,133.180059
108,152.26232,150.850218,127.758422,127.541495,149.987079,131.439508,147.138003,140.056141,132.089256,139.480865,144.720618,166.895835,150.177217,133.180059,131.803113
109,150.850218,127.758422,127.541495,149.987079,131.439508,147.138003,140.056141,132.089256,139.480865,144.720618,166.895835,150.177217,133.180059,131.803113,126.097837
110,127.758422,127.541495,149.987079,131.439508,147.138003,140.056141,132.089256,139.480865,144.720618,166.895835,150.177217,133.180059,131.803113,126.097837,122.311763
111,127.541495,149.987079,131.439508,147.138003,140.056141,132.089256,139.480865,144.720618,166.895835,150.177217,133.180059,131.803113,126.097837,122.311763,122.4832
112,149.987079,131.439508,147.138003,140.056141,132.089256,139.480865,144.720618,166.895835,150.177217,133.180059,131.803113,126.097837,122.311763,122.4832,136.059113
113,131.439508,147.138003,140.056141,132.089256,139.480865,144.720618,166.895835,150.177217,133.180059,131.803113,126.097837,122.311763,122.4832,136.059113,123.152145
114,147.138003,140.056141,132.089256,139.480865,144.720618,166.895835,150.177217,133.180059,131.803113,126.097837,122.311763,122.4832,136.059113,123.152145,118.672663
115,140.056141,132.089256,139.480865,144.720618,166.895835,150.177217,133.180059,131.803113,126.097837,122.311763,122.4832,136.059113,123.152145,118.672663,135.894099
116,132.089256,139.480865,144.720618,166.895835,150.177217,133.180059,131.803113,126.097837,122.311763,122.4832,136.059113,123.152145,118.672663,135.894099,175.16236
117,139.480865,144.720618,166.895835,150.177217,133.180059,131.803113,126.097837,122.311763,122.4832,136.059113,123.152145,118.672663,135.894099,175.16236,193.719409
118,144.720618,166.895835,150.177217,133.180059,131.803113,126.097837,122.311763,122.4832,136.059113,123.152145,118.672663,135.894099,175.16236,193.719409,198.671483
119,166.895835,150.177217,133.180059,131.803113,126.097837,122.311763,122.4832,136.059113,123.152145,118.672663,135.894099,175.16236,193.719409,198.671483,181.910867
120,150.177217,133.180059,131.803113,126.097837,122.311763,122.4832,136.059113,123.152145,118.672663,135.894099,175.16236,193.719409,198.671483,181.910867,162.017231
121,133.180059,131.803113,126.097837,122.311763,122.4832,136.059113,123.152145,118.672663,135.894099,175.16236,193.719409,198.671483,181.910867,162.017231,147.733279
122,131.803113,126.097837,122.311763,122.4832,136.059113,123.152145,118.672663,135.894099,175.16236,193.719409,198.671483,181.910867,162.017231,147.733279,135.118034
123,126.097837,122.311763,122.4832,136.059113,123.152145,118.672663,135.894099,175.16236,193.719409,198.671483,181.910867,162.017231,147.733279,135.118034,131.975889
124,122.311763,122.4832,136.059113,123.152145,118.672663,135.894099,175.16236,193.719409,198.671483,181.910867,162.017231,147.733279,135.118034,131.975889,130.859093
125,122.4832,136.059113,123.152145,118.672663,135.894099,175.16236,193.719409,198.671483,181.910867,162.017231,147.733279,135.118034,131.975889,130.859093,131.521776
126,136.059113,123.152145,118.672663,135.894099,175.16236,193.719409,198.671483,181.910867,162.017231,147.733279,135.118034,131.975889,130.859093,131.521776,135.583335
127,123.152145,118.672663,135.894099,175.16236,193.719409,198.671483,181.910867,162.017231,147.733279,135.118034,131.975889,130.859093,131.521776,135.583335,133.581179
128,118.672663,135.894099,175.16236,193.719409,198.671483,181.910867,162.017231,147.733279,135.118034,131.975889,130.859093,131.521776,135.583335,133.581179,127.660381
129,135.894099,175.16236,193.719409,198.671483,181.910867,162.017231,147.733279,135.118034,131.975889,130.859093,131.521776,135.583335,133.581179,127.660381,132.419855
130,175.16236,193.719409,198.671483,181.910867,162.017231,147.733279,135.118034,131.975889,130.859093,131.521776,135.583335,133.581179,127.660381,132.419855,133.332208
131,193.719409,198.671483,181.910867,162.017231,147.733279,135.118034,131.975889,130.859093,131.521776,135.583335,133.581179,127.660381,132.419855,133.332208,138.634466
132,198.671483,181.910867,162.017231,147.733279,135.118034,131.975889,130.859093,131.521776,135.583335,133.581179,127.660381,132.419855,133.332208,138.634466,147.068767
133,181.910867,162.017231,147.733279,135.118034,131.975889,130.859093,131.521776,135.583335,133.581179,127.660381,132.419855,133.332208,138.634466,147.068767,145.344077
134,162.017231,147.733279,135.118034,131.975889,130.859093,131.521776,135.583335,133.581179,127.660381,132.419855,133.332208,138.634466,147.068767,145.344077,154.217593
135,147.733279,135.118034,131.975889,130.859093,131.521776,135.583335,133.581179,127.660381,132.419855,133.332208,138.634466,147.068767,145.344077,154.217593,146.580185
136,135.118034,131.975889,130.859093,131.521776,135.583335,133.581179,127.660381,132.419855,133.332208,138.634466,147.068767,145.344077,154.217593,146.580185,134.644827
137,131.975889,130.859093,131.521776,135.583335,133.581179,127.660381,132.419855,133.332208,138.634466,147.068767,145.344077,154.217593,146.580185,134.644827,132.695723
138,130.859093,131.521776,135.583335,133.581179,127.660381,132.419855,133.332208,138.634466,147.068767,145.344077,154.217593,146.580185,134.644827,132.695723,130.483491
139,131.521776,135.583335,133.581179,127.660381,132.419855,133.332208,138.634466,147.068767,145.344077,154.217593,146.580185,134.644827,132.695723,130.483491,161.712399
140,135.583335,133.581179,127.660381,132.419855,133.332208,138.634466,147.068767,145.344077,154.217593,146.580185,134.644827,132.695723,130.483491,161.712399,138.407485
141,133.581179,127.660381,132.419855,133.332208,138.634466,147.068767,145.344077,154.217593,146.580185,134.644827,132.695723,130.483491,161.712399,138.407485,130.370556
142,127.660381,132.419855,133.332208,138.634466,147.068767,145.344077,154.217593,146.580185,134.644827,132.695723,130.483491,161.712399,138.407485,130.370556,132.81307
143,132.419855,133.332208,138.634466,147.068767,145.344077,154.217593,146.580185,134.644827,132.695723,130.483491,161.712399,138.407485,130.370556,132.81307,125.559426
144,133.332208,138.634466,147.068767,145.344077,154.217593,146.580185,134.644827,132.695723,130.483491,161.712399,138.407485,130.370556,132.81307,125.559426,137.067074
145,138.634466,147.068767,145.344077,154.217593,146.580185,134.644827,132.695723,130.483491,161.712399,138.407485,130.370556,132.81307,125.559426,137.067074,147.434111
146,147.068767,145.344077,154.217593,146.580185,134.644827,132.695723,130.483491,161.712399,138.407485,130.370556,132.81307,125.559426,137.067074,147.434111,136.114284
147,145.344077,154.217593,146.580185,134.644827,132.695723,130.483491,161.712399,138.407485,130.370556,132.81307,125.559426,137.067074,147.434111,136.114284,136.21608
148,154.217593,146.580185,134.644827,132.695723,130.483491,161.712399,138.407485,130.370556,132.81307,125.559426,137.067074,147.434111,136.114284,136.21608,169.820195
149,146.580185,134.644827,132.695723,130.483491,161.712399,138.407485,130.370556,132.81307,125.559426,137.067074,147.434111,136.114284,136.21608,169.820195,206.207037
150,134.644827,132.695723,130.483491,161.712399,138.407485,130.370556,132.81307,125.559426,137.067074,147.434111,136.114284,136.21608,169.820195,206.207037,207.223904
151,132.695723,130.483491,161.712399,138.407485,130.370556,132.81307,125.559426,137.067074,147.434111,136.114284,136.21608,169.820195,206.207037,207.223904,196.056482
152,130.483491,161.712399,138.407485,130.370556,132.81307,125.559426,137.067074,147.434111,136.114284,136.21608,169.820195,206.207037,207.223904,196.056482,197.257792
153,161.712399,138.407485,130.370556,132.81307,125.559426,137.067074,147.434111,136.114284,136.21608,169.820195,206.207037,207.223904,196.056482,197.257792,181.668212
154,138.407485,130.370556,132.81307,125.559426,137.067074,147.434111,136.114284,136.21608,169.820195,206.207037,207.223904,196.056482,197.257792,181.668212,201.862228
155,130.370556,132.81307,125.559426,137.067074,147.434111,136.114284,136.21608,169.820195,206.207037,207.223904,196.056482,197.257792,181.668212,201.862228,253.465887
156,132.81307,125.559426,137.067074,147.434111,136.114284,136.21608,169.820195,206.207037,207.223904,196.056482,197.257792,181.668212,201.862228,253.465887,244.026927
157,125.559426,137.067074,147.434111,136.114284,136.21608,169.820195,206.207037,207.223904,196.056482,197.257792,181.668212,201.862228,253.465887,244.026927,241.747554
158,137.067074,147.434111,136.114284,136.21608,169.820195,206.207037,207.223904,196.056482,197.257792,181.668212,201.862228,253.465887,244.026927,241.747554,250.210555
159,147.434111,136.114284,136.21608,169.820195,206.207037,207.223904,196.056482,197.257792,181.668212,201.862228,253.465887,244.026927,241.747554,250.210555,264.027375
160,136.114284,136.21608,169.820195,206.207037,207.223904,196.056482,197.257792,181.668212,201.862228,253.465887,244.026927,241.747554,250.210555,264.027375,275.006516
161,136.21608,169.820195,206.207037,207.223904,196.056482,197.257792,181.668212,201.862228,253.465887,244.026927,241.747554,250.210555,264.027375,275.006516,280.451793
162,169.820195,206.207037,207.223904,196.056482,197.257792,181.668212,201.862228,253.465887,244.026927,241.747554,250.210555,264.027375,275.006516,280.451793,211.839069
163,206.207037,207.223904,196.056482,197.257792,181.668212,201.862228,253.465887,244.026927,241.747554,250.210555,264.027375,275.006516,280.451793,211.839069,243.128671
164,207.223904,196.056482,197.257792,181.668212,201.862228,253.465887,244.026927,241.747554,250.210555,264.027375,275.006516,280.451793,211.839069,243.128671,267.398115
165,196.056482,197.257792,181.668212,201.862228,253.465887,244.026927,241.747554,250.210555,264.027375,275.006516,280.451793,211.839069,243.128671,267.398115,229.146726
166,197.257792,181.668212,201.862228,253.465887,244.026927,241.747554,250.210555,264.027375,275.006516,280.451793,211.839069,243.128671,267.398115,229.146726,187.323481
167,181.668212,201.862228,253.465887,244.026927,241.747554,250.210555,264.027375,275.006516,280.451793,211.839069,243.128671,267.398115,229.146726,187.323481,162.231008
168,201.862228,253.465887,244.026927,241.747554,250.210555,264.027375,275.006516,280.451793,211.839069,243.128671,267.398115,229.146726,187.323481,162.231008,229.909888
169,253.465887,244.026927,241.747554,250.210555,264.027375,275.006516,280.451793,211.839069,243.128671,267.398115,229.146726,187.323481,162.231008,229.909888,232.912289
170,244.026927,241.747554,250.210555,264.027375,275.006516,280.451793,211.839069,243.128671,267.398115,229.146726,187.323481,162.231008,229.909888,232.912289,270.723525
171,241.747554,250.210555,264.027375,275.006516,280.451793,211.839069,243.128671,267.398115,229.146726,187.323481,162.231008,229.909888,232.912289,270.723525,298.020035
172,250.210555,264.027375,275.006516,280.451793,211.839069,243.128671,267.398115,229.146726,187.323481,162.231008,229.909888,232.912289,270.723525,298.020035,368.797815
173,264.027375,275.006516,280.451793,211.839069,243.128671,267.398115,229.146726,187.323481,162.231008,229.909888,232.912289,270.723525,298.020035,368.797815,329.421283
174,275.006516,280.451793,211.839069,243.128671,267.398115,229.146726,187.323481,162.231008,229.909888,232.912289,270.723525,298.020035,368.797815,329.421283,380.07777
175,280.451793,211.839069,243.128671,267.398115,229.146726,187.323481,162.231008,229.909888,232.912289,270.723525,298.020035,368.797815,329.421283,380.07777,360.007594
176,211.839069,243.128671,267.398115,229.146726,187.323481,162.231008,229.909888,232.912289,270.723525,298.020035,368.797815,329.421283,380.07777,360.007594,337.016577
177,243.128671,267.398115,229.146726,187.323481,162.231008,229.909888,232.912289,270.723525,298.020035,368.797815,329.421283,380.07777,360.007594,337.016577,330.863288
178,267.398115,229.146726,187.323481,162.231008,229.909888,232.912289,270.723525,298.020035,368.797815,329.421283,380.07777,360.007594,337.016577,330.863288,256.201586
179,229.146726,187.323481,162.231008,229.909888,232.912289,270.723525,298.020035,368.797815,329.421283,380.07777,360.007594,337.016577,330.863288,256.201586,366.129309
180,187.323481,162.231008,229.909888,232.912289,270.723525,298.020035,368.797815,329.421283,380.07777,360.007594,337.016577,330.863288,256.201586,366.129309,307.828627
181,162.231008,229.909888,232.912289,270.723525,298.020035,368.797815,329.421283,380.07777,360.007594,337.016577,330.863288,256.201586,366.129309,307.828627,236.30378
182,229.909888,232.912289,270.723525,298.020035,368.797815,329.421283,380.07777,360.007594,337.016577,330.863288,256.201586,366.129309,307.828627,236.30378,320.561228
183,232.912289,270.723525,298.020035,368.797815,329.421283,380.07777,360.007594,337.016577,330.863288,256.201586,366.129309,307.828627,236.30378,320.561228,333.685158
184,270.723525,298.020035,368.797815,329.421283,380.07777,360.007594,337.016577,330.863288,256.201586,366.129309,307.828627,236.30378,320.561228,333.685158,328.024329
185,298.020035,368.797815,329.421283,380.07777,360.007594,337.016577,330.863288,256.201586,366.129309,307.828627,236.30378,320.561228,333.685158,328.024329,292.386296
186,368.797815,329.421283,380.07777,360.007594,337.016577,330.863288,256.201586,366.129309,307.828627,236.30378,320.561228,333.685158,328.024329,292.386296,322.338076
187,329.421283,380.07777,360.007594,337.016577,330.863288,256.201586,366.129309,307.828627,236.30378,320.561228,333.685158,328.024329,292.386296,322.338076,232.666959
188,380.07777,360.007594,337.016577,330.863288,256.201586,366.129309,307.828627,236.30378,320.561228,333.685158,328.024329,292.386296,322.338076,232.666959,217.828267
189,360.007594,337.016577,330.863288,256.201586,366.129309,307.828627,236.30378,320.561228,333.685158,328.024329,292.386296,322.338076,232.666959,217.828267,256.406726
190,337.016577,330.863288,256.201586,366.129309,307.828627,236.30378,320.561228,333.685158,328.024329,292.386296,322.338076,232.666959,217.828267,256.406726,312.58215
191,330.863288,256.201586,366.129309,307.828627,236.30378,320.561228,333.685158,328.024329,292.386296,322.338076,232.666959,217.828267,256.406726,312.58215,270.359182
192,256.201586,366.129309,307.828627,236.30378,320.561228,333.685158,328.024329,292.386296,322.338076,232.666959,217.828267,256.406726,312.58215,270.359182,232.798758
193,366.129309,307.828627,236.30378,320.561228,333.685158,328.024329,292.386296,322.338076,232.666959,217.828267,256.406726,312.58215,270.359182,232.798758,298.62975
194,307.828627,236.30378,320.561228,333.685158,328.024329,292.386296,322.338076,232.666959,217.828267,256.406726,312.58215,270.359182,232.798758,298.62975,268.318576
195,236.30378,320.561228,333.685158,328.024329,292.386296,322.338076,232.666959,217.828267,256.406726,312.58215,270.359182,232.798758,298.62975,268.318576,255.72416
196,320.561228,333.685158,328.024329,292.386296,322.338076,232.666959,217.828267,256.406726,312.58215,270.359182,232.798758,298.62975,268.318576,255.72416,321.793912
197,333.685158,328.024329,292.386296,322.338076,232.666959,217.828267,256.406726,312.58215,270.359182,232.798758,298.62975,268.318576,255.72416,321.793912,314.811163
198,328.024329,292.386296,322.338076,232.666959,217.828267,256.406726,312.58215,270.359182,232.798758,298.62975,268.318576,255.72416,321.793912,314.811163,278.47594
199,292.386296,322.338076,232.666959,217.828267,256.406726,312.58215,270.359182,232.798758,298.62975,268.318576,255.72416,321.793912,314.811163,278.47594,293.847873
200,322.338076,232.666959,217.828267,256.406726,312.58215,270.359182,232.798758,298.62975,268.318576,255.72416,321.793912,314.811163,278.47594,293.847873,278.354483
201,232.666959,217.828267,256.406726,312.58215,270.359182,232.798758,298.62975,268.318576,255.72416,321.793912,314.811163,278.47594,293.847873,278.354483,347.510439
202,217.828267,256.406726,312.58215,270.359182,232.798758,298.62975,268.318576,255.72416,321.793912,314.811163,278.47594,293.847873,278.354483,347.510439,344.013202
203,256.406726,312.58215,270.359182,232.798758,298.62975,268.318576,255.72416,321.793912,314.811163,278.47594,293.847873,278.354483,347.510439,344.013202,354.04341
204,312.58215,270.359182,232.798758,298.62975,268.318576,255.72416,321.793912,314.811163,278.47594,293.847873,278.354483,347.510439,344.013202,354.04341,354.561893
205,270.359182,232.798758,298.62975,268.318576,255.72416,321.793912,314.811163,278.47594,293.847873,278.354483,347.510439,344.013202,354.04341,354.561893,284.373571
206,232.798758,298.62975,268.318576,255.72416,321.793912,314.811163,278.47594,293.847873,278.354483,347.510439,344.013202,354.04341,354.561893,284.373571,331.814232
207,298.62975,268.318576,255.72416,321.793912,314.811163,278.47594,293.847873,278.354483,347.510439,344.013202,354.04341,354.561893,284.373571,331.814232,291.157907
208,268.318576,255.72416,321.793912,314.811163,278.47594,293.847873,278.354483,347.510439,344.013202,354.04341,354.561893,284.373571,331.814232,291.157907,259.647566
209,255.72416,321.793912,314.811163,278.47594,293.847873,278.354483,347.510439,344.013202,354.04341,354.561893,284.373571,331.814232,291.157907,259.647566,246.674753
210,321.793912,314.811163,278.47594,293.847873,278.354483,347.510439,344.013202,354.04341,354.561893,284.373571,331.814232,291.157907,259.647566,246.674753,292.565611
211,314.811163,278.47594,293.847873,278.354483,347.510439,344.013202,354.04341,354.561893,284.373571,331.814232,291.157907,259.647566,246.674753,292.565611,333.31181
212,278.47594,293.847873,278.354483,347.510439,344.013202,354.04341,354.561893,284.373571,331.814232,291.157907,259.647566,246.674753,292.565611,333.31181,239.259385
213,293.847873,278.354483,347.510439,344.013202,354.04341,354.561893,284.373571,331.814232,291.157907,259.647566,246.674753,292.565611,333.31181,239.259385,232.975914
214,278.354483,347.510439,344.013202,354.04341,354.561893,284.373571,331.814232,291.157907,259.647566,246.674753,292.565611,333.31181,239.259385,232.975914,268.482146
215,347.510439,344.013202,354.04341,354.561893,284.373571,331.814232,291.157907,259.647566,246.674753,292.565611,333.31181,239.259385,232.975914,268.482146,231.203554
216,344.013202,354.04341,354.561893,284.373571,331.814232,291.157907,259.647566,246.674753,292.565611,333.31181,239.259385,232.975914,268.482146,231.203554,213.032588
217,354.04341,354.561893,284.373571,331.814232,291.157907,259.647566,246.674753,292.565611,333.31181,239.259385,232.975914,268.482146,231.203554,213.032588,206.038003
218,354.561893,284.373571,331.814232,291.157907,259.647566,246.674753,292.565611,333.31181,239.259385,232.975914,268.482146,231.203554,213.032588,206.038003,207.873535
219,284.373571,331.814232,291.157907,259.647566,246.674753,292.565611,333.31181,239.259385,232.975914,268.482146,231.203554,213.032588,206.038003,207.873535,229.075057
220,331.814232,291.157907,259.647566,246.674753,292.565611,333.31181,239.259385,232.975914,268.482146,231.203554,213.032588,206.038003,207.873535,229.075057,239.926946
221,291.157907,259.647566,246.674753,292.565611,333.31181,239.259385,232.975914,268.482146,231.203554,213.032588,206.038003,207.873535,229.075057,239.926946,208.249348
222,259.647566,246.674753,292.565611,333.31181,239.259385,232.975914,268.482146,231.203554,213.032588,206.038003,207.873535,229.075057,239.926946,208.249348,278.075422
223,246.674753,292.565611,333.31181,239.259385,232.975914,268.482146,231.203554,213.032588,206.038003,207.873535,229.075057,239.926946,208.249348,278.075422,224.390201
224,292.565611,333.31181,239.259385,232.975914,268.482146,231.203554,213.032588,206.038003,207.873535,229.075057,239.926946,208.249348,278.075422,224.390201,214.626292
225,333.31181,239.259385,232.975914,268.482146,231.203554,213.032588,206.038003,207.873535,229.075057,239.926946,208.249348,278.075422,224.390201,214.626292,223.81426
226,239.259385,232.975914,268.482146,231.203554,213.032588,206.038003,207.873535,229.075057,239.926946,208.249348,278.075422,224.390201,214.626292,223.81426,240.759882
227,232.975914,268.482146,231.203554,213.032588,206.038003,207.873535,229.075057,239.926946,208.249348,278.075422,224.390201,214.626292,223.81426,240.759882,223.791687
228,268.482146,231.203554,213.032588,206.038003,207.873535,229.075057,239.926946,208.249348,278.075422,224.390201,214.626292,223.81426,240.759882,223.791687,200.31876
229,231.203554,213.032588,206.038003,207.873535,229.075057,239.926946,208.249348,278.075422,224.390201,214.626292,223.81426,240.759882,223.791687,200.31876,240.893531
230,213.032588,206.038003,207.873535,229.075057,239.926946,208.249348,278.075422,224.390201,214.626292,223.81426,240.759882,223.791687,200.31876,240.893531,223.827885
231,206.038003,207.873535,229.075057,239.926946,208.249348,278.075422,224.390201,214.626292,223.81426,240.759882,223.791687,200.31876,240.893531,223.827885,249.683839
232,207.873535,229.075057,239.926946,208.249348,278.075422,224.390201,214.626292,223.81426,240.759882,223.791687,200.31876,240.893531,223.827885,249.683839,233.304081
233,229.075057,239.926946,208.249348,278.075422,224.390201,214.626292,223.81426,240.759882,223.791687,200.31876,240.893531,223.827885,249.683839,233.304081,229.734953
234,239.926946,208.249348,278.075422,224.390201,214.626292,223.81426,240.759882,223.791687,200.31876,240.893531,223.827885,249.683839,233.304081,229.734953,218.031969
235,208.249348,278.075422,224.390201,214.626292,223.81426,240.759882,223.791687,200.31876,240.893531,223.827885,249.683839,233.304081,229.734953,218.031969,247.637863
236,278.075422,224.390201,214.626292,223.81426,240.759882,223.791687,200.31876,240.893531,223.827885,249.683839,233.304081,229.734953,218.031969,247.637863,237.58457
237,224.390201,214.626292,223.81426,240.759882,223.791687,200.31876,240.893531,223.827885,249.683839,233.304081,229.734953,218.031969,247.637863,237.58457,220.862653
238,214.626292,223.81426,240.759882,223.791687,200.31876,240.893531,223.827885,249.683839,233.304081,229.734953,218.031969,247.637863,237.58457,220.862653,231.174465
239,223.81426,240.759882,223.791687,200.31876,240.893531,223.827885,249.683839,233.304081,229.734953,218.031969,247.637863,237.58457,220.862653,231.174465,278.572778
240,240.759882,223.791687,200.31876,240.893531,223.827885,249.683839,233.304081,229.734953,218.031969,247.637863,237.58457,220.862653,231.174465,278.572778,317.283803
241,223.791687,200.31876,240.893531,223.827885,249.683839,233.304081,229.734953,218.031969,247.637863,237.58457,220.862653,231.174465,278.572778,317.283803,294.720096
242,200.31876,240.893531,223.827885,249.683839,233.304081,229.734953,218.031969,247.637863,237.58457,220.862653,231.174465,278.572778,317.283803,294.720096,272.314512
243,240.893531,223.827885,249.683839,233.304081,229.734953,218.031969,247.637863,237.58457,220.862653,231.174465,278.572778,317.283803,294.720096,272.314512,278.178555
244,223.827885,249.683839,233.304081,229.734953,218.031969,247.637863,237.58457,220.862653,231.174465,278.572778,317.283803,294.720096,272.314512,278.178555,237.862352
245,249.683839,233.304081,229.734953,218.031969,247.637863,237.58457,220.862653,231.174465,278.572778,317.283803,294.720096,272.314512,278.178555,237.862352,179.53874
246,233.304081,229.734953,218.031969,247.637863,237.58457,220.862653,231.174465,278.572778,317.283803,294.720096,272.314512,278.178555,237.862352,179.53874,211.762865
247,229.734953,218.031969,247.637863,237.58457,220.862653,231.174465,278.572778,317.283803,294.720096,272.314512,278.178555,237.862352,179.53874,211.762865,178.731767
248,218.031969,247.637863,237.58457,220.862653,231.174465,278.572778,317.283803,294.720096,272.314512,278.178555,237.862352,179.53874,211.762865,178.731767,157.064904
249,247.637863,237.58457,220.862653,231.174465,278.572778,317.283803,294.720096,272.314512,278.178555,237.862352,179.53874,211.762865,178.731767,157.064904,160.961436
250,237.58457,220.862653,231.174465,278.572778,317.283803,294.720096,272.314512,278.178555,237.862352,179.53874,211.762865,178.731767,157.064904,160.961436,191.906559
251,220.862653,231.174465,278.572778,317.283803,294.720096,272.314512,278.178555,237.862352,179.53874,211.762865,178.731767,157.064904,160.961436,191.906559,162.038387
252,231.174465,278.572778,317.283803,294.720096,272.314512,278.178555,237.862352,179.53874,211.762865,178.731767,157.064904,160.961436,191.906559,162.038387,197.067463
253,278.572778,317.283803,294.720096,272.314512,278.178555,237.862352,179.53874,211.762865,178.731767,157.064904,160.961436,191.906559,162.038387,197.067463,202.457675
254,317.283803,294.720096,272.314512,278.178555,237.862352,179.53874,211.762865,178.731767,157.064904,160.961436,191.906559,162.038387,197.067463,202.457675,208.979577
255,294.720096,272.314512,278.178555,237.862352,179.53874,211.762865,178.731767,157.064904,160.961436,191.906559,162.038387,197.067463,202.457675,208.979577,217.407153
256,272.314512,278.178555,237.862352,179.53874,211.762865,178.731767,157.064904,160.961436,191.906559,162.038387,197.067463,202.457675,208.979577,217.407153,195.344429
257,278.178555,237.862352,179.53874,211.762865,178.731767,157.064904,160.961436,191.906559,162.038387,197.067463,202.457675,208.979577,217.407153,195.344429,142.572942
258,237.862352,179.53874,211.762865,178.731767,157.064904,160.961436,191.906559,162.038387,197.067463,202.457675,208.979577,217.407153,195.344429,142.572942,164.066549
259,179.53874,211.762865,178.731767,157.064904,160.961436,191.906559,162.038387,197.067463,202.457675,208.979577,217.407153,195.344429,142.572942,164.066549,187.68586
260,211.762865,178.731767,157.064904,160.961436,191.906559,162.038387,197.067463,202.457675,208.979577,217.407153,195.344429,142.572942,164.066549,187.68586,206.446799
261,178.731767,157.064904,160.961436,191.906559,162.038387,197.067463,202.457675,208.979577,217.407153,195.344429,142.572942,164.066549,187.68586,206.446799,202.851034
262,157.064904,160.961436,191.906559,162.038387,197.067463,202.457675,208.979577,217.407153,195.344429,142.572942,164.066549,187.68586,206.446799,202.851034,256.733575
263,160.961436,191.906559,162.038387,197.067463,202.457675,208.979577,217.407153,195.344429,142.572942,164.066549,187.68586,206.446799,202.851034,256.733575,236.562678
264,191.906559,162.038387,197.067463,202.457675,208.979577,217.407153,195.344429,142.572942,164.066549,187.68586,206.446799,202.851034,256.733575,236.562678,315.556509
265,162.038387,197.067463,202.457675,208.979577,217.407153,195.344429,142.572942,164.066549,187.68586,206.446799,202.851034,256.733575,236.562678,315.556509,271.382807
266,197.067463,202.457675,208.979577,217.407153,195.344429,142.572942,164.066549,187.68586,206.446799,202.851034,256.733575,236.562678,315.556509,271.382807,220.926906
267,202.457675,208.979577,217.407153,195.344429,142.572942,164.066549,187.68586,206.446799,202.851034,256.733575,236.562678,315.556509,271.382807,220.926906,204.964118
268,208.979577,217.407153,195.344429,142.572942,164.066549,187.68586,206.446799,202.851034,256.733575,236.562678,315.556509,271.382807,220.926906,204.964118,253.762598
269,217.407153,195.344429,142.572942,164.066549,187.68586,206.446799,202.851034,256.733575,236.562678,315.556509,271.382807,220.926906,204.964118,253.762598,298.355139
270,195.344429,142.572942,164.066549,187.68586,206.446799,202.851034,256.733575,236.562678,315.556509,271.382807,220.926906,204.964118,253.762598,298.355139,298.705195
271,142.572942,164.066549,187.68586,206.446799,202.851034,256.733575,236.562678,315.556509,271.382807,220.926906,204.964118,253.762598,298.355139,298.705195,285.92996
272,164.066549,187.68586,206.446799,202.851034,256.733575,236.562678,315.556509,271.382807,220.926906,204.964118,253.762598,298.355139,298.705195,285.92996,307.507774
273,187.68586,206.446799,202.851034,256.733575,236.562678,315.556509,271.382807,220.926906,204.964118,253.762598,298.355139,298.705195,285.92996,307.507774,325.11898
274,206.446799,202.851034,256.733575,236.562678,315.556509,271.382807,220.926906,204.964118,253.762598,298.355139,298.705195,285.92996,307.507774,325.11898,275.223044
275,202.851034,256.733575,236.562678,315.556509,271.382807,220.926906,204.964118,253.762598,298.355139,298.705195,285.92996,307.507774,325.11898,275.223044,271.201049
276,256.733575,236.562678,315.556509,271.382807,220.926906,204.964118,253.762598,298.355139,298.705195,285.92996,307.507774,325.11898,275.223044,271.201049,287.804663
277,236.562678,315.556509,271.382807,220.926906,204.964118,253.762598,298.355139,298.705195,285.92996,307.507774,325.11898,275.223044,271.201049,287.804663,275.933286
278,315.556509,271.382807,220.926906,204.964118,253.762598,298.355139,298.705195,285.92996,307.507774,325.11898,275.223044,271.201049,287.804663,275.933286,259.036728
279,271.382807,220.926906,204.964118,253.762598,298.355139,298.705195,285.92996,307.507774,325.11898,275.223044,271.201049,287.804663,275.933286,259.036728,239.936985
280,220.926906,204.964118,253.762598,298.355139,298.705195,285.92996,307.507774,325.11898,275.223044,271.201049,287.804663,275.933286,259.036728,239.936985,240.035358
281,204.964118,253.762598,298.355139,298.705195,285.92996,307.507774,325.11898,275.223044,271.201049,287.804663,275.933286,259.036728,239.936985,240.035358,277.871505
282,253.762598,298.355139,298.705195,285.92996,307.507774,325.11898,275.223044,271.201049,287.804663,275.933286,259.036728,239.936985,240.035358,277.871505,311.633209
283,298.355139,298.705195,285.92996,307.507774,325.11898,275.223044,271.201049,287.804663,275.933286,259.036728,239.936985,240.035358,277.871505,311.633209,342.130845
284,298.705195,285.92996,307.507774,325.11898,275.223044,271.201049,287.804663,275.933286,259.036728,239.936985,240.035358,277.871505,311.633209,342.130845,305.910743
285,285.92996,307.507774,325.11898,275.223044,271.201049,287.804663,275.933286,259.036728,239.936985,240.035358,277.871505,311.633209,342.130845,305.910743,275.583329
286,307.507774,325.11898,275.223044,271.201049,287.804663,275.933286,259.036728,239.936985,240.035358,277.871505,311.633209,342.130845,305.910743,275.583329,287.160965
287,325.11898,275.223044,271.201049,287.804663,275.933286,259.036728,239.936985,240.035358,277.871505,311.633209,342.130845,305.910743,275.583329,287.160965,268.509499
288,275.223044,271.201049,287.804663,275.933286,259.036728,239.936985,240.035358,277.871505,311.633209,342.130845,305.910743,275.583329,287.160965,268.509499,226.857566
289,271.201049,287.804663,275.933286,259.036728,239.936985,240.035358,277.871505,311.633209,342.130845,305.910743,275.583329,287.160965,268.509499,226.857566,307.761863
290,287.804663,275.933286,259.036728,239.936985,240.035358,277.871505,311.633209,342.130845,305.910743,275.583329,287.160965,268.509499,226.857566,307.761863,314.113992
291,275.933286,259.036728,239.936985,240.035358,277.871505,311.633209,342.130845,305.910743,275.583329,287.160965,268.509499,226.857566,307.761863,314.113992,336.093248
292,259.036728,239.936985,240.035358,277.871505,311.633209,342.130845,305.910743,275.583329,287.160965,268.509499,226.857566,307.761863,314.113992,336.093248,341.388509
293,239.936985,240.035358,277.871505,311.633209,342.130845,305.910743,275.583329,287.160965,268.509499,226.857566,307.761863,314.113992,336.093248,341.388509,328.442655
294,240.035358,277.871505,311.633209,342.130845,305.910743,275.583329,287.160965,268.509499,226.857566,307.761863,314.113992,336.093248,341.388509,328.442655,342.681818
295,277.871505,311.633209,342.130845,305.910743,275.583329,287.160965,268.509499,226.857566,307.761863,314.113992,336.093248,341.388509,328.442655,342.681818,405.199839
296,311.633209,342.130845,305.910743,275.583329,287.160965,268.509499,226.857566,307.761863,314.113992,336.093248,341.388509,328.442655,342.681818,405.199839,400.744558
297,342.130845,305.910743,275.583329,287.160965,268.509499,226.857566,307.761863,314.113992,336.093248,341.388509,328.442655,342.681818,405.199839,400.744558,457.183189
298,305.910743,275.583329,287.160965,268.509499,226.857566,307.761863,314.113992,336.093248,341.388509,328.442655,342.681818,405.199839,400.744558,457.183189,453.833846
299,275.583329,287.160965,268.509499,226.857566,307.761863,314.113992,336.093248,341.388509,328.442655,342.681818,405.199839,400.744558,457.183189,453.833846,472.359774
300,287.160965,268.509499,226.857566,307.761863,314.113992,336.093248,341.388509,328.442655,342.681818,405.199839,400.744558,457.183189,453.833846,472.359774,455.172718
301,268.509499,226.857566,307.761863,314.113992,336.093248,341.388509,328.442655,342.681818,405.199839,400.744558,457.183189,453.833846,472.359774,455.172718,417.017827
302,226.857566,307.761863,314.113992,336.093248,341.388509,328.442655,342.681818,405.199839,400.744558,457.183189,453.833846,472.359774,455.172718,417.017827,428.510061
303,307.761863,314.113992,336.093248,341.388509,328.442655,342.681818,405.199839,400.744558,457.183189,453.833846,472.359774,455.172718,417.017827,428.510061,456.510242
304,314.113992,336.093248,341.388509,328.442655,342.681818,405.199839,400.744558,457.183189,453.833846,472.359774,455.172718,417.017827,428.510061,456.510242,448.614207
305,336.093248,341.388509,328.442655,342.681818,405.199839,400.744558,457.183189,453.833846,472.359774,455.172718,417.017827,428.510061,456.510242,448.614207,418.913633
306,341.388509,328.442655,342.681818,405.199839,400.744558,457.183189,453.833846,472.359774,455.172718,417.017827,428.510061,456.510242,448.614207,418.913633,428.482194
307,328.442655,342.681818,405.199839,400.744558,457.183189,453.833846,472.359774,455.172718,417.017827,428.510061,456.510242,448.614207,418.913633,428.482194,415.804997
308,342.681818,405.199839,400.744558,457.183189,453.833846,472.359774,455.172718,417.017827,428.510061,456.510242,448.614207,418.913633,428.482194,415.804997,451.065272
309,405.199839,400.744558,457.183189,453.833846,472.359774,455.172718,417.017827,428.510061,456.510242,448.614207,418.913633,428.482194,415.804997,451.065272,461.486744
310,400.744558,457.183189,453.833846,472.359774,455.172718,417.017827,428.510061,456.510242,448.614207,418.913633,428.482194,415.804997,451.065272,461.486744,388.141855
311,457.183189,453.833846,472.359774,455.172718,417.017827,428.510061,456.510242,448.614207,418.913633,428.482194,415.804997,451.065272,461.486744,388.141855,415.37278
312,453.833846,472.359774,455.172718,417.017827,428.510061,456.510242,448.614207,418.913633,428.482194,415.804997,451.065272,461.486744,388.141855,415.37278,426.586771
313,472.359774,455.172718,417.017827,428.510061,456.510242,448.614207,418.913633,428.482194,415.804997,451.065272,461.486744,388.141855,415.37278,426.586771,409.402213
314,455.172718,417.017827,428.510061,456.510242,448.614207,418.913633,428.482194,415.804997,451.065272,461.486744,388.141855,415.37278,426.586771,409.402213,386.961685
315,417.017827,428.510061,456.510242,448.614207,418.913633,428.482194,415.804997,451.065272,461.486744,388.141855,415.37278,426.586771,409.402213,386.961685,449.082582
316,428.510061,456.510242,448.614207,418.913633,428.482194,415.804997,451.065272,461.486744,388.141855,415.37278,426.586771,409.402213,386.961685,449.082582,446.816759
317,456.510242,448.614207,418.913633,428.482194,415.804997,451.065272,461.486744,388.141855,415.37278,426.586771,409.402213,386.961685,449.082582,446.816759,410.904211
318,448.614207,418.913633,428.482194,415.804997,451.065272,461.486744,388.141855,415.37278,426.586771,409.402213,386.961685,449.082582,446.816759,410.904211,426.021676
319,418.913633,428.482194,415.804997,451.065272,461.486744,388.141855,415.37278,426.586771,409.402213,386.961685,449.082582,446.816759,410.904211,426.021676,379.009671
320,428.482194,415.804997,451.065272,461.486744,388.141855,415.37278,426.586771,409.402213,386.961685,449.082582,446.816759,410.904211,426.021676,379.009671,366.153863
321,415.804997,451.065272,461.486744,388.141855,415.37278,426.586771,409.402213,386.961685,449.082582,446.816759,410.904211,426.021676,379.009671,366.153863,379.972169
322,451.065272,461.486744,388.141855,415.37278,426.586771,409.402213,386.961685,449.082582,446.816759,410.904211,426.021676,379.009671,366.153863,379.972169,405.170651
323,461.486744,388.141855,415.37278,426.586771,409.402213,386.961685,449.082582,446.816759,410.904211,426.021676,379.009671,366.153863,379.972169,405.170651,472.672105
324,388.141855,415.37278,426.586771,409.402213,386.961685,449.082582,446.816759,410.904211,426.021676,379.009671,366.153863,379.972169,405.170651,472.672105,509.437243
325,415.37278,426.586771,409.402213,386.961685,449.082582,446.816759,410.904211,426.021676,379.009671,366.153863,379.972169,405.170651,472.672105,509.437243,471.258785
326,426.586771,409.402213,386.961685,449.082582,446.816759,410.904211,426.021676,379.009671,366.153863,379.972169,405.170651,472.672105,509.437243,471.258785,448.537781
327,409.402213,386.961685,449.082582,446.816759,410.904211,426.021676,379.009671,366.153863,379.972169,405.170651,472.672105,509.437243,471.258785,448.537781,429.316419
328,386.961685,449.082582,446.816759,410.904211,426.021676,379.009671,366.153863,379.972169,405.170651,472.672105,509.437243,471.258785,448.537781,429.316419,425.005239
329,449.082582,446.816759,410.904211,426.021676,379.009671,366.153863,379.972169,405.170651,472.672105,509.437243,471.258785,448.537781,429.316419,425.005239,432.791048
330,446.816759,410.904211,426.021676,379.009671,366.153863,379.972169,405.170651,472.672105,509.437243,471.258785,448.537781,429.316419,425.005239,432.791048,379.847349
331,410.904211,426.021676,379.009671,366.153863,379.972169,405.170651,472.672105,509.437243,471.258785,448.537781,429.316419,425.005239,432.791048,379.847349,341.249814
332,426.021676,379.009671,366.153863,379.972169,405.170651,472.672105,509.437243,471.258785,448.537781,429.316419,425.005239,432.791048,379.847349,341.249814,411.00291
333,379.009671,366.153863,379.972169,405.170651,472.672105,509.437243,471.258785,448.537781,429.316419,425.005239,432.791048,379.847349,341.249814,411.00291,392.746786
334,366.153863,379.972169,405.170651,472.672105,509.437243,471.258785,448.537781,429.316419,425.005239,432.791048,379.847349,341.249814,411.00291,392.746786,370.11826
335,379.972169,405.170651,472.672105,509.437243,471.258785,448.537781,429.316419,425.005239,432.791048,379.847349,341.249814,411.00291,392.746786,370.11826,472.218651
336,405.170651,472.672105,509.437243,471.258785,448.537781,429.316419,425.005239,432.791048,379.847349,341.249814,411.00291,392.746786,370.11826,472.218651,477.562882
337,472.672105,509.437243,471.258785,448.537781,429.316419,425.005239,432.791048,379.847349,341.249814,411.00291,392.746786,370.11826,472.218651,477.562882,435.732177
338,509.437243,471.258785,448.537781,429.316419,425.005239,432.791048,379.847349,341.249814,411.00291,392.746786,370.11826,472.218651,477.562882,435.732177,482.999332
339,471.258785,448.537781,429.316419,425.005239,432.791048,379.847349,341.249814,411.00291,392.746786,370.11826,472.218651,477.562882,435.732177,482.999332,497.735155
340,448.537781,429.316419,425.005239,432.791048,379.847349,341.249814,411.00291,392.746786,370.11826,472.218651,477.562882,435.732177,482.999332,497.735155,464.376695
341,429.316419,425.005239,432.791048,379.847349,341.249814,411.00291,392.746786,370.11826,472.218651,477.562882,435.732177,482.999332,497.735155,464.376695,476.910344
342,425.005239,432.791048,379.847349,341.249814,411.00291,392.746786,370.11826,472.218651,477.562882,435.732177,482.999332,497.735155,464.376695,476.910344,542.177202
343,432.791048,379.847349,341.249814,411.00291,392.746786,370.11826,472.218651,477.562882,435.732177,482.999332,497.735155,464.376695,476.910344,542.177202,516.245843
344,379.847349,341.249814,411.00291,392.746786,370.11826,472.218651,477.562882,435.732177,482.999332,497.735155,464.376695,476.910344,542.177202,516.245843,473.933497
345,341.249814,411.00291,392.746786,370.11826,472.218651,477.562882,435.732177,482.999332,497.735155,464.376695,476.910344,542.177202,516.245843,473.933497,437.503307
346,411.00291,392.746786,370.11826,472.218651,477.562882,435.732177,482.999332,497.735155,464.376695,476.910344,542.177202,516.245843,473.933497,437.503307,469.546231
347,392.746786,370.11826,472.218651,477.562882,435.732177,482.999332,497.735155,464.376695,476.910344,542.177202,516.245843,473.933497,437.503307,469.546231,397.178833
348,370.11826,472.218651,477.562882,435.732177,482.999332,497.735155,464.376695,476.910344,542.177202,516.245843,473.933497,437.503307,469.546231,397.178833,375.38075
349,472.218651,477.562882,435.732177,482.999332,497.735155,464.376695,476.910344,542.177202,516.245843,473.933497,437.503307,469.546231,397.178833,375.38075,418.137191
350,477.562882,435.732177,482.999332,497.735155,464.376695,476.910344,542.177202,516.245843,473.933497,437.503307,469.546231,397.178833,375.38075,418.137191,421.734978
351,435.732177,482.999332,497.735155,464.376695,476.910344,542.177202,516.245843,473.933497,437.503307,469.546231,397.178833,375.38075,418.137191,421.734978,370.472767
352,482.999332,497.735155,464.376695,476.910344,542.177202,516.245843,473.933497,437.503307,469.546231,397.178833,375.38075,418.137191,421.734978,370.472767,340.112616
353,497.735155,464.376695,476.910344,542.177202,516.245843,473.933497,437.503307,469.546231,397.178833,375.38075,418.137191,421.734978,370.472767,340.112616,356.157321
354,464.376695,476.910344,542.177202,516.245843,473.933497,437.503307,469.546231,397.178833,375.38075,418.137191,421.734978,370.472767,340.112616,356.157321,348.015211
355,476.910344,542.177202,516.245843,473.933497,437.503307,469.546231,397.178833,375.38075,418.137191,421.734978,370.472767,340.112616,356.157321,348.015211,267.119205
356,542.177202,516.245843,473.933497,437.503307,469.546231,397.178833,375.38075,418.137191,421.734978,370.472767,340.112616,356.157321,348.015211,267.119205,245.528617
357,516.245843,473.933497,437.503307,469.546231,397.178833,375.38075,418.137191,421.734978,370.472767,340.112616,356.157321,348.015211,267.119205,245.528617,227.550665
358,473.933497,437.503307,469.546231,397.178833,375.38075,418.137191,421.734978,370.472767,340.112616,356.157321,348.015211,267.119205,245.528617,227.550665,243.520631
359,437.503307,469.546231,397.178833,375.38075,418.137191,421.734978,370.472767,340.112616,356.157321,348.015211,267.119205,245.528617,227.550665,243.520631,239.823521
360,469.546231,397.178833,375.38075,418.137191,421.734978,370.472767,340.112616,356.157321,348.015211,267.119205,245.528617,227.550665,243.520631,239.823521,242.868384
361,397.178833,375.38075,418.137191,421.734978,370.472767,340.112616,356.157321,348.015211,267.119205,245.528617,227.550665,243.520631,239.823521,242.868384,252.753474
362,375.38075,418.137191,421.734978,370.472767,340.112616,356.157321,348.015211,267.119205,245.528617,227.550665,243.520631,239.823521,242.868384,252.753474,242.232351
363,418.137191,421.734978,370.472767,340.112616,356.157321,348.015211,267.119205,245.528617,227.550665,243.520631,239.823521,242.868384,252.753474,242.232351,223.266131
364,421.734978,370.472767,340.112616,356.157321,348.015211,267.119205,245.528617,227.550665,243.520631,239.823521,242.868384,252.753474,242.232351,223.266131,210.696549
365,370.472767,340.112616,356.157321,348.015211,267.119205,245.528617,227.550665,243.520631,239.823521,242.868384,252.753474,242.232351,223.266131,210.696549,221.706142
366,340.112616,356.157321,348.015211,267.119205,245.528617,227.550665,243.520631,239.823521,242.868384,252.753474,242.232351,223.266131,210.696549,221.706142,206.132821
367,356.157321,348.015211,267.119205,245.528617,227.550665,243.520631,239.823521,242.868384,252.753474,242.232351,223.266131,210.696549,221.706142,206.132821,196.922974
368,348.015211,267.119205,245.528617,227.550665,243.520631,239.823521,242.868384,252.753474,242.232351,223.266131,210.696549,221.706142,206.132821,196.922974,209.448747
369,267.119205,245.528617,227.550665,243.520631,239.823521,242.868384,252.753474,242.232351,223.266131,210.696549,221.706142,206.132821,196.922974,209.448747,194.007217
370,245.528617,227.550665,243.520631,239.823521,242.868384,252.753474,242.232351,223.266131,210.696549,221.706142,206.132821,196.922974,209.448747,194.007217,213.137319
371,227.550665,243.520631,239.823521,242.868384,252.753474,242.232351,223.266131,210.696549,221.706142,206.132821,196.922974,209.448747,194.007217,213.137319,186.32577
372,243.520631,239.823521,242.868384,252.753474,242.232351,223.266131,210.696549,221.706142,206.132821,196.922974,209.448747,194.007217,213.137319,186.32577,184.961453
373,239.823521,242.868384,252.753474,242.232351,223.266131,210.696549,221.706142,206.132821,196.922974,209.448747,194.007217,213.137319,186.32577,184.961453,175.294342
374,242.868384,252.753474,242.232351,223.266131,210.696549,221.706142,206.132821,196.922974,209.448747,194.007217,213.137319,186.32577,184.961453,175.294342,175.640278
375,252.753474,242.232351,223.266131,210.696549,221.706142,206.132821,196.922974,209.448747,194.007217,213.137319,186.32577,184.961453,175.294342,175.640278,158.240446
376,242.232351,223.266131,210.696549,221.706142,206.132821,196.922974,209.448747,194.007217,213.137319,186.32577,184.961453,175.294342,175.640278,158.240446,137.405417
377,223.266131,210.696549,221.706142,206.132821,196.922974,209.448747,194.007217,213.137319,186.32577,184.961453,175.294342,175.640278,158.240446,137.405417,136.860661
378,210.696549,221.706142,206.132821,196.922974,209.448747,194.007217,213.137319,186.32577,184.961453,175.294342,175.640278,158.240446,137.405417,136.860661,176.574923
379,221.706142,206.132821,196.922974,209.448747,194.007217,213.137319,186.32577,184.961453,175.294342,175.640278,158.240446,137.405417,136.860661,176.574923,165.31814
380,206.132821,196.922974,209.448747,194.007217,213.137319,186.32577,184.961453,175.294342,175.640278,158.240446,137.405417,136.860661,176.574923,165.31814,156.314422
381,196.922974,209.448747,194.007217,213.137319,186.32577,184.961453,175.294342,175.640278,158.240446,137.405417,136.860661,176.574923,165.31814,156.314422,136.605488
382,209.448747,194.007217,213.137319,186.32577,184.961453,175.294342,175.640278,158.240446,137.405417,136.860661,176.574923,165.31814,156.314422,136.605488,136.029107
383,194.007217,213.137319,186.32577,184.961453,175.294342,175.640278,158.240446,137.405417,136.860661,176.574923,165.31814,156.314422,136.605488,136.029107,145.164225
384,213.137319,186.32577,184.961453,175.294342,175.640278,158.240446,137.405417,136.860661,176.574923,165.31814,156.314422,136.605488,136.029107,145.164225,147.659664
385,186.32577,184.961453,175.294342,175.640278,158.240446,137.405417,136.860661,176.574923,165.31814,156.314422,136.605488,136.029107,145.164225,147.659664,144.286394
386,184.961453,175.294342,175.640278,158.240446,137.405417,136.860661,176.574923,165.31814,156.314422,136.605488,136.029107,145.164225,147.659664,144.286394,155.93431
387,175.294342,175.640278,158.240446,137.405417,136.860661,176.574923,165.31814,156.314422,136.605488,136.029107,145.164225,147.659664,144.286394,155.93431,160.394332
388,175.640278,158.240446,137.405417,136.860661,176.574923,165.31814,156.314422,136.605488,136.029107,145.164225,147.659664,144.286394,155.93431,160.394332,150.672378
389,158.240446,137.405417,136.860661,176.574923,165.31814,156.314422,136.605488,136.029107,145.164225,147.659664,144.286394,155.93431,160.394332,150.672378,145.998632
390,137.405417,136.860661,176.574923,165.31814,156.314422,136.605488,136.029107,145.164225,147.659664,144.286394,155.93431,160.394332,150.672378,145.998632,130.011195
391,136.860661,176.574923,165.31814,156.314422,136.605488,136.029107,145.164225,147.659664,144.286394,155.93431,160.394332,150.672378,145.998632,130.011195,139.011153
392,176.574923,165.31814,156.314422,136.605488,136.029107,145.164225,147.659664,144.286394,155.93431,160.394332,150.672378,145.998632,130.011195,139.011153,144.252394
393,165.31814,156.314422,136.605488,136.029107,145.164225,147.659664,144.286394,155.93431,160.394332,150.672378,145.998632,130.011195,139.011153,144.252394,155.429147
394,156.314422,136.605488,136.029107,145.164225,147.659664,144.286394,155.93431,160.394332,150.672378,145.998632,130.011195,139.011153,144.252394,155.429147,172.217807
395,136.605488,136.029107,145.164225,147.659664,144.286394,155.93431,160.394332,150.672378,145.998632,130.011195,139.011153,144.252394,155.429147,172.217807,179.211879
396,136.029107,145.164225,147.659664,144.286394,155.93431,160.394332,150.672378,145.998632,130.011195,139.011153,144.252394,155.429147,172.217807,179.211879,165.675534
397,145.164225,147.659664,144.286394,155.93431,160.394332,150.672378,145.998632,130.011195,139.011153,144.252394,155.429147,172.217807,179.211879,165.675534,170.357045
398,147.659664,144.286394,155.93431,160.394332,150.672378,145.998632,130.011195,139.011153,144.252394,155.429147,172.217807,179.211879,165.675534,170.357045,184.062109
399,144.286394,155.93431,160.394332,150.672378,145.998632,130.011195,139.011153,144.252394,155.429147,172.217807,179.211879,165.675534,170.357045,184.062109,182.47948
400,155.93431,160.394332,150.672378,145.998632,130.011195,139.011153,144.252394,155.429147,172.217807,179.211879,165.675534,170.357045,184.062109,182.47948,179.032664
401,160.394332,150.672378,145.998632,130.011195,139.011153,144.252394,155.429147,172.217807,179.211879,165.675534,170.357045,184.062109,182.47948,179.032664,155.294726
402,150.672378,145.998632,130.011195,139.011153,144.252394,155.429147,172.217807,179.211879,165.675534,170.357045,184.062109,182.47948,179.032664,155.294726,144.064231
403,145.998632,130.011195,139.011153,144.252394,155.429147,172.217807,179.211879,165.675534,170.357045,184.062109,182.47948,179.032664,155.294726,144.064231,145.961868
404,130.011195,139.011153,144.252394,155.429147,172.217807,179.211879,165.675534,170.357045,184.062109,182.47948,179.032664,155.294726,144.064231,145.961868,158.300623
405,139.011153,144.252394,155.429147,172.217807,179.211879,165.675534,170.357045,184.062109,182.47948,179.032664,155.294726,144.064231,145.961868,158.300623,145.127089
406,144.252394,155.429147,172.217807,179.211879,165.675534,170.357045,184.062109,182.47948,179.032664,155.294726,144.064231,145.961868,158.300623,145.127089,141.225961
407,155.429147,172.217807,179.211879,165.675534,170.357045,184.062109,182.47948,179.032664,155.294726,144.064231,145.961868,158.300623,145.127089,141.225961,130.213726
408,172.217807,179.211879,165.675534,170.357045,184.062109,182.47948,179.032664,155.294726,144.064231,145.961868,158.300623,145.127089,141.225961,130.213726,131.44303
409,179.211879,165.675534,170.357045,184.062109,182.47948,179.032664,155.294726,144.064231,145.961868,158.300623,145.127089,141.225961,130.213726,131.44303,128.777636
410,165.675534,170.357045,184.062109,182.47948,179.032664,155.294726,144.064231,145.961868,158.300623,145.127089,141.225961,130.213726,131.44303,128.777636,122.057152
411,170.357045,184.062109,182.47948,179.032664,155.294726,144.064231,145.961868,158.300623,145.127089,141.225961,130.213726,131.44303,128.777636,122.057152,130.918137
412,184.062109,182.47948,179.032664,155.294726,144.064231,145.961868,158.300623,145.127089,141.225961,130.213726,131.44303,128.777636,122.057152,130.918137,139.648505
413,182.47948,179.032664,155.294726,144.064231,145.961868,158.300623,145.127089,141.225961,130.213726,131.44303,128.777636,122.057152,130.918137,139.648505,124.870556
414,179.032664,155.294726,144.064231,145.961868,158.300623,145.127089,141.225961,130.213726,131.44303,128.777636,122.057152,130.918137,139.648505,124.870556,126.220499
415,155.294726,144.064231,145.961868,158.300623,145.127089,141.225961,130.213726,131.44303,128.777636,122.057152,130.918137,139.648505,124.870556,126.220499,123.498844
416,144.064231,145.961868,158.300623,145.127089,141.225961,130.213726,131.44303,128.777636,122.057152,130.918137,139.648505,124.870556,126.220499,123.498844,131.276397
417,145.961868,158.300623,145.127089,141.225961,130.213726,131.44303,128.777636,122.057152,130.918137,139.648505,124.870556,126.220499,123.498844,131.276397,143.096691
418,158.300623,145.127089,141.225961,130.213726,131.44303,128.777636,122.057152,130.918137,139.648505,124.870556,126.220499,123.498844,131.276397,143.096691,141.989027
419,145.127089,141.225961,130.213726,131.44303,128.777636,122.057152,130.918137,139.648505,124.870556,126.220499,123.498844,131.276397,143.096691,141.989027,151.978368
420,141.225961,130.213726,131.44303,128.777636,122.057152,130.918137,139.648505,124.870556,126.220499,123.498844,131.276397,143.096691,141.989027,151.978368,159.019742
421,130.213726,131.44303,128.777636,122.057152,130.918137,139.648505,124.870556,126.220499,123.498844,131.276397,143.096691,141.989027,151.978368,159.019742,140.849261
422,131.44303,128.777636,122.057152,130.918137,139.648505,124.870556,126.220499,123.498844,131.276397,143.096691,141.989027,151.978368,159.019742,140.849261,128.427702
423,128.777636,122.057152,130.918137,139.648505,124.870556,126.220499,123.498844,131.276397,143.096691,141.989027,151.978368,159.019742,140.849261,128.427702,121.697621
424,122.057152,130.918137,139.648505,124.870556,126.220499,123.498844,131.276397,143.096691,141.989027,151.978368,159.019742,140.849261,128.427702,121.697621,130.968786
425,130.918137,139.648505,124.870556,126.220499,123.498844,131.276397,143.096691,141.989027,151.978368,159.019742,140.849261,128.427702,121.697621,130.968786,136.076815
426,139.648505,124.870556,126.220499,123.498844,131.276397,143.096691,141.989027,151.978368,159.019742,140.849261,128.427702,121.697621,130.968786,136.076815,126.184327
427,124.870556,126.220499,123.498844,131.276397,143.096691,141.989027,151.978368,159.019742,140.849261,128.427702,121.697621,130.968786,136.076815,126.184327,123.39386
428,126.220499,123.498844,131.276397,143.096691,141.989027,151.978368,159.019742,140.849261,128.427702,121.697621,130.968786,136.076815,126.184327,123.39386,126.828876
429,123.498844,131.276397,143.096691,141.989027,151.978368,159.019742,140.849261,128.427702,121.697621,130.968786,136.076815,126.184327,123.39386,126.828876,123.286711
430,131.276397,143.096691,141.989027,151.978368,159.019742,140.849261,128.427702,121.697621,130.968786,136.076815,126.184327,123.39386,126.828876,123.286711,148.609764
431,143.096691,141.989027,151.978368,159.019742,140.849261,128.427702,121.697621,130.968786,136.076815,126.184327,123.39386,126.828876,123.286711,148.609764,145.380329
432,141.989027,151.978368,159.019742,140.849261,128.427702,121.697621,130.968786,136.076815,126.184327,123.39386,126.828876,123.286711,148.609764,145.380329,137.929786
433,151.978368,159.019742,140.849261,128.427702,121.697621,130.968786,136.076815,126.184327,123.39386,126.828876,123.286711,148.609764,145.380329,137.929786,141.896153
434,159.019742,140.849261,128.427702,121.697621,130.968786,136.076815,126.184327,123.39386,126.828876,123.286711,148.609764,145.380329,137.929786,141.896153,129.190401
435,140.849261,128.427702,121.697621,130.968786,136.076815,126.184327,123.39386,126.828876,123.286711,148.609764,145.380329,137.929786,141.896153,129.190401,153.800229
436,128.427702,121.697621,130.968786,136.076815,126.184327,123.39386,126.828876,123.286711,148.609764,145.380329,137.929786,141.896153,129.190401,153.800229,174.096333
437,121.697621,130.968786,136.076815,126.184327,123.39386,126.828876,123.286711,148.609764,145.380329,137.929786,141.896153,129.190401,153.800229,174.096333,194.122023
438,130.968786,136.076815,126.184327,123.39386,126.828876,123.286711,148.609764,145.380329,137.929786,141.896153,129.190401,153.800229,174.096333,194.122023,234.699404
439,136.076815,126.184327,123.39386,126.828876,123.286711,148.609764,145.380329,137.929786,141.896153,129.190401,153.800229,174.096333,194.122023,234.699404,212.019237
440,126.184327,123.39386,126.828876,123.286711,148.609764,145.380329,137.929786,141.896153,129.190401,153.800229,174.096333,194.122023,234.699404,212.019237,186.981897
441,123.39386,126.828876,123.286711,148.609764,145.380329,137.929786,141.896153,129.190401,153.800229,174.096333,194.122023,234.699404,212.019237,186.981897,212.441909
442,126.828876,123.286711,148.609764,145.380329,137.929786,141.896153,129.190401,153.800229,174.096333,194.122023,234.699404,212.019237,186.981897,212.441909,207.576583
443,123.286711,148.609764,145.380329,137.929786,141.896153,129.190401,153.800229,174.096333,194.122023,234.699404,212.019237,186.981897,212.441909,207.576583,183.296264
444,148.609764,145.380329,137.929786,141.896153,129.190401,153.800229,174.096333,194.122023,234.699404,212.019237,186.981897,212.441909,207.576583,183.296264,184.872142
445,145.380329,137.929786,141.896153,129.190401,153.800229,174.096333,194.122023,234.699404,212.019237,186.981897,212.441909,207.576583,183.296264,184.872142,215.703693
446,137.929786,141.896153,129.190401,153.800229,174.096333,194.122023,234.699404,212.019237,186.981897,212.441909,207.576583,183.296264,184.872142,215.703693,223.100569
447,141.896153,129.190401,153.800229,174.096333,194.122023,234.699404,212.019237,186.981897,212.441909,207.576583,183.296264,184.872142,215.703693,223.100569,232.273858
448,129.190401,153.800229,174.096333,194.122023,234.699404,212.019237,186.981897,212.441909,207.576583,183.296264,184.872142,215.703693,223.100569,232.273858,204.809282
449,153.800229,174.096333,194.122023,234.699404,212.019237,186.981897,212.441909,207.576583,183.296264,184.872142,215.703693,223.100569,232.273858,204.809282,222.240879
450,174.096333,194.122023,234.699404,212.019237,186.981897,212.441909,207.576583,183.296264,184.872142,215.703693,223.100569,232.273858,204.809282,222.240879,229.323292
451,194.122023,234.699404,212.019237,186.981897,212.441909,207.576583,183.296264,184.872142,215.703693,223.100569,232.273858,204.809282,222.240879,229.323292,235.125695
452,234.699404,212.019237,186.981897,212.441909,207.576583,183.296264,184.872142,215.703693,223.100569,232.273858,204.809282,222.240879,229.323292,235.125695,275.521082
453,212.019237,186.981897,212.441909,207.576583,183.296264,184.872142,215.703693,223.100569,232.273858,204.809282,222.240879,229.323292,235.125695,275.521082,306.816157
454,186.981897,212.441909,207.576583,183.296264,184.872142,215.703693,223.100569,232.273858,204.809282,222.240879,229.323292,235.125695,275.521082,306.816157,313.543231
455,212.441909,207.576583,183.296264,184.872142,215.703693,223.100569,232.273858,204.809282,222.240879,229.323292,235.125695,275.521082,306.816157,313.543231,319.546702
456,207.576583,183.296264,184.872142,215.703693,223.100569,232.273858,204.809282,222.240879,229.323292,235.125695,275.521082,306.816157,313.543231,319.546702,302.43288
457,183.296264,184.872142,215.703693,223.100569,232.273858,204.809282,222.240879,229.323292,235.125695,275.521082,306.816157,313.543231,319.546702,302.43288,299.905681
458,184.872142,215.703693,223.100569,232.273858,204.809282,222.240879,229.323292,235.125695,275.521082,306.816157,313.543231,319.546702,302.43288,299.905681,292.061648
459,215.703693,223.100569,232.273858,204.809282,222.240879,229.323292,235.125695,275.521082,306.816157,313.543231,319.546702,302.43288,299.905681,292.061648,322.659647
460,223.100569,232.273858,204.809282,222.240879,229.323292,235.125695,275.521082,306.816157,313.543231,319.546702,302.43288,299.905681,292.061648,322.659647,335.613052
461,232.273858,204.809282,222.240879,229.323292,235.125695,275.521082,306.816157,313.543231,319.546702,302.43288,299.905681,292.061648,322.659647,335.613052,366.140401
462,204.809282,222.240879,229.323292,235.125695,275.521082,306.816157,313.543231,319.546702,302.43288,299.905681,292.061648,322.659647,335.613052,366.140401,368.977853
463,222.240879,229.323292,235.125695,275.521082,306.816157,313.543231,319.546702,302.43288,299.905681,292.061648,322.659647,335.613052,366.140401,368.977853,354.607635
464,229.323292,235.125695,275.521082,306.816157,313.543231,319.546702,302.43288,299.905681,292.061648,322.659647,335.613052,366.140401,368.977853,354.607635,304.606609
465,235.125695,275.521082,306.816157,313.543231,319.546702,302.43288,299.905681,292.061648,322.659647,335.613052,366.140401,368.977853,354.607635,304.606609,317.024853
466,275.521082,306.816157,313.543231,319.546702,302.43288,299.905681,292.061648,322.659647,335.613052,366.140401,368.977853,354.607635,304.606609,317.024853,328.634071
467,306.816157,313.543231,319.546702,302.43288,299.905681,292.061648,322.659647,335.613052,366.140401,368.977853,354.607635,304.606609,317.024853,328.634071,385.205477
468,313.543231,319.546702,302.43288,299.905681,292.061648,322.659647,335.613052,366.140401,368.977853,354.607635,304.606609,317.024853,328.634071,385.205477,413.474751
469,319.546702,302.43288,299.905681,292.061648,322.659647,335.613052,366.140401,368.977853,354.607635,304.606609,317.024853,328.634071,385.205477,413.474751,418.183542
470,302.43288,299.905681,292.061648,322.659647,335.613052,366.140401,368.977853,354.607635,304.606609,317.024853,328.634071,385.205477,413.474751,418.183542,358.788632
471,299.905681,292.061648,322.659647,335.613052,366.140401,368.977853,354.607635,304.606609,317.024853,328.634071,385.205477,413.474751,418.183542,358.788632,278.42123
472,292.061648,322.659647,335.613052,366.140401,368.977853,354.607635,304.606609,317.024853,328.634071,385.205477,413.474751,418.183542,358.788632,278.42123,390.030408
473,322.659647,335.613052,366.140401,368.977853,354.607635,304.606609,317.024853,328.634071,385.205477,413.474751,418.183542,358.788632,278.42123,390.030408,383.138659
474,335.613052,366.140401,368.977853,354.607635,304.606609,317.024853,328.634071,385.205477,413.474751,418.183542,358.788632,278.42123,390.030408,383.138659,285.580358
475,366.140401,368.977853,354.607635,304.606609,317.024853,328.634071,385.205477,413.474751,418.183542,358.788632,278.42123,390.030408,383.138659,285.580358,283.19549
476,368.977853,354.607635,304.606609,317.024853,328.634071,385.205477,413.474751,418.183542,358.788632,278.42123,390.030408,383.138659,285.580358,283.19549,302.111466
477,354.607635,304.606609,317.024853,328.634071,385.205477,413.474751,418.183542,358.788632,278.42123,390.030408,383.138659,285.580358,283.19549,302.111466,264.39833
478,304.606609,317.024853,328.634071,385.205477,413.474751,418.183542,358.788632,278.42123,390.030408,383.138659,285.580358,283.19549,302.111466,264.39833,319.040801
479,317.024853,328.634071,385.205477,413.474751,418.183542,358.788632,278.42123,390.030408,383.138659,285.580358,283.19549,302.111466,264.39833,319.040801,298.607943
480,328.634071,385.205477,413.474751,418.183542,358.788632,278.42123,390.030408,383.138659,285.580358,283.19549,302.111466,264.39833,319.040801,298.607943,271.81196
481,385.205477,413.474751,418.183542,358.788632,278.42123,390.030408,383.138659,285.580358,283.19549,302.111466,264.39833,319.040801,298.607943,271.81196,312.335867
482,413.474751,418.183542,358.788632,278.42123,390.030408,383.138659,285.580358,283.19549,302.111466,264.39833,319.040801,298.607943,271.81196,312.335867,300.067506
483,418.183542,358.788632,278.42123,390.030408,383.138659,285.580358,283.19549,302.111466,264.39833,319.040801,298.607943,271.81196,312.335867,300.067506,314.375665
484,358.788632,278.42123,390.030408,383.138659,285.580358,283.19549,302.111466,264.39833,319.040801,298.607943,271.81196,312.335867,300.067506,314.375665,345.156471
485,278.42123,390.030408,383.138659,285.580358,283.19549,302.111466,264.39833,319.040801,298.607943,271.81196,312.335867,300.067506,314.375665,345.156471,299.444435
486,390.030408,383.138659,285.580358,283.19549,302.111466,264.39833,319.040801,298.607943,271.81196,312.335867,300.067506,314.375665,345.156471,299.444435,346.322272
487,383.138659,285.580358,283.19549,302.111466,264.39833,319.040801,298.607943,271.81196,312.335867,300.067506,314.375665,345.156471,299.444435,346.322272,343.398845
488,285.580358,283.19549,302.111466,264.39833,319.040801,298.607943,271.81196,312.335867,300.067506,314.375665,345.156471,299.444435,346.322272,343.398845,398.138348
489,283.19549,302.111466,264.39833,319.040801,298.607943,271.81196,312.335867,300.067506,314.375665,345.156471,299.444435,346.322272,343.398845,398.138348,389.557717
490,302.111466,264.39833,319.040801,298.607943,271.81196,312.335867,300.067506,314.375665,345.156471,299.444435,346.322272,343.398845,398.138348,389.557717,320.243191
491,264.39833,319.040801,298.607943,271.81196,312.335867,300.067506,314.375665,345.156471,299.444435,346.322272,343.398845,398.138348,389.557717,320.243191,390.093289
492,319.040801,298.607943,271.81196,312.335867,300.067506,314.375665,345.156471,299.444435,346.322272,343.398845,398.138348,389.557717,320.243191,390.093289,380.131375
493,298.607943,271.81196,312.335867,300.067506,314.375665,345.156471,299.444435,346.322272,343.398845,398.138348,389.557717,320.243191,390.093289,380.131375,411.797109
494,271.81196,312.335867,300.067506,314.375665,345.156471,299.444435,346.322272,343.398845,398.138348,389.557717,320.243191,390.093289,380.131375,411.797109,357.152599
495,312.335867,300.067506,314.375665,345.156471,299.444435,346.322272,343.398845,398.138348,389.557717,320.243191,390.093289,380.131375,411.797109,357.152599,390.536009
496,300.067506,314.375665,345.156471,299.444435,346.322272,343.398845,398.138348,389.557717,320.243191,390.093289,380.131375,411.797109,357.152599,390.536009,300.151943
497,314.375665,345.156471,299.444435,346.322272,343.398845,398.138348,389.557717,320.243191,390.093289,380.131375,411.797109,357.152599,390.536009,300.151943,276.152156
498,345.156471,299.444435,346.322272,343.398845,398.138348,389.557717,320.243191,390.093289,380.131375,411.797109,357.152599,390.536009,300.151943,276.152156,318.108678
499,299.444435,346.322272,343.398845,398.138348,389.557717,320.243191,390.093289,380.131375,411.797109,357.152599,390.536009,300.151943,276.152156,318.108678,331.830324
500,346.322272,343.398845,398.138348,389.557717,320.243191,390.093289,380.131375,411.797109,357.152599,390.536009,300.151943,276.152156,318.108678,331.830324,282.23697
501,343.398845,398.138348,389.557717,320.243191,390.093289,380.131375,411.797109,357.152599,390.536009,300.151943,276.152156,318.108678,331.830324,282.23697,267.596899
502,398.138348,389.557717,320.243191,390.093289,380.131375,411.797109,357.152599,390.536009,300.151943,276.152156,318.108678,331.830324,282.23697,267.596899,263.437464
503,389.557717,320.243191,390.093289,380.131375,411.797109,357.152599,390.536009,300.151943,276.152156,318.108678,331.830324,282.23697,267.596899,263.437464,293.546117
504,320.243191,390.093289,380.131375,411.797109,357.152599,390.536009,300.151943,276.152156,318.108678,331.830324,282.23697,267.596899,263.437464,293.546117,275.157935
505,390.093289,380.131375,411.797109,357.152599,390.536009,300.151943,276.152156,318.108678,331.830324,282.23697,267.596899,263.437464,293.546117,275.157935,238.425493
506,380.131375,411.797109,357.152599,390.536009,300.151943,276.152156,318.108678,331.830324,282.23697,267.596899,263.437464,293.546117,275.157935,238.425493,229.792497
507,411.797109,357.152599,390.536009,300.151943,276.152156,318.108678,331.830324,282.23697,267.596899,263.437464,293.546117,275.157935,238.425493,229.792497,254.055837
508,357.152599,390.536009,300.151943,276.152156,318.108678,331.830324,282.23697,267.596899,263.437464,293.546117,275.157935,238.425493,229.792497,254.055837,256.796781
509,390.536009,300.151943,276.152156,318.108678,331.830324,282.23697,267.596899,263.437464,293.546117,275.157935,238.425493,229.792497,254.055837,256.796781,269.533363
510,300.151943,276.152156,318.108678,331.830324,282.23697,267.596899,263.437464,293.546117,275.157935,238.425493,229.792497,254.055837,256.796781,269.533363,267.174772
511,276.152156,318.108678,331.830324,282.23697,267.596899,263.437464,293.546117,275.157935,238.425493,229.792497,254.055837,256.796781,269.533363,267.174772,273.933625
512,318.108678,331.830324,282.23697,267.596899,263.437464,293.546117,275.157935,238.425493,229.792497,254.055837,256.796781,269.533363,267.174772,273.933625,323.586409
513,331.830324,282.23697,267.596899,263.437464,293.546117,275.157935,238.425493,229.792497,254.055837,256.796781,269.533363,267.174772,273.933625,323.586409,362.89812
514,282.23697,267.596899,263.437464,293.546117,275.157935,238.425493,229.792497,254.055837,256.796781,269.533363,267.174772,273.933625,323.586409,362.89812,323.783303
515,267.596899,263.437464,293.546117,275.157935,238.425493,229.792497,254.055837,256.796781,269.533363,267.174772,273.933625,323.586409,362.89812,323.783303,303.511519
516,263.437464,293.546117,275.157935,238.425493,229.792497,254.055837,256.796781,269.533363,267.174772,273.933625,323.586409,362.89812,323.783303,303.511519,247.302052
517,293.546117,275.157935,238.425493,229.792497,254.055837,256.796781,269.533363,267.174772,273.933625,323.586409,362.89812,323.783303,303.511519,247.302052,232.210978
518,275.157935,238.425493,229.792497,254.055837,256.796781,269.533363,267.174772,273.933625,323.586409,362.89812,323.783303,303.511519,247.302052,232.210978,221.497891
519,238.425493,229.792497,254.055837,256.796781,269.533363,267.174772,273.933625,323.586409,362.89812,323.783303,303.511519,247.302052,232.210978,221.497891,257.877224
520,229.792497,254.055837,256.796781,269.533363,267.174772,273.933625,323.586409,362.89812,323.783303,303.511519,247.302052,232.210978,221.497891,257.877224,258.186346
521,254.055837,256.796781,269.533363,267.174772,273.933625,323.586409,362.89812,323.783303,303.511519,247.302052,232.210978,221.497891,257.877224,258.186346,263.53224
522,256.796781,269.533363,267.174772,273.933625,323.586409,362.89812,323.783303,303.511519,247.302052,232.210978,221.497891,257.877224,258.186346,263.53224,245.332328
523,269.533363,267.174772,273.933625,323.586409,362.89812,323.783303,303.511519,247.302052,232.210978,221.497891,257.877224,258.186346,263.53224,245.332328,217.374654
524,267.174772,273.933625,323.586409,362.89812,323.783303,303.511519,247.302052,232.210978,221.497891,257.877224,258.186346,263.53224,245.332328,217.374654,241.196427
525,273.933625,323.586409,362.89812,323.783303,303.511519,247.302052,232.210978,221.497891,257.877224,258.186346,263.53224,245.332328,217.374654,241.196427,243.14041
526,323.586409,362.89812,323.783303,303.511519,247.302052,232.210978,221.497891,257.877224,258.186346,263.53224,245.332328,217.374654,241.196427,243.14041,248.137559
527,362.89812,323.783303,303.511519,247.302052,232.210978,221.497891,257.877224,258.186346,263.53224,245.332328,217.374654,241.196427,243.14041,248.137559,269.790402
528,323.783303,303.511519,247.302052,232.210978,221.497891,257.877224,258.186346,263.53224,245.332328,217.374654,241.196427,243.14041,248.137559,269.790402,325.959781
529,303.511519,247.302052,232.210978,221.497891,257.877224,258.186346,263.53224,245.332328,217.374654,241.196427,243.14041,248.137559,269.790402,325.959781,324.746901
530,247.302052,232.210978,221.497891,257.877224,258.186346,263.53224,245.332328,217.374654,241.196427,243.14041,248.137559,269.790402,325.959781,324.746901,234.74464
531,232.210978,221.497891,257.877224,258.186346,263.53224,245.332328,217.374654,241.196427,243.14041,248.137559,269.790402,325.959781,324.746901,234.74464,185.053524
532,221.497891,257.877224,258.186346,263.53224,245.332328,217.374654,241.196427,243.14041,248.137559,269.790402,325.959781,324.746901,234.74464,185.053524,196.900435
533,257.877224,258.186346,263.53224,245.332328,217.374654,241.196427,243.14041,248.137559,269.790402,325.959781,324.746901,234.74464,185.053524,196.900435,244.34167
534,258.186346,263.53224,245.332328,217.374654,241.196427,243.14041,248.137559,269.790402,325.959781,324.746901,234.74464,185.053524,196.900435,244.34167,209.563986
535,263.53224,245.332328,217.374654,241.196427,243.14041,248.137559,269.790402,325.959781,324.746901,234.74464,185.053524,196.900435,244.34167,209.563986,213.429644
536,245.332328,217.374654,241.196427,243.14041,248.137559,269.790402,325.959781,324.746901,234.74464,185.053524,196.900435,244.34167,209.563986,213.429644,185.474602
537,217.374654,241.196427,243.14041,248.137559,269.790402,325.959781,324.746901,234.74464,185.053524,196.900435,244.34167,209.563986,213.429644,185.474602,164.741976
538,241.196427,243.14041,248.137559,269.790402,325.959781,324.746901,234.74464,185.053524,196.900435,244.34167,209.563986,213.429644,185.474602,164.741976,213.430682
539,243.14041,248.137559,269.790402,325.959781,324.746901,234.74464,185.053524,196.900435,244.34167,209.563986,213.429644,185.474602,164.741976,213.430682,208.428317
540,248.137559,269.790402,325.959781,324.746901,234.74464,185.053524,196.900435,244.34167,209.563986,213.429644,185.474602,164.741976,213.430682,208.428317,195.850034
541,269.790402,325.959781,324.746901,234.74464,185.053524,196.900435,244.34167,209.563986,213.429644,185.474602,164.741976,213.430682,208.428317,195.850034,193.673871
542,325.959781,324.746901,234.74464,185.053524,196.900435,244.34167,209.563986,213.429644,185.474602,164.741976,213.430682,208.428317,195.850034,193.673871,248.142108
543,324.746901,234.74464,185.053524,196.900435,244.34167,209.563986,213.429644,185.474602,164.741976,213.430682,208.428317,195.850034,193.673871,248.142108,248.017273
544,234.74464,185.053524,196.900435,244.34167,209.563986,213.429644,185.474602,164.741976,213.430682,208.428317,195.850034,193.673871,248.142108,248.017273,230.604869
545,185.053524,196.900435,244.34167,209.563986,213.429644,185.474602,164.741976,213.430682,208.428317,195.850034,193.673871,248.142108,248.017273,230.604869,235.283106
546,196.900435,244.34167,209.563986,213.429644,185.474602,164.741976,213.430682,208.428317,195.850034,193.673871,248.142108,248.017273,230.604869,235.283106,259.815837
547,244.34167,209.563986,213.429644,185.474602,164.741976,213.430682,208.428317,195.850034,193.673871,248.142108,248.017273,230.604869,235.283106,259.815837,253.74488
548,209.563986,213.429644,185.474602,164.741976,213.430682,208.428317,195.850034,193.673871,248.142108,248.017273,230.604869,235.283106,259.815837,253.74488,219.193045
549,213.429644,185.474602,164.741976,213.430682,208.428317,195.850034,193.673871,248.142108,248.017273,230.604869,235.283106,259.815837,253.74488,219.193045,199.55818
550,185.474602,164.741976,213.430682,208.428317,195.850034,193.673871,248.142108,248.017273,230.604869,235.283106,259.815837,253.74488,219.193045,199.55818,240.801914
551,164.741976,213.430682,208.428317,195.850034,193.673871,248.142108,248.017273,230.604869,235.283106,259.815837,253.74488,219.193045,199.55818,240.801914,241.112295
552,213.430682,208.428317,195.850034,193.673871,248.142108,248.017273,230.604869,235.283106,259.815837,253.74488,219.193045,199.55818,240.801914,241.112295,211.729723
553,208.428317,195.850034,193.673871,248.142108,248.017273,230.604869,235.283106,259.815837,253.74488,219.193045,199.55818,240.801914,241.112295,211.729723,234.172579
554,195.850034,193.673871,248.142108,248.017273,230.604869,235.283106,259.815837,253.74488,219.193045,199.55818,240.801914,241.112295,211.729723,234.172579,241.765209
555,193.673871,248.142108,248.017273,230.604869,235.283106,259.815837,253.74488,219.193045,199.55818,240.801914,241.112295,211.729723,234.172579,241.765209,245.174478
556,248.142108,248.017273,230.604869,235.283106,259.815837,253.74488,219.193045,199.55818,240.801914,241.112295,211.729723,234.172579,241.765209,245.174478,212.981967
557,248.017273,230.604869,235.283106,259.815837,253.74488,219.193045,199.55818,240.801914,241.112295,211.729723,234.172579,241.765209,245.174478,212.981967,214.252171
558,230.604869,235.283106,259.815837,253.74488,219.193045,199.55818,240.801914,241.112295,211.729723,234.172579,241.765209,245.174478,212.981967,214.252171,221.989297
559,235.283106,259.815837,253.74488,219.193045,199.55818,240.801914,241.112295,211.729723,234.172579,241.765209,245.174478,212.981967,214.252171,221.989297,233.502565
560,259.815837,253.74488,219.193045,199.55818,240.801914,241.112295,211.729723,234.172579,241.765209,245.174478,212.981967,214.252171,221.989297,233.502565,244.127726
561,253.74488,219.193045,199.55818,240.801914,241.112295,211.729723,234.172579,241.765209,245.174478,212.981967,214.252171,221.989297,233.502565,244.127726,246.859336
562,219.193045,199.55818,240.801914,241.112295,211.729723,234.172579,241.765209,245.174478,212.981967,214.252171,221.989297,233.502565,244.127726,246.859336,229.314537
563,199.55818,240.801914,241.112295,211.729723,234.172579,241.765209,245.174478,212.981967,214.252171,221.989297,233.502565,244.127726,246.859336,229.314537,257.124518
564,240.801914,241.112295,211.729723,234.172579,241.765209,245.174478,212.981967,214.252171,221.989297,233.502565,244.127726,246.859336,229.314537,257.124518,256.20373
565,241.112295,211.729723,234.172579,241.765209,245.174478,212.981967,214.252171,221.989297,233.502565,244.127726,246.859336,229.314537,257.124518,256.20373,212.269588
566,211.729723,234.172579,241.765209,245.174478,212.981967,214.252171,221.989297,233.502565,244.127726,246.859336,229.314537,257.124518,256.20373,212.269588,256.75618
567,234.172579,241.765209,245.174478,212.981967,214.252171,221.989297,233.502565,244.127726,246.859336,229.314537,257.124518,256.20373,212.269588,256.75618,263.392213
568,241.765209,245.174478,212.981967,214.252171,221.989297,233.502565,244.127726,246.859336,229.314537,257.124518,256.20373,212.269588,256.75618,263.392213,225.580455
569,245.174478,212.981967,214.252171,221.989297,233.502565,244.127726,246.859336,229.314537,257.124518,256.20373,212.269588,256.75618,263.392213,225.580455,248.551179
570,212.981967,214.252171,221.989297,233.502565,244.127726,246.859336,229.314537,257.124518,256.20373,212.269588,256.75618,263.392213,225.580455,248.551179,300.166043
571,214.252171,221.989297,233.502565,244.127726,246.859336,229.314537,257.124518,256.20373,212.269588,256.75618,263.392213,225.580455,248.551179,300.166043,268.334964
572,221.989297,233.502565,244.127726,246.859336,229.314537,257.124518,256.20373,212.269588,256.75618,263.392213,225.580455,248.551179,300.166043,268.334964,317.434171
573,233.502565,244.127726,246.859336,229.314537,257.124518,256.20373,212.269588,256.75618,263.392213,225.580455,248.551179,300.166043,268.334964,317.434171,322.462879
574,244.127726,246.859336,229.314537,257.124518,256.20373,212.269588,256.75618,263.392213,225.580455,248.551179,300.166043,268.334964,317.434171,322.462879,276.354076
575,246.859336,229.314537,257.124518,256.20373,212.269588,256.75618,263.392213,225.580455,248.551179,300.166043,268.334964,317.434171,322.462879,276.354076,308.928545
576,229.314537,257.124518,256.20373,212.269588,256.75618,263.392213,225.580455,248.551179,300.166043,268.334964,317.434171,322.462879,276.354076,308.928545,301.478044
577,257.124518,256.20373,212.269588,256.75618,263.392213,225.580455,248.551179,300.166043,268.334964,317.434171,322.462879,276.354076,308.928545,301.478044,335.94324
578,256.20373,212.269588,256.75618,263.392213,225.580455,248.551179,300.166043,268.334964,317.434171,322.462879,276.354076,308.928545,301.478044,335.94324,325.670906
579,212.269588,256.75618,263.392213,225.580455,248.551179,300.166043,268.334964,317.434171,322.462879,276.354076,308.928545,301.478044,335.94324,325.670906,325.724991
580,256.75618,263.392213,225.580455,248.551179,300.166043,268.334964,317.434171,322.462879,276.354076,308.928545,301.478044,335.94324,325.670906,325.724991,341.110057
581,263.392213,225.580455,248.551179,300.166043,268.334964,317.434171,322.462879,276.354076,308.928545,301.478044,335.94324,325.670906,325.724991,341.110057,325.629621
582,225.580455,248.551179,300.166043,268.334964,317.434171,322.462879,276.354076,308.928545,301.478044,335.94324,325.670906,325.724991,341.110057,325.629621,346.519866
583,248.551179,300.166043,268.334964,317.434171,322.462879,276.354076,308.928545,301.478044,335.94324,325.670906,325.724991,341.110057,325.629621,346.519866,373.569477
584,300.166043,268.334964,317.434171,322.462879,276.354076,308.928545,301.478044,335.94324,325.670906,325.724991,341.110057,325.629621,346.519866,373.569477,406.205443
585,268.334964,317.434171,322.462879,276.354076,308.928545,301.478044,335.94324,325.670906,325.724991,341.110057,325.629621,346.519866,373.569477,406.205443,422.353153
586,317.434171,322.462879,276.354076,308.928545,301.478044,335.94324,325.670906,325.724991,341.110057,325.629621,346.519866,373.569477,406.205443,422.353153,412.532018
587,322.462879,276.354076,308.928545,301.478044,335.94324,325.670906,325.724991,341.110057,325.629621,346.519866,373.569477,406.205443,422.353153,412.532018,422.482389
588,276.354076,308.928545,301.478044,335.94324,325.670906,325.724991,341.110057,325.629621,346.519866,373.569477,406.205443,422.353153,412.532018,422.482389,463.96467
589,308.928545,301.478044,335.94324,325.670906,325.724991,341.110057,325.629621,346.519866,373.569477,406.205443,422.353153,412.532018,422.482389,463.96467,449.155743
590,301.478044,335.94324,325.670906,325.724991,341.110057,325.629621,346.519866,373.569477,406.205443,422.353153,412.532018,422.482389,463.96467,449.155743,501.510399
591,335.94324,325.670906,325.724991,341.110057,325.629621,346.519866,373.569477,406.205443,422.353153,412.532018,422.482389,463.96467,449.155743,501.510399,491.958063
592,325.670906,325.724991,341.110057,325.629621,346.519866,373.569477,406.205443,422.353153,412.532018,422.482389,463.96467,449.155743,501.510399,491.958063,445.062483
593,325.724991,341.110057,325.629621,346.519866,373.569477,406.205443,422.353153,412.532018,422.482389,463.96467,449.155743,501.510399,491.958063,445.062483,458.521287
594,341.110057,325.629621,346.519866,373.569477,406.205443,422.353153,412.532018,422.482389,463.96467,449.155743,501.510399,491.958063,445.062483,458.521287,513.722352
595,325.629621,346.519866,373.569477,406.205443,422.353153,412.532018,422.482389,463.96467,449.155743,501.510399,491.958063,445.062483,458.521287,513.722352,571.445254
596,346.519866,373.569477,406.205443,422.353153,412.532018,422.482389,463.96467,449.155743,501.510399,491.958063,445.062483,458.521287,513.722352,571.445254,524.569494
597,373.569477,406.205443,422.353153,412.532018,422.482389,463.96467,449.155743,501.510399,491.958063,445.062483,458.521287,513.722352,571.445254,524.569494,475.04131
598,406.205443,422.353153,412.532018,422.482389,463.96467,449.155743,501.510399,491.958063,445.062483,458.521287,513.722352,571.445254,524.569494,475.04131,528.54965
599,422.353153,412.532018,422.482389,463.96467,449.155743,501.510399,491.958063,445.062483,458.521287,513.722352,571.445254,524.569494,475.04131,528.54965,544.608056
600,412.532018,422.482389,463.96467,449.155743,501.510399,491.958063,445.062483,458.521287,513.722352,571.445254,524.569494,475.04131,528.54965,544.608056,552.350761
601,422.482389,463.96467,449.155743,501.510399,491.958063,445.062483,458.521287,513.722352,571.445254,524.569494,475.04131,528.54965,544.608056,552.350761,568.615239
602,463.96467,449.155743,501.510399,491.958063,445.062483,458.521287,513.722352,571.445254,524.569494,475.04131,528.54965,544.608056,552.350761,568.615239,554.408316
603,449.155743,501.510399,491.958063,445.062483,458.521287,513.722352,571.445254,524.569494,475.04131,528.54965,544.608056,552.350761,568.615239,554.408316,571.747045
604,501.510399,491.958063,445.062483,458.521287,513.722352,571.445254,524.569494,475.04131,528.54965,544.608056,552.350761,568.615239,554.408316,571.747045,588.735455
605,491.958063,445.062483,458.521287,513.722352,571.445254,524.569494,475.04131,528.54965,544.608056,552.350761,568.615239,554.408316,571.747045,588.735455,544.842673
606,445.062483,458.521287,513.722352,571.445254,524.569494,475.04131,528.54965,544.608056,552.350761,568.615239,554.408316,571.747045,588.735455,544.842673,537.798559
607,458.521287,513.722352,571.445254,524.569494,475.04131,528.54965,544.608056,552.350761,568.615239,554.408316,571.747045,588.735455,544.842673,537.798559,480.91921
608,513.722352,571.445254,524.569494,475.04131,528.54965,544.608056,552.350761,568.615239,554.408316,571.747045,588.735455,544.842673,537.798559,480.91921,477.472755
609,571.445254,524.569494,475.04131,528.54965,544.608056,552.350761,568.615239,554.408316,571.747045,588.735455,544.842673,537.798559,480.91921,477.472755,487.451595
610,524.569494,475.04131,528.54965,544.608056,552.350761,568.615239,554.408316,571.747045,588.735455,544.842673,537.798559,480.91921,477.472755,487.451595,521.365189
611,475.04131,528.54965,544.608056,552.350761,568.615239,554.408316,571.747045,588.735455,544.842673,537.798559,480.91921,477.472755,487.451595,521.365189,588.91291
612,528.54965,544.608056,552.350761,568.615239,554.408316,571.747045,588.735455,544.842673,537.798559,480.91921,477.472755,487.451595,521.365189,588.91291,617.349743
613,544.608056,552.350761,568.615239,554.408316,571.747045,588.735455,544.842673,537.798559,480.91921,477.472755,487.451595,521.365189,588.91291,617.349743,514.17949
614,552.350761,568.615239,554.408316,571.747045,588.735455,544.842673,537.798559,480.91921,477.472755,487.451595,521.365189,588.91291,617.349743,514.17949,512.758848
615,568.615239,554.408316,571.747045,588.735455,544.842673,537.798559,480.91921,477.472755,487.451595,521.365189,588.91291,617.349743,514.17949,512.758848,569.939738
616,554.408316,571.747045,588.735455,544.842673,537.798559,480.91921,477.472755,487.451595,521.365189,588.91291,617.349743,514.17949,512.758848,569.939738,547.507589
617,571.747045,588.735455,544.842673,537.798559,480.91921,477.472755,487.451595,521.365189,588.91291,617.349743,514.17949,512.758848,569.939738,547.507589,480.266619
618,588.735455,544.842673,537.798559,480.91921,477.472755,487.451595,521.365189,588.91291,617.349743,514.17949,512.758848,569.939738,547.507589,480.266619,491.852345
619,544.842673,537.798559,480.91921,477.472755,487.451595,521.365189,588.91291,617.349743,514.17949,512.758848,569.939738,547.507589,480.266619,491.852345,531.900001
620,537.798559,480.91921,477.472755,487.451595,521.365189,588.91291,617.349743,514.17949,512.758848,569.939738,547.507589,480.266619,491.852345,531.900001,494.350223
621,480.91921,477.472755,487.451595,521.365189,588.91291,617.349743,514.17949,512.758848,569.939738,547.507589,480.266619,491.852345,531.900001,494.350223,496.570639
622,477.472755,487.451595,521.365189,588.91291,617.349743,514.17949,512.758848,569.939738,547.507589,480.266619,491.852345,531.900001,494.350223,496.570639,469.567837
623,487.451595,521.365189,588.91291,617.349743,514.17949,512.758848,569.939738,547.507589,480.266619,491.852345,531.900001,494.350223,496.570639,469.567837,439.867301
624,521.365189,588.91291,617.349743,514.17949,512.758848,569.939738,547.507589,480.266619,491.852345,531.900001,494.350223,496.570639,469.567837,439.867301,466.306055
625,588.91291,617.349743,514.17949,512.758848,569.939738,547.507589,480.266619,491.852345,531.900001,494.350223,496.570639,469.567837,439.867301,466.306055,487.58356
626,617.349743,514.17949,512.758848,569.939738,547.507589,480.266619,491.852345,531.900001,494.350223,496.570639,469.567837,439.867301,466.306055,487.58356,450.792058
627,514.17949,512.758848,569.939738,547.507589,480.266619,491.852345,531.900001,494.350223,496.570639,469.567837,439.867301,466.306055,487.58356,450.792058,445.31442
628,512.758848,569.939738,547.507589,480.266619,491.852345,531.900001,494.350223,496.570639,469.567837,439.867301,466.306055,487.58356,450.792058,445.31442,402.090693
629,569.939738,547.507589,480.266619,491.852345,531.900001,494.350223,496.570639,469.567837,439.867301,466.306055,487.58356,450.792058,445.31442,402.090693,439.924399
630,547.507589,480.266619,491.852345,531.900001,494.350223,496.570639,469.567837,439.867301,466.306055,487.58356,450.792058,445.31442,402.090693,439.924399,477.834676
631,480.266619,491.852345,531.900001,494.350223,496.570639,469.567837,439.867301,466.306055,487.58356,450.792058,445.31442,402.090693,439.924399,477.834676,381.902567
632,491.852345,531.900001,494.350223,496.570639,469.567837,439.867301,466.306055,487.58356,450.792058,445.31442,402.090693,439.924399,477.834676,381.902567,378.500816
633,531.900001,494.350223,496.570639,469.567837,439.867301,466.306055,487.58356,450.792058,445.31442,402.090693,439.924399,477.834676,381.902567,378.500816,380.352207
634,494.350223,496.570639,469.567837,439.867301,466.306055,487.58356,450.792058,445.31442,402.090693,439.924399,477.834676,381.902567,378.500816,380.352207,372.067575
635,496.570639,469.567837,439.867301,466.306055,487.58356,450.792058,445.31442,402.090693,439.924399,477.834676,381.902567,378.500816,380.352207,372.067575,418.804329
636,469.567837,439.867301,466.306055,487.58356,450.792058,445.31442,402.090693,439.924399,477.834676,381.902567,378.500816,380.352207,372.067575,418.804329,384.510801
637,439.867301,466.306055,487.58356,450.792058,445.31442,402.090693,439.924399,477.834676,381.902567,378.500816,380.352207,372.067575,418.804329,384.510801,360.677385
638,466.306055,487.58356,450.792058,445.31442,402.090693,439.924399,477.834676,381.902567,378.500816,380.352207,372.067575,418.804329,384.510801,360.677385,359.451997
639,487.58356,450.792058,445.31442,402.090693,439.924399,477.834676,381.902567,378.500816,380.352207,372.067575,418.804329,384.510801,360.677385,359.451997,355.729027
640,450.792058,445.31442,402.090693,439.924399,477.834676,381.902567,378.500816,380.352207,372.067575,418.804329,384.510801,360.677385,359.451997,355.729027,303.567355
641,445.31442,402.090693,439.924399,477.834676,381.902567,378.500816,380.352207,372.067575,418.804329,384.510801,360.677385,359.451997,355.729027,303.567355,300.095628
642,402.090693,439.924399,477.834676,381.902567,378.500816,380.352207,372.067575,418.804329,384.510801,360.677385,359.451997,355.729027,303.567355,300.095628,288.38552
643,439.924399,477.834676,381.902567,378.500816,380.352207,372.067575,418.804329,384.510801,360.677385,359.451997,355.729027,303.567355,300.095628,288.38552,269.149066
644,477.834676,381.902567,378.500816,380.352207,372.067575,418.804329,384.510801,360.677385,359.451997,355.729027,303.567355,300.095628,288.38552,269.149066,230.437523
645,381.902567,378.500816,380.352207,372.067575,418.804329,384.510801,360.677385,359.451997,355.729027,303.567355,300.095628,288.38552,269.149066,230.437523,233.416714
646,378.500816,380.352207,372.067575,418.804329,384.510801,360.677385,359.451997,355.729027,303.567355,300.095628,288.38552,269.149066,230.437523,233.416714,221.002809
647,380.352207,372.067575,418.804329,384.510801,360.677385,359.451997,355.729027,303.567355,300.095628,288.38552,269.149066,230.437523,233.416714,221.002809,215.8339
648,372.067575,418.804329,384.510801,360.677385,359.451997,355.729027,303.567355,300.095628,288.38552,269.149066,230.437523,233.416714,221.002809,215.8339,223.353535
649,418.804329,384.510801,360.677385,359.451997,355.729027,303.567355,300.095628,288.38552,269.149066,230.437523,233.416714,221.002809,215.8339,223.353535,222.718415
650,384.510801,360.677385,359.451997,355.729027,303.567355,300.095628,288.38552,269.149066,230.437523,233.416714,221.002809,215.8339,223.353535,222.718415,222.299265
651,360.677385,359.451997,355.729027,303.567355,300.095628,288.38552,269.149066,230.437523,233.416714,221.002809,215.8339,223.353535,222.718415,222.299265,224.805637
652,359.451997,355.729027,303.567355,300.095628,288.38552,269.149066,230.437523,233.416714,221.002809,215.8339,223.353535,222.718415,222.299265,224.805637,202.572895
653,355.729027,303.567355,300.095628,288.38552,269.149066,230.437523,233.416714,221.002809,215.8339,223.353535,222.718415,222.299265,224.805637,202.572895,183.921124
654,303.567355,300.095628,288.38552,269.149066,230.437523,233.416714,221.002809,215.8339,223.353535,222.718415,222.299265,224.805637,202.572895,183.921124,185.366736
655,300.095628,288.38552,269.149066,230.437523,233.416714,221.002809,215.8339,223.353535,222.718415,222.299265,224.805637,202.572895,183.921124,185.366736,181.669168
656,288.38552,269.149066,230.437523,233.416714,221.002809,215.8339,223.353535,222.718415,222.299265,224.805637,202.572895,183.921124,185.366736,181.669168,218.631066
657,269.149066,230.437523,233.416714,221.002809,215.8339,223.353535,222.718415,222.299265,224.805637,202.572895,183.921124,185.366736,181.669168,218.631066,199.600907
658,230.437523,233.416714,221.002809,215.8339,223.353535,222.718415,222.299265,224.805637,202.572895,183.921124,185.366736,181.669168,218.631066,199.600907,189.179351
659,233.416714,221.002809,215.8339,223.353535,222.718415,222.299265,224.805637,202.572895,183.921124,185.366736,181.669168,218.631066,199.600907,189.179351,186.498352
660,221.002809,215.8339,223.353535,222.718415,222.299265,224.805637,202.572895,183.921124,185.366736,181.669168,218.631066,199.600907,189.179351,186.498352,157.970094
661,215.8339,223.353535,222.718415,222.299265,224.805637,202.572895,183.921124,185.366736,181.669168,218.631066,199.600907,189.179351,186.498352,157.970094,164.690176
662,223.353535,222.718415,222.299265,224.805637,202.572895,183.921124,185.366736,181.669168,218.631066,199.600907,189.179351,186.498352,157.970094,164.690176,176.952126
663,222.718415,222.299265,224.805637,202.572895,183.921124,185.366736,181.669168,218.631066,199.600907,189.179351,186.498352,157.970094,164.690176,176.952126,166.43694
664,222.299265,224.805637,202.572895,183.921124,185.366736,181.669168,218.631066,199.600907,189.179351,186.498352,157.970094,164.690176,176.952126,166.43694,163.222536
665,224.805637,202.572895,183.921124,185.366736,181.669168,218.631066,199.600907,189.179351,186.498352,157.970094,164.690176,176.952126,166.43694,163.222536,158.639609
666,202.572895,183.921124,185.366736,181.669168,218.631066,199.600907,189.179351,186.498352,157.970094,164.690176,176.952126,166.43694,163.222536,158.639609,158.858117
667,183.921124,185.366736,181.669168,218.631066,199.600907,189.179351,186.498352,157.970094,164.690176,176.952126,166.43694,163.222536,158.639609,158.858117,170.990343
668,185.366736,181.669168,218.631066,199.600907,189.179351,186.498352,157.970094,164.690176,176.952126,166.43694,163.222536,158.639609,158.858117,170.990343,166.1965
669,181.669168,218.631066,199.600907,189.179351,186.498352,157.970094,164.690176,176.952126,166.43694,163.222536,158.639609,158.858117,170.990343,166.1965,161.984694
670,218.631066,199.600907,189.179351,186.498352,157.970094,164.690176,176.952126,166.43694,163.222536,158.639609,158.858117,170.990343,166.1965,161.984694,176.770203
671,199.600907,189.179351,186.498352,157.970094,164.690176,176.952126,166.43694,163.222536,158.639609,158.858117,170.990343,166.1965,161.984694,176.770203,170.9491
672,189.179351,186.498352,157.970094,164.690176,176.952126,166.43694,163.222536,158.639609,158.858117,170.990343,166.1965,161.984694,176.770203,170.9491,185.154849
673,186.498352,157.970094,164.690176,176.952126,166.43694,163.222536,158.639609,158.858117,170.990343,166.1965,161.984694,176.770203,170.9491,185.154849,157.034965
674,157.970094,164.690176,176.952126,166.43694,163.222536,158.639609,158.858117,170.990343,166.1965,161.984694,176.770203,170.9491,185.154849,157.034965,171.218637
675,164.690176,176.952126,166.43694,163.222536,158.639609,158.858117,170.990343,166.1965,161.984694,176.770203,170.9491,185.154849,157.034965,171.218637,151.451788
676,176.952126,166.43694,163.222536,158.639609,158.858117,170.990343,166.1965,161.984694,176.770203,170.9491,185.154849,157.034965,171.218637,151.451788,133.917932
677,166.43694,163.222536,158.639609,158.858117,170.990343,166.1965,161.984694,176.770203,170.9491,185.154849,157.034965,171.218637,151.451788,133.917932,141.904942
678,163.222536,158.639609,158.858117,170.990343,166.1965,161.984694,176.770203,170.9491,185.154849,157.034965,171.218637,151.451788,133.917932,141.904942,159.541343
679,158.639609,158.858117,170.990343,166.1965,161.984694,176.770203,170.9491,185.154849,157.034965,171.218637,151.451788,133.917932,141.904942,159.541343,153.987452
680,158.858117,170.990343,166.1965,161.984694,176.770203,170.9491,185.154849,157.034965,171.218637,151.451788,133.917932,141.904942,159.541343,153.987452,143.4878
681,170.990343,166.1965,161.984694,176.770203,170.9491,185.154849,157.034965,171.218637,151.451788,133.917932,141.904942,159.541343,153.987452,143.4878,131.599172
682,166.1965,161.984694,176.770203,170.9491,185.154849,157.034965,171.218637,151.451788,133.917932,141.904942,159.541343,153.987452,143.4878,131.599172,130.492014
683,161.984694,176.770203,170.9491,185.154849,157.034965,171.218637,151.451788,133.917932,141.904942,159.541343,153.987452,143.4878,131.599172,130.492014,128.812207
684,176.770203,170.9491,185.154849,157.034965,171.218637,151.451788,133.917932,141.904942,159.541343,153.987452,143.4878,131.599172,130.492014,128.812207,126.947043
685,170.9491,185.154849,157.034965,171.218637,151.451788,133.917932,141.904942,159.541343,153.987452,143.4878,131.599172,130.492014,128.812207,126.947043,125.163074
686,185.154849,157.034965,171.218637,151.451788,133.917932,141.904942,159.541343,153.987452,143.4878,131.599172,130.492014,128.812207,126.947043,125.163074,127.305684
687,157.034965,171.218637,151.451788,133.917932,141.904942,159.541343,153.987452,143.4878,131.599172,130.492014,128.812207,126.947043,125.163074,127.305684,133.081908
688,171.218637,151.451788,133.917932,141.904942,159.541343,153.987452,143.4878,131.599172,130.492014,128.812207,126.947043,125.163074,127.305684,133.081908,132.472274
689,151.451788,133.917932,141.904942,159.541343,153.987452,143.4878,131.599172,130.492014,128.812207,126.947043,125.163074,127.305684,133.081908,132.472274,166.74394
690,133.917932,141.904942,159.541343,153.987452,143.4878,131.599172,130.492014,128.812207,126.947043,125.163074,127.305684,133.081908,132.472274,166.74394,160.056006
691,141.904942,159.541343,153.987452,143.4878,131.599172,130.492014,128.812207,126.947043,125.163074,127.305684,133.081908,132.472274,166.74394,160.056006,135.539411
692,159.541343,153.987452,143.4878,131.599172,130.492014,128.812207,126.947043,125.163074,127.305684,133.081908,132.472274,166.74394,160.056006,135.539411,151.158767
693,153.987452,143.4878,131.599172,130.492014,128.812207,126.947043,125.163074,127.305684,133.081908,132.472274,166.74394,160.056006,135.539411,151.158767,125.833608
694,143.4878,131.599172,130.492014,128.812207,126.947043,125.163074,127.305684,133.081908,132.472274,166.74394,160.056006,135.539411,151.158767,125.833608,121.481479
695,131.599172,130.492014,128.812207,126.947043,125.163074,127.305684,133.081908,132.472274,166.74394,160.056006,135.539411,151.158767,125.833608,121.481479,131.897028
696,130.492014,128.812207,126.947043,125.163074,127.305684,133.081908,132.472274,166.74394,160.056006,135.539411,151.158767,125.833608,121.481479,131.897028,140.839038
697,128.812207,126.947043,125.163074,127.305684,133.081908,132.472274,166.74394,160.056006,135.539411,151.158767,125.833608,121.481479,131.897028,140.839038,147.941465
698,126.947043,125.163074,127.305684,133.081908,132.472274,166.74394,160.056006,135.539411,151.158767,125.833608,121.481479,131.897028,140.839038,147.941465,163.482783
699,125.163074,127.305684,133.081908,132.472274,166.74394,160.056006,135.539411,151.158767,125.833608,121.481479,131.897028,140.839038,147.941465,163.482783,154.321182
700,127.305684,133.081908,132.472274,166.74394,160.056006,135.539411,151.158767,125.833608,121.481479,131.897028,140.839038,147.941465,163.482783,154.321182,134.601367
701,133.081908,132.472274,166.74394,160.056006,135.539411,151.158767,125.833608,121.481479,131.897028,140.839038,147.941465,163.482783,154.321182,134.601367,145.626207
702,132.472274,166.74394,160.056006,135.539411,151.158767,125.833608,121.481479,131.897028,140.839038,147.941465,163.482783,154.321182,134.601367,145.626207,147.382016
703,166.74394,160.056006,135.539411,151.158767,125.833608,121.481479,131.897028,140.839038,147.941465,163.482783,154.321182,134.601367,145.626207,147.382016,165.091973
704,160.056006,135.539411,151.158767,125.833608,121.481479,131.897028,140.839038,147.941465,163.482783,154.321182,134.601367,145.626207,147.382016,165.091973,187.217745
705,135.539411,151.158767,125.833608,121.481479,131.897028,140.839038,147.941465,163.482783,154.321182,134.601367,145.626207,147.382016,165.091973,187.217745,173.979508
706,151.158767,125.833608,121.481479,131.897028,140.839038,147.941465,163.482783,154.321182,134.601367,145.626207,147.382016,165.091973,187.217745,173.979508,168.530497
707,125.833608,121.481479,131.897028,140.839038,147.941465,163.482783,154.321182,134.601367,145.626207,147.382016,165.091973,187.217745,173.979508,168.530497,145.402012
708,121.481479,131.897028,140.839038,147.941465,163.482783,154.321182,134.601367,145.626207,147.382016,165.091973,187.217745,173.979508,168.530497,145.402012,154.633587
709,131.897028,140.839038,147.941465,163.482783,154.321182,134.601367,145.626207,147.382016,165.091973,187.217745,173.979508,168.530497,145.402012,154.633587,148.801189
710,140.839038,147.941465,163.482783,154.321182,134.601367,145.626207,147.382016,165.091973,187.217745,173.979508,168.530497,145.402012,154.633587,148.801189,137.798047
711,147.941465,163.482783,154.321182,134.601367,145.626207,147.382016,165.091973,187.217745,173.979508,168.530497,145.402012,154.633587,148.801189,137.798047,178.525116
712,163.482783,154.321182,134.601367,145.626207,147.382016,165.091973,187.217745,173.979508,168.530497,145.402012,154.633587,148.801189,137.798047,178.525116,185.883761
713,154.321182,134.601367,145.626207,147.382016,165.091973,187.217745,173.979508,168.530497,145.402012,154.633587,148.801189,137.798047,178.525116,185.883761,177.72757
714,134.601367,145.626207,147.382016,165.091973,187.217745,173.979508,168.530497,145.402012,154.633587,148.801189,137.798047,178.525116,185.883761,177.72757,166.935456
715,145.626207,147.382016,165.091973,187.217745,173.979508,168.530497,145.402012,154.633587,148.801189,137.798047,178.525116,185.883761,177.72757,166.935456,152.436457
716,147.382016,165.091973,187.217745,173.979508,168.530497,145.402012,154.633587,148.801189,137.798047,178.525116,185.883761,177.72757,166.935456,152.436457,151.528595
717,165.091973,187.217745,173.979508,168.530497,145.402012,154.633587,148.801189,137.798047,178.525116,185.883761,177.72757,166.935456,152.436457,151.528595,131.27607
718,187.217745,173.979508,168.530497,145.402012,154.633587,148.801189,137.798047,178.525116,185.883761,177.72757,166.935456,152.436457,151.528595,131.27607,115.866948
719,173.979508,168.530497,145.402012,154.633587,148.801189,137.798047,178.525116,185.883761,177.72757,166.935456,152.436457,151.528595,131.27607,115.866948,115.060186
720,168.530497,145.402012,154.633587,148.801189,137.798047,178.525116,185.883761,177.72757,166.935456,152.436457,151.528595,131.27607,115.866948,115.060186,118.481006
721,145.402012,154.633587,148.801189,137.798047,178.525116,185.883761,177.72757,166.935456,152.436457,151.528595,131.27607,115.866948,115.060186,118.481006,123.000829
722,154.633587,148.801189,137.798047,178.525116,185.883761,177.72757,166.935456,152.436457,151.528595,131.27607,115.866948,115.060186,118.481006,123.000829,136.461813
723,148.801189,137.798047,178.525116,185.883761,177.72757,166.935456,152.436457,151.528595,131.27607,115.866948,115.060186,118.481006,123.000829,136.461813,150.163022
724,137.798047,178.525116,185.883761,177.72757,166.935456,152.436457,151.528595,131.27607,115.866948,115.060186,118.481006,123.000829,136.461813,150.163022,167.429994
725,178.525116,185.883761,177.72757,166.935456,152.436457,151.528595,131.27607,115.866948,115.060186,118.481006,123.000829,136.461813,150.163022,167.429994,181.061229
726,185.883761,177.72757,166.935456,152.436457,151.528595,131.27607,115.866948,115.060186,118.481006,123.000829,136.461813,150.163022,167.429994,181.061229,197.401482
727,177.72757,166.935456,152.436457,151.528595,131.27607,115.866948,115.060186,118.481006,123.000829,136.461813,150.163022,167.429994,181.061229,197.401482,205.530392
728,166.935456,152.436457,151.528595,131.27607,115.866948,115.060186,118.481006,123.000829,136.461813,150.163022,167.429994,181.061229,197.401482,205.530392,181.664047
729,152.436457,151.528595,131.27607,115.866948,115.060186,118.481006,123.000829,136.461813,150.163022,167.429994,181.061229,197.401482,205.530392,181.664047,170.530517
730,151.528595,131.27607,115.866948,115.060186,118.481006,123.000829,136.461813,150.163022,167.429994,181.061229,197.401482,205.530392,181.664047,170.530517,156.486317
731,131.27607,115.866948,115.060186,118.481006,123.000829,136.461813,150.163022,167.429994,181.061229,197.401482,205.530392,181.664047,170.530517,156.486317,171.736526
732,115.866948,115.060186,118.481006,123.000829,136.461813,150.163022,167.429994,181.061229,197.401482,205.530392,181.664047,170.530517,156.486317,171.736526,195.078676
733,115.060186,118.481006,123.000829,136.461813,150.163022,167.429994,181.061229,197.401482,205.530392,181.664047,170.530517,156.486317,171.736526,195.078676,287.889799
734,118.481006,123.000829,136.461813,150.163022,167.429994,181.061229,197.401482,205.530392,181.664047,170.530517,156.486317,171.736526,195.078676,287.889799,244.952264
735,123.000829,136.461813,150.163022,167.429994,181.061229,197.401482,205.530392,181.664047,170.530517,156.486317,171.736526,195.078676,287.889799,244.952264,261.256089
736,136.461813,150.163022,167.429994,181.061229,197.401482,205.530392,181.664047,170.530517,156.486317,171.736526,195.078676,287.889799,244.952264,261.256089,260.196206
737,150.163022,167.429994,181.061229,197.401482,205.530392,181.664047,170.530517,156.486317,171.736526,195.078676,287.889799,244.952264,261.256089,260.196206,254.435042
738,167.429994,181.061229,197.401482,205.530392,181.664047,170.530517,156.486317,171.736526,195.078676,287.889799,244.952264,261.256089,260.196206,254.435042,279.178249
739,181.061229,197.401482,205.530392,181.664047,170.530517,156.486317,171.736526,195.078676,287.889799,244.952264,261.256089,260.196206,254.435042,279.178249,251.821011
740,197.401482,205.530392,181.664047,170.530517,156.486317,171.736526,195.078676,287.889799,244.952264,261.256089,260.196206,254.435042,279.178249,251.821011,287.732344
741,205.530392,181.664047,170.530517,156.486317,171.736526,195.078676,287.889799,244.952264,261.256089,260.196206,254.435042,279.178249,251.821011,287.732344,247.431588
742,181.664047,170.530517,156.486317,171.736526,195.078676,287.889799,244.952264,261.256089,260.196206,254.435042,279.178249,251.821011,287.732344,247.431588,280.980024
743,170.530517,156.486317,171.736526,195.078676,287.889799,244.952264,261.256089,260.196206,254.435042,279.178249,251.821011,287.732344,247.431588,280.980024,255.422566
744,156.486317,171.736526,195.078676,287.889799,244.952264,261.256089,260.196206,254.435042,279.178249,251.821011,287.732344,247.431588,280.980024,255.422566,218.006531
745,171.736526,195.078676,287.889799,244.952264,261.256089,260.196206,254.435042,279.178249,251.821011,287.732344,247.431588,280.980024,255.422566,218.006531,263.258226
746,195.078676,287.889799,244.952264,261.256089,260.196206,254.435042,279.178249,251.821011,287.732344,247.431588,280.980024,255.422566,218.006531,263.258226,297.473543
747,287.889799,244.952264,261.256089,260.196206,254.435042,279.178249,251.821011,287.732344,247.431588,280.980024,255.422566,218.006531,263.258226,297.473543,337.031392
748,244.952264,261.256089,260.196206,254.435042,279.178249,251.821011,287.732344,247.431588,280.980024,255.422566,218.006531,263.258226,297.473543,337.031392,289.705689
749,261.256089,260.196206,254.435042,279.178249,251.821011,287.732344,247.431588,280.980024,255.422566,218.006531,263.258226,297.473543,337.031392,289.705689,296.73486
750,260.196206,254.435042,279.178249,251.821011,287.732344,247.431588,280.980024,255.422566,218.006531,263.258226,297.473543,337.031392,289.705689,296.73486,354.332885
751,254.435042,279.178249,251.821011,287.732344,247.431588,280.980024,255.422566,218.006531,263.258226,297.473543,337.031392,289.705689,296.73486,354.332885,346.772575
752,279.178249,251.821011,287.732344,247.431588,280.980024,255.422566,218.006531,263.258226,297.473543,337.031392,289.705689,296.73486,354.332885,346.772575,289.599739
753,251.821011,287.732344,247.431588,280.980024,255.422566,218.006531,263.258226,297.473543,337.031392,289.705689,296.73486,354.332885,346.772575,289.599739,220.80244
754,287.732344,247.431588,280.980024,255.422566,218.006531,263.258226,297.473543,337.031392,289.705689,296.73486,354.332885,346.772575,289.599739,220.80244,246.841516
755,247.431588,280.980024,255.422566,218.006531,263.258226,297.473543,337.031392,289.705689,296.73486,354.332885,346.772575,289.599739,220.80244,246.841516,310.246503
756,280.980024,255.422566,218.006531,263.258226,297.473543,337.031392,289.705689,296.73486,354.332885,346.772575,289.599739,220.80244,246.841516,310.246503,300.861439
757,255.422566,218.006531,263.258226,297.473543,337.031392,289.705689,296.73486,354.332885,346.772575,289.599739,220.80244,246.841516,310.246503,300.861439,335.704025
758,218.006531,263.258226,297.473543,337.031392,289.705689,296.73486,354.332885,346.772575,289.599739,220.80244,246.841516,310.246503,300.861439,335.704025,349.177066
759,263.258226,297.473543,337.031392,289.705689,296.73486,354.332885,346.772575,289.599739,220.80244,246.841516,310.246503,300.861439,335.704025,349.177066,224.57503
760,297.473543,337.031392,289.705689,296.73486,354.332885,346.772575,289.599739,220.80244,246.841516,310.246503,300.861439,335.704025,349.177066,224.57503,330.163058
761,337.031392,289.705689,296.73486,354.332885,346.772575,289.599739,220.80244,246.841516,310.246503,300.861439,335.704025,349.177066,224.57503,330.163058,335.966436
762,289.705689,296.73486,354.332885,346.772575,289.599739,220.80244,246.841516,310.246503,300.861439,335.704025,349.177066,224.57503,330.163058,335.966436,289.959405
763,296.73486,354.332885,346.772575,289.599739,220.80244,246.841516,310.246503,300.861439,335.704025,349.177066,224.57503,330.163058,335.966436,289.959405,325.542016
764,354.332885,346.772575,289.599739,220.80244,246.841516,310.246503,300.861439,335.704025,349.177066,224.57503,330.163058,335.966436,289.959405,325.542016,280.846108
765,346.772575,289.599739,220.80244,246.841516,310.246503,300.861439,335.704025,349.177066,224.57503,330.163058,335.966436,289.959405,325.542016,280.846108,227.852918
766,289.599739,220.80244,246.841516,310.246503,300.861439,335.704025,349.177066,224.57503,330.163058,335.966436,289.959405,325.542016,280.846108,227.852918,264.205424
767,220.80244,246.841516,310.246503,300.861439,335.704025,349.177066,224.57503,330.163058,335.966436,289.959405,325.542016,280.846108,227.852918,264.205424,211.771721
768,246.841516,310.246503,300.861439,335.704025,349.177066,224.57503,330.163058,335.966436,289.959405,325.542016,280.846108,227.852918,264.205424,211.771721,216.330048
769,310.246503,300.861439,335.704025,349.177066,224.57503,330.163058,335.966436,289.959405,325.542016,280.846108,227.852918,264.205424,211.771721,216.330048,205.95312
770,300.861439,335.704025,349.177066,224.57503,330.163058,335.966436,289.959405,325.542016,280.846108,227.852918,264.205424,211.771721,216.330048,205.95312,207.160689
771,335.704025,349.177066,224.57503,330.163058,335.966436,289.959405,325.542016,280.846108,227.852918,264.205424,211.771721,216.330048,205.95312,207.160689,201.261335
772,349.177066,224.57503,330.163058,335.966436,289.959405,325.542016,280.846108,227.852918,264.205424,211.771721,216.330048,205.95312,207.160689,201.261335,232.984962
773,224.57503,330.163058,335.966436,289.959405,325.542016,280.846108,227.852918,264.205424,211.771721,216.330048,205.95312,207.160689,201.261335,232.984962,238.984269
774,330.163058,335.966436,289.959405,325.542016,280.846108,227.852918,264.205424,211.771721,216.330048,205.95312,207.160689,201.261335,232.984962,238.984269,190.52845
775,335.966436,289.959405,325.542016,280.846108,227.852918,264.205424,211.771721,216.330048,205.95312,207.160689,201.261335,232.984962,238.984269,190.52845,206.782245
776,289.959405,325.542016,280.846108,227.852918,264.205424,211.771721,216.330048,205.95312,207.160689,201.261335,232.984962,238.984269,190.52845,206.782245,278.822208
777,325.542016,280.846108,227.852918,264.205424,211.771721,216.330048,205.95312,207.160689,201.261335,232.984962,238.984269,190.52845,206.782245,278.822208,284.96899
778,280.846108,227.852918,264.205424,211.771721,216.330048,205.95312,207.160689,201.261335,232.984962,238.984269,190.52845,206.782245,278.822208,284.96899,289.504504
779,227.852918,264.205424,211.771721,216.330048,205.95312,207.160689,201.261335,232.984962,238.984269,190.52845,206.782245,278.822208,284.96899,289.504504,307.991508
780,264.205424,211.771721,216.330048,205.95312,207.160689,201.261335,232.984962,238.984269,190.52845,206.782245,278.822208,284.96899,289.504504,307.991508,233.85627
781,211.771721,216.330048,205.95312,207.160689,201.261335,232.984962,238.984269,190.52845,206.782245,278.822208,284.96899,289.504504,307.991508,233.85627,283.294087
782,216.330048,205.95312,207.160689,201.261335,232.984962,238.984269,190.52845,206.782245,278.822208,284.96899,289.504504,307.991508,233.85627,283.294087,275.411273
783,205.95312,207.160689,201.261335,232.984962,238.984269,190.52845,206.782245,278.822208,284.96899,289.504504,307.991508,233.85627,283.294087,275.411273,232.963567
784,207.160689,201.261335,232.984962,238.984269,190.52845,206.782245,278.822208,284.96899,289.504504,307.991508,233.85627,283.294087,275.411273,232.963567,236.187928
785,201.261335,232.984962,238.984269,190.52845,206.782245,278.822208,284.96899,289.504504,307.991508,233.85627,283.294087,275.411273,232.963567,236.187928,301.090161
786,232.984962,238.984269,190.52845,206.782245,278.822208,284.96899,289.504504,307.991508,233.85627,283.294087,275.411273,232.963567,236.187928,301.090161,202.453497
787,238.984269,190.52845,206.782245,278.822208,284.96899,289.504504,307.991508,233.85627,283.294087,275.411273,232.963567,236.187928,301.090161,202.453497,235.760986
788,190.52845,206.782245,278.822208,284.96899,289.504504,307.991508,233.85627,283.294087,275.411273,232.963567,236.187928,301.090161,202.453497,235.760986,255.89654
789,206.782245,278.822208,284.96899,289.504504,307.991508,233.85627,283.294087,275.411273,232.963567,236.187928,301.090161,202.453497,235.760986,255.89654,308.538023
790,278.822208,284.96899,289.504504,307.991508,233.85627,283.294087,275.411273,232.963567,236.187928,301.090161,202.453497,235.760986,255.89654,308.538023,245.120257
791,284.96899,289.504504,307.991508,233.85627,283.294087,275.411273,232.963567,236.187928,301.090161,202.453497,235.760986,255.89654,308.538023,245.120257,281.074847
792,289.504504,307.991508,233.85627,283.294087,275.411273,232.963567,236.187928,301.090161,202.453497,235.760986,255.89654,308.538023,245.120257,281.074847,347.899193
793,307.991508,233.85627,283.294087,275.411273,232.963567,236.187928,301.090161,202.453497,235.760986,255.89654,308.538023,245.120257,281.074847,347.899193,253.348691
794,233.85627,283.294087,275.411273,232.963567,236.187928,301.090161,202.453497,235.760986,255.89654,308.538023,245.120257,281.074847,347.899193,253.348691,196.933182
795,283.294087,275.411273,232.963567,236.187928,301.090161,202.453497,235.760986,255.89654,308.538023,245.120257,281.074847,347.899193,253.348691,196.933182,184.237248
796,275.411273,232.963567,236.187928,301.090161,202.453497,235.760986,255.89654,308.538023,245.120257,281.074847,347.899193,253.348691,196.933182,184.237248,167.740686
797,232.963567,236.187928,301.090161,202.453497,235.760986,255.89654,308.538023,245.120257,281.074847,347.899193,253.348691,196.933182,184.237248,167.740686,228.171669
798,236.187928,301.090161,202.453497,235.760986,255.89654,308.538023,245.120257,281.074847,347.899193,253.348691,196.933182,184.237248,167.740686,228.171669,221.13033
799,301.090161,202.453497,235.760986,255.89654,308.538023,245.120257,281.074847,347.899193,253.348691,196.933182,184.237248,167.740686,228.171669,221.13033,196.297269
800,202.453497,235.760986,255.89654,308.538023,245.120257,281.074847,347.899193,253.348691,196.933182,184.237248,167.740686,228.171669,221.13033,196.297269,201.652008
801,235.760986,255.89654,308.538023,245.120257,281.074847,347.899193,253.348691,196.933182,184.237248,167.740686,228.171669,221.13033,196.297269,201.652008,241.127123
802,255.89654,308.538023,245.120257,281.074847,347.899193,253.348691,196.933182,184.237248,167.740686,228.171669,221.13033,196.297269,201.652008,241.127123,247.151223
803,308.538023,245.120257,281.074847,347.899193,253.348691,196.933182,184.237248,167.740686,228.171669,221.13033,196.297269,201.652008,241.127123,247.151223,229.531396
804,245.120257,281.074847,347.899193,253.348691,196.933182,184.237248,167.740686,228.171669,221.13033,196.297269,201.652008,241.127123,247.151223,229.531396,309.728626
805,281.074847,347.899193,253.348691,196.933182,184.237248,167.740686,228.171669,221.13033,196.297269,201.652008,241.127123,247.151223,229.531396,309.728626,304.573885
806,347.899193,253.348691,196.933182,184.237248,167.740686,228.171669,221.13033,196.297269,201.652008,241.127123,247.151223,229.531396,309.728626,304.573885,272.116775
807,253.348691,196.933182,184.237248,167.740686,228.171669,221.13033,196.297269,201.652008,241.127123,247.151223,229.531396,309.728626,304.573885,272.116775,267.915386
808,196.933182,184.237248,167.740686,228.171669,221.13033,196.297269,201.652008,241.127123,247.151223,229.531396,309.728626,304.573885,272.116775,267.915386,236.123844
809,184.237248,167.740686,228.171669,221.13033,196.297269,201.652008,241.127123,247.151223,229.531396,309.728626,304.573885,272.116775,267.915386,236.123844,253.233206
810,167.740686,228.171669,221.13033,196.297269,201.652008,241.127123,247.151223,229.531396,309.728626,304.573885,272.116775,267.915386,236.123844,253.233206,213.585519
811,228.171669,221.13033,196.297269,201.652008,241.127123,247.151223,229.531396,309.728626,304.573885,272.116775,267.915386,236.123844,253.233206,213.585519,225.217414
812,221.13033,196.297269,201.652008,241.127123,247.151223,229.531396,309.728626,304.573885,272.116775,267.915386,236.123844,253.233206,213.585519,225.217414,293.290345
813,196.297269,201.652008,241.127123,247.151223,229.531396,309.728626,304.573885,272.116775,267.915386,236.123844,253.233206,213.585519,225.217414,293.290345,310.068617
814,201.652008,241.127123,247.151223,229.531396,309.728626,304.573885,272.116775,267.915386,236.123844,253.233206,213.585519,225.217414,293.290345,310.068617,269.031435
815,241.127123,247.151223,229.531396,309.728626,304.573885,272.116775,267.915386,236.123844,253.233206,213.585519,225.217414,293.290345,310.068617,269.031435,231.467437
816,247.151223,229.531396,309.728626,304.573885,272.116775,267.915386,236.123844,253.233206,213.585519,225.217414,293.290345,310.068617,269.031435,231.467437,226.392197
817,229.531396,309.728626,304.573885,272.116775,267.915386,236.123844,253.233206,213.585519,225.217414,293.290345,310.068617,269.031435,231.467437,226.392197,190.845348
818,309.728626,304.573885,272.116775,267.915386,236.123844,253.233206,213.585519,225.217414,293.290345,310.068617,269.031435,231.467437,226.392197,190.845348,183.891269
819,304.573885,272.116775,267.915386,236.123844,253.233206,213.585519,225.217414,293.290345,310.068617,269.031435,231.467437,226.392197,190.845348,183.891269,207.225363
820,272.116775,267.915386,236.123844,253.233206,213.585519,225.217414,293.290345,310.068617,269.031435,231.467437,226.392197,190.845348,183.891269,207.225363,228.280012
821,267.915386,236.123844,253.233206,213.585519,225.217414,293.290345,310.068617,269.031435,231.467437,226.392197,190.845348,183.891269,207.225363,228.280012,197.029257
822,236.123844,253.233206,213.585519,225.217414,293.290345,310.068617,269.031435,231.467437,226.392197,190.845348,183.891269,207.225363,228.280012,197.029257,177.337007
823,253.233206,213.585519,225.217414,293.290345,310.068617,269.031435,231.467437,226.392197,190.845348,183.891269,207.225363,228.280012,197.029257,177.337007,205.288358
824,213.585519,225.217414,293.290345,310.068617,269.031435,231.467437,226.392197,190.845348,183.891269,207.225363,228.280012,197.029257,177.337007,205.288358,206.342437
825,225.217414,293.290345,310.068617,269.031435,231.467437,226.392197,190.845348,183.891269,207.225363,228.280012,197.029257,177.337007,205.288358,206.342437,197.251343
826,293.290345,310.068617,269.031435,231.467437,226.392197,190.845348,183.891269,207.225363,228.280012,197.029257,177.337007,205.288358,206.342437,197.251343,220.335603
827,310.068617,269.031435,231.467437,226.392197,190.845348,183.891269,207.225363,228.280012,197.029257,177.337007,205.288358,206.342437,197.251343,220.335603,222.489941
828,269.031435,231.467437,226.392197,190.845348,183.891269,207.225363,228.280012,197.029257,177.337007,205.288358,206.342437,197.251343,220.335603,222.489941,206.642127
829,231.467437,226.392197,190.845348,183.891269,207.225363,228.280012,197.029257,177.337007,205.288358,206.342437,197.251343,220.335603,222.489941,206.642127,196.137373
830,226.392197,190.845348,183.891269,207.225363,228.280012,197.029257,177.337007,205.288358,206.342437,197.251343,220.335603,222.489941,206.642127,196.137373,183.188293
831,190.845348,183.891269,207.225363,228.280012,197.029257,177.337007,205.288358,206.342437,197.251343,220.335603,222.489941,206.642127,196.137373,183.188293,175.051431
832,183.891269,207.225363,228.280012,197.029257,177.337007,205.288358,206.342437,197.251343,220.335603,222.489941,206.642127,196.137373,183.188293,175.051431,160.107541
833,207.225363,228.280012,197.029257,177.337007,205.288358,206.342437,197.251343,220.335603,222.489941,206.642127,196.137373,183.188293,175.051431,160.107541,155.031467
834,228.280012,197.029257,177.337007,205.288358,206.342437,197.251343,220.335603,222.489941,206.642127,196.137373,183.188293,175.051431,160.107541,155.031467,164.293236
835,197.029257,177.337007,205.288358,206.342437,197.251343,220.335603,222.489941,206.642127,196.137373,183.188293,175.051431,160.107541,155.031467,164.293236,167.153341
836,177.337007,205.288358,206.342437,197.251343,220.335603,222.489941,206.642127,196.137373,183.188293,175.051431,160.107541,155.031467,164.293236,167.153341,160.413884
837,205.288358,206.342437,197.251343,220.335603,222.489941,206.642127,196.137373,183.188293,175.051431,160.107541,155.031467,164.293236,167.153341,160.413884,175.202677
838,206.342437,197.251343,220.335603,222.489941,206.642127,196.137373,183.188293,175.051431,160.107541,155.031467,164.293236,167.153341,160.413884,175.202677,246.451945
839,197.251343,220.335603,222.489941,206.642127,196.137373,183.188293,175.051431,160.107541,155.031467,164.293236,167.153341,160.413884,175.202677,246.451945,269.27514
840,220.335603,222.489941,206.642127,196.137373,183.188293,175.051431,160.107541,155.031467,164.293236,167.153341,160.413884,175.202677,246.451945,269.27514,197.809319
841,222.489941,206.642127,196.137373,183.188293,175.051431,160.107541,155.031467,164.293236,167.153341,160.413884,175.202677,246.451945,269.27514,197.809319,199.73532
842,206.642127,196.137373,183.188293,175.051431,160.107541,155.031467,164.293236,167.153341,160.413884,175.202677,246.451945,269.27514,197.809319,199.73532,240.183134
843,196.137373,183.188293,175.051431,160.107541,155.031467,164.293236,167.153341,160.413884,175.202677,246.451945,269.27514,197.809319,199.73532,240.183134,221.160945
844,183.188293,175.051431,160.107541,155.031467,164.293236,167.153341,160.413884,175.202677,246.451945,269.27514,197.809319,199.73532,240.183134,221.160945,223.590627
845,175.051431,160.107541,155.031467,164.293236,167.153341,160.413884,175.202677,246.451945,269.27514,197.809319,199.73532,240.183134,221.160945,223.590627,239.619444
846,160.107541,155.031467,164.293236,167.153341,160.413884,175.202677,246.451945,269.27514,197.809319,199.73532,240.183134,221.160945,223.590627,239.619444,229.782899
847,155.031467,164.293236,167.153341,160.413884,175.202677,246.451945,269.27514,197.809319,199.73532,240.183134,221.160945,223.590627,239.619444,229.782899,227.027514
848,164.293236,167.153341,160.413884,175.202677,246.451945,269.27514,197.809319,199.73532,240.183134,221.160945,223.590627,239.619444,229.782899,227.027514,195.224996
849,167.153341,160.413884,175.202677,246.451945,269.27514,197.809319,199.73532,240.183134,221.160945,223.590627,239.619444,229.782899,227.027514,195.224996,207.645105
850,160.413884,175.202677,246.451945,269.27514,197.809319,199.73532,240.183134,221.160945,223.590627,239.619444,229.782899,227.027514,195.224996,207.645105,264.30084
851,175.202677,246.451945,269.27514,197.809319,199.73532,240.183134,221.160945,223.590627,239.619444,229.782899,227.027514,195.224996,207.645105,264.30084,261.353841
852,246.451945,269.27514,197.809319,199.73532,240.183134,221.160945,223.590627,239.619444,229.782899,227.027514,195.224996,207.645105,264.30084,261.353841,264.436795
853,269.27514,197.809319,199.73532,240.183134,221.160945,223.590627,239.619444,229.782899,227.027514,195.224996,207.645105,264.30084,261.353841,264.436795,261.230358
854,197.809319,199.73532,240.183134,221.160945,223.590627,239.619444,229.782899,227.027514,195.224996,207.645105,264.30084,261.353841,264.436795,261.230358,277.698994
855,199.73532,240.183134,221.160945,223.590627,239.619444,229.782899,227.027514,195.224996,207.645105,264.30084,261.353841,264.436795,261.230358,277.698994,240.56402
856,240.183134,221.160945,223.590627,239.619444,229.782899,227.027514,195.224996,207.645105,264.30084,261.353841,264.436795,261.230358,277.698994,240.56402,217.099154
857,221.160945,223.590627,239.619444,229.782899,227.027514,195.224996,207.645105,264.30084,261.353841,264.436795,261.230358,277.698994,240.56402,217.099154,229.101348
858,223.590627,239.619444,229.782899,227.027514,195.224996,207.645105,264.30084,261.353841,264.436795,261.230358,277.698994,240.56402,217.099154,229.101348,227.252966
859,239.619444,229.782899,227.027514,195.224996,207.645105,264.30084,261.353841,264.436795,261.230358,277.698994,240.56402,217.099154,229.101348,227.252966,262.52902
860,229.782899,227.027514,195.224996,207.645105,264.30084,261.353841,264.436795,261.230358,277.698994,240.56402,217.099154,229.101348,227.252966,262.52902,258.434082
861,227.027514,195.224996,207.645105,264.30084,261.353841,264.436795,261.230358,277.698994,240.56402,217.099154,229.101348,227.252966,262.52902,258.434082,241.504597
862,195.224996,207.645105,264.30084,261.353841,264.436795,261.230358,277.698994,240.56402,217.099154,229.101348,227.252966,262.52902,258.434082,241.504597,299.931534
863,207.645105,264.30084,261.353841,264.436795,261.230358,277.698994,240.56402,217.099154,229.101348,227.252966,262.52902,258.434082,241.504597,299.931534,310.249934
864,264.30084,261.353841,264.436795,261.230358,277.698994,240.56402,217.099154,229.101348,227.252966,262.52902,258.434082,241.504597,299.931534,310.249934,262.171822
865,261.353841,264.436795,261.230358,277.698994,240.56402,217.099154,229.101348,227.252966,262.52902,258.434082,241.504597,299.931534,310.249934,262.171822,258.442167
866,264.436795,261.230358,277.698994,240.56402,217.099154,229.101348,227.252966,262.52902,258.434082,241.504597,299.931534,310.249934,262.171822,258.442167,265.293579
867,261.230358,277.698994,240.56402,217.099154,229.101348,227.252966,262.52902,258.434082,241.504597,299.931534,310.249934,262.171822,258.442167,265.293579,266.363427
868,277.698994,240.56402,217.099154,229.101348,227.252966,262.52902,258.434082,241.504597,299.931534,310.249934,262.171822,258.442167,265.293579,266.363427,297.695455
869,240.56402,217.099154,229.101348,227.252966,262.52902,258.434082,241.504597,299.931534,310.249934,262.171822,258.442167,265.293579,266.363427,297.695455,348.994599
870,217.099154,229.101348,227.252966,262.52902,258.434082,241.504597,299.931534,310.249934,262.171822,258.442167,265.293579,266.363427,297.695455,348.994599,285.034496
871,229.101348,227.252966,262.52902,258.434082,241.504597,299.931534,310.249934,262.171822,258.442167,265.293579,266.363427,297.695455,348.994599,285.034496,279.663842
872,227.252966,262.52902,258.434082,241.504597,299.931534,310.249934,262.171822,258.442167,265.293579,266.363427,297.695455,348.994599,285.034496,279.663842,350.129676
873,262.52902,258.434082,241.504597,299.931534,310.249934,262.171822,258.442167,265.293579,266.363427,297.695455,348.994599,285.034496,279.663842,350.129676,327.757077
874,258.434082,241.504597,299.931534,310.249934,262.171822,258.442167,265.293579,266.363427,297.695455,348.994599,285.034496,279.663842,350.129676,327.757077,344.817861
875,241.504597,299.931534,310.249934,262.171822,258.442167,265.293579,266.363427,297.695455,348.994599,285.034496,279.663842,350.129676,327.757077,344.817861,293.642597
876,299.931534,310.249934,262.171822,258.442167,265.293579,266.363427,297.695455,348.994599,285.034496,279.663842,350.129676,327.757077,344.817861,293.642597,287.770049
877,310.249934,262.171822,258.442167,265.293579,266.363427,297.695455,348.994599,285.034496,279.663842,350.129676,327.757077,344.817861,293.642597,287.770049,258.328385
878,262.171822,258.442167,265.293579,266.363427,297.695455,348.994599,285.034496,279.663842,350.129676,327.757077,344.817861,293.642597,287.770049,258.328385,308.095092
879,258.442167,265.293579,266.363427,297.695455,348.994599,285.034496,279.663842,350.129676,327.757077,344.817861,293.642597,287.770049,258.328385,308.095092,319.985784
880,265.293579,266.363427,297.695455,348.994599,285.034496,279.663842,350.129676,327.757077,344.817861,293.642597,287.770049,258.328385,308.095092,319.985784,297.650079
881,266.363427,297.695455,348.994599,285.034496,279.663842,350.129676,327.757077,344.817861,293.642597,287.770049,258.328385,308.095092,319.985784,297.650079,312.097348
882,297.695455,348.994599,285.034496,279.663842,350.129676,327.757077,344.817861,293.642597,287.770049,258.328385,308.095092,319.985784,297.650079,312.097348,332.158365
883,348.994599,285.034496,279.663842,350.129676,327.757077,344.817861,293.642597,287.770049,258.328385,308.095092,319.985784,297.650079,312.097348,332.158365,382.838793
884,285.034496,279.663842,350.129676,327.757077,344.817861,293.642597,287.770049,258.328385,308.095092,319.985784,297.650079,312.097348,332.158365,382.838793,451.670941
885,279.663842,350.129676,327.757077,344.817861,293.642597,287.770049,258.328385,308.095092,319.985784,297.650079,312.097348,332.158365,382.838793,451.670941,395.589803
886,350.129676,327.757077,344.817861,293.642597,287.770049,258.328385,308.095092,319.985784,297.650079,312.097348,332.158365,382.838793,451.670941,395.589803,403.463237
887,327.757077,344.817861,293.642597,287.770049,258.328385,308.095092,319.985784,297.650079,312.097348,332.158365,382.838793,451.670941,395.589803,403.463237,401.538106
888,344.817861,293.642597,287.770049,258.328385,308.095092,319.985784,297.650079,312.097348,332.158365,382.838793,451.670941,395.589803,403.463237,401.538106,415.490604
889,293.642597,287.770049,258.328385,308.095092,319.985784,297.650079,312.097348,332.158365,382.838793,451.670941,395.589803,403.463237,401.538106,415.490604,326.601581
890,287.770049,258.328385,308.095092,319.985784,297.650079,312.097348,332.158365,382.838793,451.670941,395.589803,403.463237,401.538106,415.490604,326.601581,318.969934
891,258.328385,308.095092,319.985784,297.650079,312.097348,332.158365,382.838793,451.670941,395.589803,403.463237,401.538106,415.490604,326.601581,318.969934,297.317657
892,308.095092,319.985784,297.650079,312.097348,332.158365,382.838793,451.670941,395.589803,403.463237,401.538106,415.490604,326.601581,318.969934,297.317657,328.885861
893,319.985784,297.650079,312.097348,332.158365,382.838793,451.670941,395.589803,403.463237,401.538106,415.490604,326.601581,318.969934,297.317657,328.885861,305.522537
894,297.650079,312.097348,332.158365,382.838793,451.670941,395.589803,403.463237,401.538106,415.490604,326.601581,318.969934,297.317657,328.885861,305.522537,313.292927
895,312.097348,332.158365,382.838793,451.670941,395.589803,403.463237,401.538106,415.490604,326.601581,318.969934,297.317657,328.885861,305.522537,313.292927,349.955248
896,332.158365,382.838793,451.670941,395.589803,403.463237,401.538106,415.490604,326.601581,318.969934,297.317657,328.885861,305.522537,313.292927,349.955248,384.723317
897,382.838793,451.670941,395.589803,403.463237,401.538106,415.490604,326.601581,318.969934,297.317657,328.885861,305.522537,313.292927,349.955248,384.723317,373.489278
898,451.670941,395.589803,403.463237,401.538106,415.490604,326.601581,318.969934,297.317657,328.885861,305.522537,313.292927,349.955248,384.723317,373.489278,358.322299
899,395.589803,403.463237,401.538106,415.490604,326.601581,318.969934,297.317657,328.885861,305.522537,313.292927,349.955248,384.723317,373.489278,358.322299,353.315851
900,403.463237,401.538106,415.490604,326.601581,318.969934,297.317657,328.885861,305.522537,313.292927,349.955248,384.723317,373.489278,358.322299,353.315851,414.84363
901,401.538106,415.490604,326.601581,318.969934,297.317657,328.885861,305.522537,313.292927,349.955248,384.723317,373.489278,358.322299,353.315851,414.84363,422.066978
902,415.490604,326.601581,318.969934,297.317657,328.885861,305.522537,313.292927,349.955248,384.723317,373.489278,358.322299,353.315851,414.84363,422.066978,442.565154
903,326.601581,318.969934,297.317657,328.885861,305.522537,313.292927,349.955248,384.723317,373.489278,358.322299,353.315851,414.84363,422.066978,442.565154,402.302416
904,318.969934,297.317657,328.885861,305.522537,313.292927,349.955248,384.723317,373.489278,358.322299,353.315851,414.84363,422.066978,442.565154,402.302416,414.345729
905,297.317657,328.885861,305.522537,313.292927,349.955248,384.723317,373.489278,358.322299,353.315851,414.84363,422.066978,442.565154,402.302416,414.345729,423.287988
906,328.885861,305.522537,313.292927,349.955248,384.723317,373.489278,358.322299,353.315851,414.84363,422.066978,442.565154,402.302416,414.345729,423.287988,369.355537
907,305.522537,313.292927,349.955248,384.723317,373.489278,358.322299,353.315851,414.84363,422.066978,442.565154,402.302416,414.345729,423.287988,369.355537,370.60942
908,313.292927,349.955248,384.723317,373.489278,358.322299,353.315851,414.84363,422.066978,442.565154,402.302416,414.345729,423.287988,369.355537,370.60942,395.946217
909,349.955248,384.723317,373.489278,358.322299,353.315851,414.84363,422.066978,442.565154,402.302416,414.345729,423.287988,369.355537,370.60942,395.946217,423.96855
910,384.723317,373.489278,358.322299,353.315851,414.84363,422.066978,442.565154,402.302416,414.345729,423.287988,369.355537,370.60942,395.946217,423.96855,407.048817
911,373.489278,358.322299,353.315851,414.84363,422.066978,442.565154,402.302416,414.345729,423.287988,369.355537,370.60942,395.946217,423.96855,407.048817,399.969133
912,358.322299,353.315851,414.84363,422.066978,442.565154,402.302416,414.345729,423.287988,369.355537,370.60942,395.946217,423.96855,407.048817,399.969133,387.445434
913,353.315851,414.84363,422.066978,442.565154,402.302416,414.345729,423.287988,369.355537,370.60942,395.946217,423.96855,407.048817,399.969133,387.445434,390.742676
914,414.84363,422.066978,442.565154,402.302416,414.345729,423.287988,369.355537,370.60942,395.946217,423.96855,407.048817,399.969133,387.445434,390.742676,347.693937
915,422.066978,442.565154,402.302416,414.345729,423.287988,369.355537,370.60942,395.946217,423.96855,407.048817,399.969133,387.445434,390.742676,347.693937,315.454361
916,442.565154,402.302416,414.345729,423.287988,369.355537,370.60942,395.946217,423.96855,407.048817,399.969133,387.445434,390.742676,347.693937,315.454361,306.257111
917,402.302416,414.345729,423.287988,369.355537,370.60942,395.946217,423.96855,407.048817,399.969133,387.445434,390.742676,347.693937,315.454361,306.257111,341.205796
918,414.345729,423.287988,369.355537,370.60942,395.946217,423.96855,407.048817,399.969133,387.445434,390.742676,347.693937,315.454361,306.257111,341.205796,356.900358
919,423.287988,369.355537,370.60942,395.946217,423.96855,407.048817,399.969133,387.445434,390.742676,347.693937,315.454361,306.257111,341.205796,356.900358,361.797707
920,369.355537,370.60942,395.946217,423.96855,407.048817,399.969133,387.445434,390.742676,347.693937,315.454361,306.257111,341.205796,356.900358,361.797707,401.235496
921,370.60942,395.946217,423.96855,407.048817,399.969133,387.445434,390.742676,347.693937,315.454361,306.257111,341.205796,356.900358,361.797707,401.235496,389.834485
922,395.946217,423.96855,407.048817,399.969133,387.445434,390.742676,347.693937,315.454361,306.257111,341.205796,356.900358,361.797707,401.235496,389.834485,394.985837
923,423.96855,407.048817,399.969133,387.445434,390.742676,347.693937,315.454361,306.257111,341.205796,356.900358,361.797707,401.235496,389.834485,394.985837,294.765068
924,407.048817,399.969133,387.445434,390.742676,347.693937,315.454361,306.257111,341.205796,356.900358,361.797707,401.235496,389.834485,394.985837,294.765068,313.968442
925,399.969133,387.445434,390.742676,347.693937,315.454361,306.257111,341.205796,356.900358,361.797707,401.235496,389.834485,394.985837,294.765068,313.968442,308.630756
926,387.445434,390.742676,347.693937,315.454361,306.257111,341.205796,356.900358,361.797707,401.235496,389.834485,394.985837,294.765068,313.968442,308.630756,285.355156
927,390.742676,347.693937,315.454361,306.257111,341.205796,356.900358,361.797707,401.235496,389.834485,394.985837,294.765068,313.968442,308.630756,285.355156,282.5017
928,347.693937,315.454361,306.257111,341.205796,356.900358,361.797707,401.235496,389.834485,394.985837,294.765068,313.968442,308.630756,285.355156,282.5017,341.311567
929,315.454361,306.257111,341.205796,356.900358,361.797707,401.235496,389.834485,394.985837,294.765068,313.968442,308.630756,285.355156,282.5017,341.311567,327.587466
930,306.257111,341.205796,356.900358,361.797707,401.235496,389.834485,394.985837,294.765068,313.968442,308.630756,285.355156,282.5017,341.311567,327.587466,291.436409
931,341.205796,356.900358,361.797707,401.235496,389.834485,394.985837,294.765068,313.968442,308.630756,285.355156,282.5017,341.311567,327.587466,291.436409,280.071276
932,356.900358,361.797707,401.235496,389.834485,394.985837,294.765068,313.968442,308.630756,285.355156,282.5017,341.311567,327.587466,291.436409,280.071276,215.428998
933,361.797707,401.235496,389.834485,394.985837,294.765068,313.968442,308.630756,285.355156,282.5017,341.311567,327.587466,291.436409,280.071276,215.428998,211.286109
934,401.235496,389.834485,394.985837,294.765068,313.968442,308.630756,285.355156,282.5017,341.311567,327.587466,291.436409,280.071276,215.428998,211.286109,250.202975
935,389.834485,394.985837,294.765068,313.968442,308.630756,285.355156,282.5017,341.311567,327.587466,291.436409,280.071276,215.428998,211.286109,250.202975,211.526587
936,394.985837,294.765068,313.968442,308.630756,285.355156,282.5017,341.311567,327.587466,291.436409,280.071276,215.428998,211.286109,250.202975,211.526587,199.177761
937,294.765068,313.968442,308.630756,285.355156,282.5017,341.311567,327.587466,291.436409,280.071276,215.428998,211.286109,250.202975,211.526587,199.177761,201.475654
938,313.968442,308.630756,285.355156,282.5017,341.311567,327.587466,291.436409,280.071276,215.428998,211.286109,250.202975,211.526587,199.177761,201.475654,182.34007
939,308.630756,285.355156,282.5017,341.311567,327.587466,291.436409,280.071276,215.428998,211.286109,250.202975,211.526587,199.177761,201.475654,182.34007,165.979995
940,285.355156,282.5017,341.311567,327.587466,291.436409,280.071276,215.428998,211.286109,250.202975,211.526587,199.177761,201.475654,182.34007,165.979995,167.743568
941,282.5017,341.311567,327.587466,291.436409,280.071276,215.428998,211.286109,250.202975,211.526587,199.177761,201.475654,182.34007,165.979995,167.743568,138.988465
942,341.311567,327.587466,291.436409,280.071276,215.428998,211.286109,250.202975,211.526587,199.177761,201.475654,182.34007,165.979995,167.743568,138.988465,135.389005
943,327.587466,291.436409,280.071276,215.428998,211.286109,250.202975,211.526587,199.177761,201.475654,182.34007,165.979995,167.743568,138.988465,135.389005,137.158213
944,291.436409,280.071276,215.428998,211.286109,250.202975,211.526587,199.177761,201.475654,182.34007,165.979995,167.743568,138.988465,135.389005,137.158213,146.485669
945,280.071276,215.428998,211.286109,250.202975,211.526587,199.177761,201.475654,182.34007,165.979995,167.743568,138.988465,135.389005,137.158213,146.485669,196.951625
946,215.428998,211.286109,250.202975,211.526587,199.177761,201.475654,182.34007,165.979995,167.743568,138.988465,135.389005,137.158213,146.485669,196.951625,162.726378
947,211.286109,250.202975,211.526587,199.177761,201.475654,182.34007,165.979995,167.743568,138.988465,135.389005,137.158213,146.485669,196.951625,162.726378,161.980504
948,250.202975,211.526587,199.177761,201.475654,182.34007,165.979995,167.743568,138.988465,135.389005,137.158213,146.485669,196.951625,162.726378,161.980504,166.143761
949,211.526587,199.177761,201.475654,182.34007,165.979995,167.743568,138.988465,135.389005,137.158213,146.485669,196.951625,162.726378,161.980504,166.143761,150.436663
950,199.177761,201.475654,182.34007,165.979995,167.743568,138.988465,135.389005,137.158213,146.485669,196.951625,162.726378,161.980504,166.143761,150.436663,135.087633
951,201.475654,182.34007,165.979995,167.743568,138.988465,135.389005,137.158213,146.485669,196.951625,162.726378,161.980504,166.143761,150.436663,135.087633,136.669501
952,182.34007,165.979995,167.743568,138.988465,135.389005,137.158213,146.485669,196.951625,162.726378,161.980504,166.143761,150.436663,135.087633,136.669501,129.444123
953,165.979995,167.743568,138.988465,135.389005,137.158213,146.485669,196.951625,162.726378,161.980504,166.143761,150.436663,135.087633,136.669501,129.444123,144.817594
954,167.743568,138.988465,135.389005,137.158213,146.485669,196.951625,162.726378,161.980504,166.143761,150.436663,135.087633,136.669501,129.444123,144.817594,133.160883
955,138.988465,135.389005,137.158213,146.485669,196.951625,162.726378,161.980504,166.143761,150.436663,135.087633,136.669501,129.444123,144.817594,133.160883,134.663895
956,135.389005,137.158213,146.485669,196.951625,162.726378,161.980504,166.143761,150.436663,135.087633,136.669501,129.444123,144.817594,133.160883,134.663895,154.679729
957,137.158213,146.485669,196.951625,162.726378,161.980504,166.143761,150.436663,135.087633,136.669501,129.444123,144.817594,133.160883,134.663895,154.679729,129.438816
958,146.485669,196.951625,162.726378,161.980504,166.143761,150.436663,135.087633,136.669501,129.444123,144.817594,133.160883,134.663895,154.679729,129.438816,132.150605
959,196.951625,162.726378,161.980504,166.143761,150.436663,135.087633,136.669501,129.444123,144.817594,133.160883,134.663895,154.679729,129.438816,132.150605,157.294591
960,162.726378,161.980504,166.143761,150.436663,135.087633,136.669501,129.444123,144.817594,133.160883,134.663895,154.679729,129.438816,132.150605,157.294591,136.080008
961,161.980504,166.143761,150.436663,135.087633,136.669501,129.444123,144.817594,133.160883,134.663895,154.679729,129.438816,132.150605,157.294591,136.080008,116.694364
962,166.143761,150.436663,135.087633,136.669501,129.444123,144.817594,133.160883,134.663895,154.679729,129.438816,132.150605,157.294591,136.080008,116.694364,140.016178
963,150.436663,135.087633,136.669501,129.444123,144.817594,133.160883,134.663895,154.679729,129.438816,132.150605,157.294591,136.080008,116.694364,140.016178,124.726075
964,135.087633,136.669501,129.444123,144.817594,133.160883,134.663895,154.679729,129.438816,132.150605,157.294591,136.080008,116.694364,140.016178,124.726075,121.38185
965,136.669501,129.444123,144.817594,133.160883,134.663895,154.679729,129.438816,132.150605,157.294591,136.080008,116.694364,140.016178,124.726075,121.38185,124.751458
966,129.444123,144.817594,133.160883,134.663895,154.679729,129.438816,132.150605,157.294591,136.080008,116.694364,140.016178,124.726075,121.38185,124.751458,134.120133
967,144.817594,133.160883,134.663895,154.679729,129.438816,132.150605,157.294591,136.080008,116.694364,140.016178,124.726075,121.38185,124.751458,134.120133,124.217897
968,133.160883,134.663895,154.679729,129.438816,132.150605,157.294591,136.080008,116.694364,140.016178,124.726075,121.38185,124.751458,134.120133,124.217897,121.172843
969,134.663895,154.679729,129.438816,132.150605,157.294591,136.080008,116.694364,140.016178,124.726075,121.38185,124.751458,134.120133,124.217897,121.172843,130.666423
970,154.679729,129.438816,132.150605,157.294591,136.080008,116.694364,140.016178,124.726075,121.38185,124.751458,134.120133,124.217897,121.172843,130.666423,148.872689
971,129.438816,132.150605,157.294591,136.080008,116.694364,140.016178,124.726075,121.38185,124.751458,134.120133,124.217897,121.172843,130.666423,148.872689,122.011364
972,132.150605,157.294591,136.080008,116.694364,140.016178,124.726075,121.38185,124.751458,134.120133,124.217897,121.172843,130.666423,148.872689,122.011364,129.73383
973,157.294591,136.080008,116.694364,140.016178,124.726075,121.38185,124.751458,134.120133,124.217897,121.172843,130.666423,148.872689,122.011364,129.73383,135.242555
974,136.080008,116.694364,140.016178,124.726075,121.38185,124.751458,134.120133,124.217897,121.172843,130.666423,148.872689,122.011364,129.73383,135.242555,129.969163
975,116.694364,140.016178,124.726075,121.38185,124.751458,134.120133,124.217897,121.172843,130.666423,148.872689,122.011364,129.73383,135.242555,129.969163,133.693209
976,140.016178,124.726075,121.38185,124.751458,134.120133,124.217897,121.172843,130.666423,148.872689,122.011364,129.73383,135.242555,129.969163,133.693209,132.929247
977,124.726075,121.38185,124.751458,134.120133,124.217897,121.172843,130.666423,148.872689,122.011364,129.73383,135.242555,129.969163,133.693209,132.929247,137.949794
978,121.38185,124.751458,134.120133,124.217897,121.172843,130.666423,148.872689,122.011364,129.73383,135.242555,129.969163,133.693209,132.929247,137.949794,145.480878
979,124.751458,134.120133,124.217897,121.172843,130.666423,148.872689,122.011364,129.73383,135.242555,129.969163,133.693209,132.929247,137.949794,145.480878,116.440035
980,134.120133,124.217897,121.172843,130.666423,148.872689,122.011364,129.73383,135.242555,129.969163,133.693209,132.929247,137.949794,145.480878,116.440035,130.356922
981,124.217897,121.172843,130.666423,148.872689,122.011364,129.73383,135.242555,129.969163,133.693209,132.929247,137.949794,145.480878,116.440035,130.356922,132.76608
982,121.172843,130.666423,148.872689,122.011364,129.73383,135.242555,129.969163,133.693209,132.929247,137.949794,145.480878,116.440035,130.356922,132.76608,158.468791
983,130.666423,148.872689,122.011364,129.73383,135.242555,129.969163,133.693209,132.929247,137.949794,145.480878,116.440035,130.356922,132.76608,158.468791,124.990878
984,148.872689,122.011364,129.73383,135.242555,129.969163,133.693209,132.929247,137.949794,145.480878,116.440035,130.356922,132.76608,158.468791,124.990878,127.718908
985,122.011364,129.73383,135.242555,129.969163,133.693209,132.929247,137.949794,145.480878,116.440035,130.356922,132.76608,158.468791,124.990878,127.718908,135.171681
986,129.73383,135.242555,129.969163,133.693209,132.929247,137.949794,145.480878,116.440035,130.356922,132.76608,158.468791,124.990878,127.718908,135.171681,116.671605
987,135.242555,129.969163,133.693209,132.929247,137.949794,145.480878,116.440035,130.356922,132.76608,158.468791,124.990878,127.718908,135.171681,116.671605,126.572848
988,129.969163,133.693209,132.929247,137.949794,145.480878,116.440035,130.356922,132.76608,158.468791,124.990878,127.718908,135.171681,116.671605,126.572848,129.745462
989,133.693209,132.929247,137.949794,145.480878,116.440035,130.356922,132.76608,158.468791,124.990878,127.718908,135.171681,116.671605,126.572848,129.745462,123.525247
990,132.929247,137.949794,145.480878,116.440035,130.356922,132.76608,158.468791,124.990878,127.718908,135.171681,116.671605,126.572848,129.745462,123.525247,114.284438
991,137.949794,145.480878,116.440035,130.356922,132.76608,158.468791,124.990878,127.718908,135.171681,116.671605,126.572848,129.745462,123.525247,114.284438,126.980262
992,145.480878,116.440035,130.356922,132.76608,158.468791,124.990878,127.718908,135.171681,116.671605,126.572848,129.745462,123.525247,114.284438,126.980262,134.426527
993,116.440035,130.356922,132.76608,158.468791,124.990878,127.718908,135.171681,116.671605,126.572848,129.745462,123.525247,114.284438,126.980262,134.426527,138.032821
994,130.356922,132.76608,158.468791,124.990878,127.718908,135.171681,116.671605,126.572848,129.745462,123.525247,114.284438,126.980262,134.426527,138.032821,147.68501
995,132.76608,158.468791,124.990878,127.718908,135.171681,116.671605,126.572848,129.745462,123.525247,114.284438,126.980262,134.426527,138.032821,147.68501,129.065813
996,158.468791,124.990878,127.718908,135.171681,116.671605,126.572848,129.745462,123.525247,114.284438,126.980262,134.426527,138.032821,147.68501,129.065813,117.533158
997,124.990878,127.718908,135.171681,116.671605,126.572848,129.745462,123.525247,114.284438,126.980262,134.426527,138.032821,147.68501,129.065813,117.533158,122.27869
998,127.718908,135.171681,116.671605,126.572848,129.745462,123.525247,114.284438,126.980262,134.426527,138.032821,147.68501,129.065813,117.533158,122.27869,126.230862
999,135.171681,116.671605,126.572848,129.745462,123.525247,114.284438,126.980262,134.426527,138.032821,147.68501,129.065813,117.533158,122.27869,126.230862,118.40081
1000,116.671605,126.572848,129.745462,123.525247,114.284438,126.980262,134.426527,138.032821,147.68501,129.065813,117.533158,122.27869,126.230862,118.40081,119.260004
1001,126.572848,129.745462,123.525247,114.284438,126.980262,134.426527,138.032821,147.68501,129.065813,117.533158,122.27869,126.230862,118.40081,119.260004,119.081251
1002,129.745462,123.525247,114.284438,126.980262,134.426527,138.032821,147.68501,129.065813,117.533158,122.27869,126.230862,118.40081,119.260004,119.081251,112.922328
1003,123.525247,114.284438,126.980262,134.426527,138.032821,147.68501,129.065813,117.533158,122.27869,126.230862,118.40081,119.260004,119.081251,112.922328,111.722539
1004,114.284438,126.980262,134.426527,138.032821,147.68501,129.065813,117.533158,122.27869,126.230862,118.40081,119.260004,119.081251,112.922328,111.722539,116.014997
1005,126.980262,134.426527,138.032821,147.68501,129.065813,117.533158,122.27869,126.230862,118.40081,119.260004,119.081251,112.922328,111.722539,116.014997,125.535314
1006,134.426527,138.032821,147.68501,129.065813,117.533158,122.27869,126.230862,118.40081,119.260004,119.081251,112.922328,111.722539,116.014997,125.535314,131.082752
1007,138.032821,147.68501,129.065813,117.533158,122.27869,126.230862,118.40081,119.260004,119.081251,112.922328,111.722539,116.014997,125.535314,131.082752,129.559017
1008,147.68501,129.065813,117.533158,122.27869,126.230862,118.40081,119.260004,119.081251,112.922328,111.722539,116.014997,125.535314,131.082752,129.559017,142.153866
1009,129.065813,117.533158,122.27869,126.230862,118.40081,119.260004,119.081251,112.922328,111.722539,116.014997,125.535314,131.082752,129.559017,142.153866,136.029027
1010,117.533158,122.27869,126.230862,118.40081,119.260004,119.081251,112.922328,111.722539,116.014997,125.535314,131.082752,129.559017,142.153866,136.029027,148.592603
1011,122.27869,126.230862,118.40081,119.260004,119.081251,112.922328,111.722539,116.014997,125.535314,131.082752,129.559017,142.153866,136.029027,148.592603,189.34755
1012,126.230862,118.40081,119.260004,119.081251,112.922328,111.722539,116.014997,125.535314,131.082752,129.559017,142.153866,136.029027,148.592603,189.34755,154.46378
1013,118.40081,119.260004,119.081251,112.922328,111.722539,116.014997,125.535314,131.082752,129.559017,142.153866,136.029027,148.592603,189.34755,154.46378,146.857086
1014,119.260004,119.081251,112.922328,111.722539,116.014997,125.535314,131.082752,129.559017,142.153866,136.029027,148.592603,189.34755,154.46378,146.857086,169.062006
1015,119.081251,112.922328,111.722539,116.014997,125.535314,131.082752,129.559017,142.153866,136.029027,148.592603,189.34755,154.46378,146.857086,169.062006,185.378512
1016,112.922328,111.722539,116.014997,125.535314,131.082752,129.559017,142.153866,136.029027,148.592603,189.34755,154.46378,146.857086,169.062006,185.378512,193.94032
1017,111.722539,116.014997,125.535314,131.082752,129.559017,142.153866,136.029027,148.592603,189.34755,154.46378,146.857086,169.062006,185.378512,193.94032,204.947509
1018,116.014997,125.535314,131.082752,129.559017,142.153866,136.029027,148.592603,189.34755,154.46378,146.857086,169.062006,185.378512,193.94032,204.947509,216.709554
1019,125.535314,131.082752,129.559017,142.153866,136.029027,148.592603,189.34755,154.46378,146.857086,169.062006,185.378512,193.94032,204.947509,216.709554,271.369276
1020,131.082752,129.559017,142.153866,136.029027,148.592603,189.34755,154.46378,146.857086,169.062006,185.378512,193.94032,204.947509,216.709554,271.369276,285.337136
1021,129.559017,142.153866,136.029027,148.592603,189.34755,154.46378,146.857086,169.062006,185.378512,193.94032,204.947509,216.709554,271.369276,285.337136,254.377184
1022,142.153866,136.029027,148.592603,189.34755,154.46378,146.857086,169.062006,185.378512,193.94032,204.947509,216.709554,271.369276,285.337136,254.377184,244.786224
1023,136.029027,148.592603,189.34755,154.46378,146.857086,169.062006,185.378512,193.94032,204.947509,216.709554,271.369276,285.337136,254.377184,244.786224,340.230818
1024,148.592603,189.34755,154.46378,146.857086,169.062006,185.378512,193.94032,204.947509,216.709554,271.369276,285.337136,254.377184,244.786224,340.230818,332.681444
1025,189.34755,154.46378,146.857086,169.062006,185.378512,193.94032,204.947509,216.709554,271.369276,285.337136,254.377184,244.786224,340.230818,332.681444,291.021289
1026,154.46378,146.857086,169.062006,185.378512,193.94032,204.947509,216.709554,271.369276,285.337136,254.377184,244.786224,340.230818,332.681444,291.021289,253.996859
1027,146.857086,169.062006,185.378512,193.94032,204.947509,216.709554,271.369276,285.337136,254.377184,244.786224,340.230818,332.681444,291.021289,253.996859,319.290166
1028,169.062006,185.378512,193.94032,204.947509,216.709554,271.369276,285.337136,254.377184,244.786224,340.230818,332.681444,291.021289,253.996859,319.290166,340.04887
1029,185.378512,193.94032,204.947509,216.709554,271.369276,285.337136,254.377184,244.786224,340.230818,332.681444,291.021289,253.996859,319.290166,340.04887,339.206242
1030,193.94032,204.947509,216.709554,271.369276,285.337136,254.377184,244.786224,340.230818,332.681444,291.021289,253.996859,319.290166,340.04887,339.206242,281.408793
1031,204.947509,216.709554,271.369276,285.337136,254.377184,244.786224,340.230818,332.681444,291.021289,253.996859,319.290166,340.04887,339.206242,281.408793,267.556013
1032,216.709554,271.369276,285.337136,254.377184,244.786224,340.230818,332.681444,291.021289,253.996859,319.290166,340.04887,339.206242,281.408793,267.556013,322.008121
1033,271.369276,285.337136,254.377184,244.786224,340.230818,332.681444,291.021289,253.996859,319.290166,340.04887,339.206242,281.408793,267.556013,322.008121,351.0789
1034,285.337136,254.377184,244.786224,340.230818,332.681444,291.021289,253.996859,319.290166,340.04887,339.206242,281.408793,267.556013,322.008121,351.0789,335.896925
1035,254.377184,244.786224,340.230818,332.681444,291.021289,253.996859,319.290166,340.04887,339.206242,281.408793,267.556013,322.008121,351.0789,335.896925,302.040033
1036,244.786224,340.230818,332.681444,291.021289,253.996859,319.290166,340.04887,339.206242,281.408793,267.556013,322.008121,351.0789,335.896925,302.040033,287.806655
1037,340.230818,332.681444,291.021289,253.996859,319.290166,340.04887,339.206242,281.408793,267.556013,322.008121,351.0789,335.896925,302.040033,287.806655,275.419143
1038,332.681444,291.021289,253.996859,319.290166,340.04887,339.206242,281.408793,267.556013,322.008121,351.0789,335.896925,302.040033,287.806655,275.419143,269.527217
1039,291.021289,253.996859,319.290166,340.04887,339.206242,281.408793,267.556013,322.008121,351.0789,335.896925,302.040033,287.806655,275.419143,269.527217,255.376827
1040,253.996859,319.290166,340.04887,339.206242,281.408793,267.556013,322.008121,351.0789,335.896925,302.040033,287.806655,275.419143,269.527217,255.376827,353.734769
1041,319.290166,340.04887,339.206242,281.408793,267.556013,322.008121,351.0789,335.896925,302.040033,287.806655,275.419143,269.527217,255.376827,353.734769,413.460094
1042,340.04887,339.206242,281.408793,267.556013,322.008121,351.0789,335.896925,302.040033,287.806655,275.419143,269.527217,255.376827,353.734769,413.460094,354.466194
1043,339.206242,281.408793,267.556013,322.008121,351.0789,335.896925,302.040033,287.806655,275.419143,269.527217,255.376827,353.734769,413.460094,354.466194,362.230324
1044,281.408793,267.556013,322.008121,351.0789,335.896925,302.040033,287.806655,275.419143,269.527217,255.376827,353.734769,413.460094,354.466194,362.230324,397.82669
1045,267.556013,322.008121,351.0789,335.896925,302.040033,287.806655,275.419143,269.527217,255.376827,353.734769,413.460094,354.466194,362.230324,397.82669,333.905036
1046,322.008121,351.0789,335.896925,302.040033,287.806655,275.419143,269.527217,255.376827,353.734769,413.460094,354.466194,362.230324,397.82669,333.905036,314.240622
1047,351.0789,335.896925,302.040033,287.806655,275.419143,269.527217,255.376827,353.734769,413.460094,354.466194,362.230324,397.82669,333.905036,314.240622,332.175981
1048,335.896925,302.040033,287.806655,275.419143,269.527217,255.376827,353.734769,413.460094,354.466194,362.230324,397.82669,333.905036,314.240622,332.175981,370.927228
1049,302.040033,287.806655,275.419143,269.527217,255.376827,353.734769,413.460094,354.466194,362.230324,397.82669,333.905036,314.240622,332.175981,370.927228,353.978403
1050,287.806655,275.419143,269.527217,255.376827,353.734769,413.460094,354.466194,362.230324,397.82669,333.905036,314.240622,332.175981,370.927228,353.978403,310.885565
1051,275.419143,269.527217,255.376827,353.734769,413.460094,354.466194,362.230324,397.82669,333.905036,314.240622,332.175981,370.927228,353.978403,310.885565,357.625049
1052,269.527217,255.376827,353.734769,413.460094,354.466194,362.230324,397.82669,333.905036,314.240622,332.175981,370.927228,353.978403,310.885565,357.625049,369.840835
1053,255.376827,353.734769,413.460094,354.466194,362.230324,397.82669,333.905036,314.240622,332.175981,370.927228,353.978403,310.885565,357.625049,369.840835,359.130628
1054,353.734769,413.460094,354.466194,362.230324,397.82669,333.905036,314.240622,332.175981,370.927228,353.978403,310.885565,357.625049,369.840835,359.130628,361.063753
1055,413.460094,354.466194,362.230324,397.82669,333.905036,314.240622,332.175981,370.927228,353.978403,310.885565,357.625049,369.840835,359.130628,361.063753,368.366836
1056,354.466194,362.230324,397.82669,333.905036,314.240622,332.175981,370.927228,353.978403,310.885565,357.625049,369.840835,359.130628,361.063753,368.366836,318.427899
1057,362.230324,397.82669,333.905036,314.240622,332.175981,370.927228,353.978403,310.885565,357.625049,369.840835,359.130628,361.063753,368.366836,318.427899,244.383466
1058,397.82669,333.905036,314.240622,332.175981,370.927228,353.978403,310.885565,357.625049,369.840835,359.130628,361.063753,368.366836,318.427899,244.383466,284.911313
1059,333.905036,314.240622,332.175981,370.927228,353.978403,310.885565,357.625049,369.840835,359.130628,361.063753,368.366836,318.427899,244.383466,284.911313,317.814721
1060,314.240622,332.175981,370.927228,353.978403,310.885565,357.625049,369.840835,359.130628,361.063753,368.366836,318.427899,244.383466,284.911313,317.814721,347.205583
1061,332.175981,370.927228,353.978403,310.885565,357.625049,369.840835,359.130628,361.063753,368.366836,318.427899,244.383466,284.911313,317.814721,347.205583,278.224264
1062,370.927228,353.978403,310.885565,357.625049,369.840835,359.130628,361.063753,368.366836,318.427899,244.383466,284.911313,317.814721,347.205583,278.224264,397.881177
1063,353.978403,310.885565,357.625049,369.840835,359.130628,361.063753,368.366836,318.427899,244.383466,284.911313,317.814721,347.205583,278.224264,397.881177,328.607563
1064,310.885565,357.625049,369.840835,359.130628,361.063753,368.366836,318.427899,244.383466,284.911313,317.814721,347.205583,278.224264,397.881177,328.607563,269.616798
1065,357.625049,369.840835,359.130628,361.063753,368.366836,318.427899,244.383466,284.911313,317.814721,347.205583,278.224264,397.881177,328.607563,269.616798,260.135745
1066,369.840835,359.130628,361.063753,368.366836,318.427899,244.383466,284.911313,317.814721,347.205583,278.224264,397.881177,328.607563,269.616798,260.135745,273.660889
1067,359.130628,361.063753,368.366836,318.427899,244.383466,284.911313,317.814721,347.205583,278.224264,397.881177,328.607563,269.616798,260.135745,273.660889,258.327285
1068,361.063753,368.366836,318.427899,244.383466,284.911313,317.814721,347.205583,278.224264,397.881177,328.607563,269.616798,260.135745,273.660889,258.327285,315.089404
1069,368.366836,318.427899,244.383466,284.911313,317.814721,347.205583,278.224264,397.881177,328.607563,269.616798,260.135745,273.660889,258.327285,315.089404,370.516347
1070,318.427899,244.383466,284.911313,317.814721,347.205583,278.224264,397.881177,328.607563,269.616798,260.135745,273.660889,258.327285,315.089404,370.516347,371.837168
1071,244.383466,284.911313,317.814721,347.205583,278.224264,397.881177,328.607563,269.616798,260.135745,273.660889,258.327285,315.089404,370.516347,371.837168,328.568019
1072,284.911313,317.814721,347.205583,278.224264,397.881177,328.607563,269.616798,260.135745,273.660889,258.327285,315.089404,370.516347,371.837168,328.568019,369.501755
1073,317.814721,347.205583,278.224264,397.881177,328.607563,269.616798,260.135745,273.660889,258.327285,315.089404,370.516347,371.837168,328.568019,369.501755,311.57301
1074,347.205583,278.224264,397.881177,328.607563,269.616798,260.135745,273.660889,258.327285,315.089404,370.516347,371.837168,328.568019,369.501755,311.57301,329.318763
1075,278.224264,397.881177,328.607563,269.616798,260.135745,273.660889,258.327285,315.089404,370.516347,371.837168,328.568019,369.501755,311.57301,329.318763,324.96532
1076,397.881177,328.607563,269.616798,260.135745,273.660889,258.327285,315.089404,370.516347,371.837168,328.568019,369.501755,311.57301,329.318763,324.96532,312.79958
1077,328.607563,269.616798,260.135745,273.660889,258.327285,315.089404,370.516347,371.837168,328.568019,369.501755,311.57301,329.318763,324.96532,312.79958,337.367553
1078,269.616798,260.135745,273.660889,258.327285,315.089404,370.516347,371.837168,328.568019,369.501755,311.57301,329.318763,324.96532,312.79958,337.367553,344.140633
1079,260.135745,273.660889,258.327285,315.089404,370.516347,371.837168,328.568019,369.501755,311.57301,329.318763,324.96532,312.79958,337.367553,344.140633,338.242296
1080,273.660889,258.327285,315.089404,370.516347,371.837168,328.568019,369.501755,311.57301,329.318763,324.96532,312.79958,337.367553,344.140633,338.242296,276.575183
1081,258.327285,315.089404,370.516347,371.837168,328.568019,369.501755,311.57301,329.318763,324.96532,312.79958,337.367553,344.140633,338.242296,276.575183,259.758188
1082,315.089404,370.516347,371.837168,328.568019,369.501755,311.57301,329.318763,324.96532,312.79958,337.367553,344.140633,338.242296,276.575183,259.758188,221.843408
1083,370.516347,371.837168,328.568019,369.501755,311.57301,329.318763,324.96532,312.79958,337.367553,344.140633,338.242296,276.575183,259.758188,221.843408,236.464263
1084,371.837168,328.568019,369.501755,311.57301,329.318763,324.96532,312.79958,337.367553,344.140633,338.242296,276.575183,259.758188,221.843408,236.464263,246.407767
1085,328.568019,369.501755,311.57301,329.318763,324.96532,312.79958,337.367553,344.140633,338.242296,276.575183,259.758188,221.843408,236.464263,246.407767,226.118164
1086,369.501755,311.57301,329.318763,324.96532,312.79958,337.367553,344.140633,338.242296,276.575183,259.758188,221.843408,236.464263,246.407767,226.118164,247.368673
1087,311.57301,329.318763,324.96532,312.79958,337.367553,344.140633,338.242296,276.575183,259.758188,221.843408,236.464263,246.407767,226.118164,247.368673,260.95764
1088,329.318763,324.96532,312.79958,337.367553,344.140633,338.242296,276.575183,259.758188,221.843408,236.464263,246.407767,226.118164,247.368673,260.95764,252.49381
1089,324.96532,312.79958,337.367553,344.140633,338.242296,276.575183,259.758188,221.843408,236.464263,246.407767,226.118164,247.368673,260.95764,252.49381,238.667714
1090,312.79958,337.367553,344.140633,338.242296,276.575183,259.758188,221.843408,236.464263,246.407767,226.118164,247.368673,260.95764,252.49381,238.667714,273.831621
1091,337.367553,344.140633,338.242296,276.575183,259.758188,221.843408,236.464263,246.407767,226.118164,247.368673,260.95764,252.49381,238.667714,273.831621,264.789681
1092,344.140633,338.242296,276.575183,259.758188,221.843408,236.464263,246.407767,226.118164,247.368673,260.95764,252.49381,238.667714,273.831621,264.789681,270.19333
1093,338.242296,276.575183,259.758188,221.843408,236.464263,246.407767,226.118164,247.368673,260.95764,252.49381,238.667714,273.831621,264.789681,270.19333,261.810235
1094,276.575183,259.758188,221.843408,236.464263,246.407767,226.118164,247.368673,260.95764,252.49381,238.667714,273.831621,264.789681,270.19333,261.810235,281.335085
1095,259.758188,221.843408,236.464263,246.407767,226.118164,247.368673,260.95764,252.49381,238.667714,273.831621,264.789681,270.19333,261.810235,281.335085,293.778093
1096,221.843408,236.464263,246.407767,226.118164,247.368673,260.95764,252.49381,238.667714,273.831621,264.789681,270.19333,261.810235,281.335085,293.778093,297.106893
1097,236.464263,246.407767,226.118164,247.368673,260.95764,252.49381,238.667714,273.831621,264.789681,270.19333,261.810235,281.335085,293.778093,297.106893,328.1698
1098,246.407767,226.118164,247.368673,260.95764,252.49381,238.667714,273.831621,264.789681,270.19333,261.810235,281.335085,293.778093,297.106893,328.1698,294.111678
1099,226.118164,247.368673,260.95764,252.49381,238.667714,273.831621,264.789681,270.19333,261.810235,281.335085,293.778093,297.106893,328.1698,294.111678,250.591841
1100,247.368673,260.95764,252.49381,238.667714,273.831621,264.789681,270.19333,261.810235,281.335085,293.778093,297.106893,328.1698,294.111678,250.591841,260.284613
1101,260.95764,252.49381,238.667714,273.831621,264.789681,270.19333,261.810235,281.335085,293.778093,297.106893,328.1698,294.111678,250.591841,260.284613,224.431313
1102,252.49381,238.667714,273.831621,264.789681,270.19333,261.810235,281.335085,293.778093,297.106893,328.1698,294.111678,250.591841,260.284613,224.431313,263.466945
1103,238.667714,273.831621,264.789681,270.19333,261.810235,281.335085,293.778093,297.106893,328.1698,294.111678,250.591841,260.284613,224.431313,263.466945,259.680697
1104,273.831621,264.789681,270.19333,261.810235,281.335085,293.778093,297.106893,328.1698,294.111678,250.591841,260.284613,224.431313,263.466945,259.680697,233.803641
1105,264.789681,270.19333,261.810235,281.335085,293.778093,297.106893,328.1698,294.111678,250.591841,260.284613,224.431313,263.466945,259.680697,233.803641,214.581111
1106,270.19333,261.810235,281.335085,293.778093,297.106893,328.1698,294.111678,250.591841,260.284613,224.431313,263.466945,259.680697,233.803641,214.581111,194.457183
1107,261.810235,281.335085,293.778093,297.106893,328.1698,294.111678,250.591841,260.284613,224.431313,263.466945,259.680697,233.803641,214.581111,194.457183,179.562217
1108,281.335085,293.778093,297.106893,328.1698,294.111678,250.591841,260.284613,224.431313,263.466945,259.680697,233.803641,214.581111,194.457183,179.562217,202.649041
1109,293.778093,297.106893,328.1698,294.111678,250.591841,260.284613,224.431313,263.466945,259.680697,233.803641,214.581111,194.457183,179.562217,202.649041,210.685477
1110,297.106893,328.1698,294.111678,250.591841,260.284613,224.431313,263.466945,259.680697,233.803641,214.581111,194.457183,179.562217,202.649041,210.685477,228.724189
1111,328.1698,294.111678,250.591841,260.284613,224.431313,263.466945,259.680697,233.803641,214.581111,194.457183,179.562217,202.649041,210.685477,228.724189,216.110456
1112,294.111678,250.591841,260.284613,224.431313,263.466945,259.680697,233.803641,214.581111,194.457183,179.562217,202.649041,210.685477,228.724189,216.110456,224.459877
1113,250.591841,260.284613,224.431313,263.466945,259.680697,233.803641,214.581111,194.457183,179.562217,202.649041,210.685477,228.724189,216.110456,224.459877,234.020577
1114,260.284613,224.431313,263.466945,259.680697,233.803641,214.581111,194.457183,179.562217,202.649041,210.685477,228.724189,216.110456,224.459877,234.020577,249.458765
1115,224.431313,263.466945,259.680697,233.803641,214.581111,194.457183,179.562217,202.649041,210.685477,228.724189,216.110456,224.459877,234.020577,249.458765,222.013367
1116,263.466945,259.680697,233.803641,214.581111,194.457183,179.562217,202.649041,210.685477,228.724189,216.110456,224.459877,234.020577,249.458765,222.013367,232.596971
1117,259.680697,233.803641,214.581111,194.457183,179.562217,202.649041,210.685477,228.724189,216.110456,224.459877,234.020577,249.458765,222.013367,232.596971,264.231197
1118,233.803641,214.581111,194.457183,179.562217,202.649041,210.685477,228.724189,216.110456,224.459877,234.020577,249.458765,222.013367,232.596971,264.231197,263.040534
1119,214.581111,194.457183,179.562217,202.649041,210.685477,228.724189,216.110456,224.459877,234.020577,249.458765,222.013367,232.596971,264.231197,263.040534,269.562718
1120,194.457183,179.562217,202.649041,210.685477,228.724189,216.110456,224.459877,234.020577,249.458765,222.013367,232.596971,264.231197,263.040534,269.562718,270.942002
1121,179.562217,202.649041,210.685477,228.724189,216.110456,224.459877,234.020577,249.458765,222.013367,232.596971,264.231197,263.040534,269.562718,270.942002,247.649922
1122,202.649041,210.685477,228.724189,216.110456,224.459877,234.020577,249.458765,222.013367,232.596971,264.231197,263.040534,269.562718,270.942002,247.649922,257.908767
1123,210.685477,228.724189,216.110456,224.459877,234.020577,249.458765,222.013367,232.596971,264.231197,263.040534,269.562718,270.942002,247.649922,257.908767,251.637965
1124,228.724189,216.110456,224.459877,234.020577,249.458765,222.013367,232.596971,264.231197,263.040534,269.562718,270.942002,247.649922,257.908767,251.637965,229.842412
1125,216.110456,224.459877,234.020577,249.458765,222.013367,232.596971,264.231197,263.040534,269.562718,270.942002,247.649922,257.908767,251.637965,229.842412,251.632893
1126,224.459877,234.020577,249.458765,222.013367,232.596971,264.231197,263.040534,269.562718,270.942002,247.649922,257.908767,251.637965,229.842412,251.632893,282.182698
1127,234.020577,249.458765,222.013367,232.596971,264.231197,263.040534,269.562718,270.942002,247.649922,257.908767,251.637965,229.842412,251.632893,282.182698,269.848779
1128,249.458765,222.013367,232.596971,264.231197,263.040534,269.562718,270.942002,247.649922,257.908767,251.637965,229.842412,251.632893,282.182698,269.848779,210.274605
1129,222.013367,232.596971,264.231197,263.040534,269.562718,270.942002,247.649922,257.908767,251.637965,229.842412,251.632893,282.182698,269.848779,210.274605,238.599506
1130,232.596971,264.231197,263.040534,269.562718,270.942002,247.649922,257.908767,251.637965,229.842412,251.632893,282.182698,269.848779,210.274605,238.599506,255.58836
1131,264.231197,263.040534,269.562718,270.942002,247.649922,257.908767,251.637965,229.842412,251.632893,282.182698,269.848779,210.274605,238.599506,255.58836,266.98286
1132,263.040534,269.562718,270.942002,247.649922,257.908767,251.637965,229.842412,251.632893,282.182698,269.848779,210.274605,238.599506,255.58836,266.98286,270.458984
1133,269.562718,270.942002,247.649922,257.908767,251.637965,229.842412,251.632893,282.182698,269.848779,210.274605,238.599506,255.58836,266.98286,270.458984,285.900942
1134,270.942002,247.649922,257.908767,251.637965,229.842412,251.632893,282.182698,269.848779,210.274605,238.599506,255.58836,266.98286,270.458984,285.900942,303.478101
1135,247.649922,257.908767,251.637965,229.842412,251.632893,282.182698,269.848779,210.274605,238.599506,255.58836,266.98286,270.458984,285.900942,303.478101,226.971404
1136,257.908767,251.637965,229.842412,251.632893,282.182698,269.848779,210.274605,238.599506,255.58836,266.98286,270.458984,285.900942,303.478101,226.971404,239.029162
1137,251.637965,229.842412,251.632893,282.182698,269.848779,210.274605,238.599506,255.58836,266.98286,270.458984,285.900942,303.478101,226.971404,239.029162,214.798762
1138,229.842412,251.632893,282.182698,269.848779,210.274605,238.599506,255.58836,266.98286,270.458984,285.900942,303.478101,226.971404,239.029162,214.798762,231.126544
1139,251.632893,282.182698,269.848779,210.274605,238.599506,255.58836,266.98286,270.458984,285.900942,303.478101,226.971404,239.029162,214.798762,231.126544,236.730013
1140,282.182698,269.848779,210.274605,238.599506,255.58836,266.98286,270.458984,285.900942,303.478101,226.971404,239.029162,214.798762,231.126544,236.730013,214.831562
1141,269.848779,210.274605,238.599506,255.58836,266.98286,270.458984,285.900942,303.478101,226.971404,239.029162,214.798762,231.126544,236.730013,214.831562,285.0386
1142,210.274605,238.599506,255.58836,266.98286,270.458984,285.900942,303.478101,226.971404,239.029162,214.798762,231.126544,236.730013,214.831562,285.0386,325.145828
1143,238.599506,255.58836,266.98286,270.458984,285.900942,303.478101,226.971404,239.029162,214.798762,231.126544,236.730013,214.831562,285.0386,325.145828,294.695078
1144,255.58836,266.98286,270.458984,285.900942,303.478101,226.971404,239.029162,214.798762,231.126544,236.730013,214.831562,285.0386,325.145828,294.695078,296.645457
1145,266.98286,270.458984,285.900942,303.478101,226.971404,239.029162,214.798762,231.126544,236.730013,214.831562,285.0386,325.145828,294.695078,296.645457,306.949374
1146,270.458984,285.900942,303.478101,226.971404,239.029162,214.798762,231.126544,236.730013,214.831562,285.0386,325.145828,294.695078,296.645457,306.949374,255.781267
1147,285.900942,303.478101,226.971404,239.029162,214.798762,231.126544,236.730013,214.831562,285.0386,325.145828,294.695078,296.645457,306.949374,255.781267,263.874327
1148,303.478101,226.971404,239.029162,214.798762,231.126544,236.730013,214.831562,285.0386,325.145828,294.695078,296.645457,306.949374,255.781267,263.874327,231.058161
1149,226.971404,239.029162,214.798762,231.126544,236.730013,214.831562,285.0386,325.145828,294.695078,296.645457,306.949374,255.781267,263.874327,231.058161,229.996359
1150,239.029162,214.798762,231.126544,236.730013,214.831562,285.0386,325.145828,294.695078,296.645457,306.949374,255.781267,263.874327,231.058161,229.996359,265.508185
1151,214.798762,231.126544,236.730013,214.831562,285.0386,325.145828,294.695078,296.645457,306.949374,255.781267,263.874327,231.058161,229.996359,265.508185,291.505571
1152,231.126544,236.730013,214.831562,285.0386,325.145828,294.695078,296.645457,306.949374,255.781267,263.874327,231.058161,229.996359,265.508185,291.505571,320.177344
1153,236.730013,214.831562,285.0386,325.145828,294.695078,296.645457,306.949374,255.781267,263.874327,231.058161,229.996359,265.508185,291.505571,320.177344,332.809982
1154,214.831562,285.0386,325.145828,294.695078,296.645457,306.949374,255.781267,263.874327,231.058161,229.996359,265.508185,291.505571,320.177344,332.809982,298.59677
1155,285.0386,325.145828,294.695078,296.645457,306.949374,255.781267,263.874327,231.058161,229.996359,265.508185,291.505571,320.177344,332.809982,298.59677,357.297465
1156,325.145828,294.695078,296.645457,306.949374,255.781267,263.874327,231.058161,229.996359,265.508185,291.505571,320.177344,332.809982,298.59677,357.297465,390.68166
1157,294.695078,296.645457,306.949374,255.781267,263.874327,231.058161,229.996359,265.508185,291.505571,320.177344,332.809982,298.59677,357.297465,390.68166,386.505268
1158,296.645457,306.949374,255.781267,263.874327,231.058161,229.996359,265.508185,291.505571,320.177344,332.809982,298.59677,357.297465,390.68166,386.505268,385.494012
1159,306.949374,255.781267,263.874327,231.058161,229.996359,265.508185,291.505571,320.177344,332.809982,298.59677,357.297465,390.68166,386.505268,385.494012,398.472985
1160,255.781267,263.874327,231.058161,229.996359,265.508185,291.505571,320.177344,332.809982,298.59677,357.297465,390.68166,386.505268,385.494012,398.472985,380.786116
1161,263.874327,231.058161,229.996359,265.508185,291.505571,320.177344,332.809982,298.59677,357.297465,390.68166,386.505268,385.494012,398.472985,380.786116,395.412048
1162,231.058161,229.996359,265.508185,291.505571,320.177344,332.809982,298.59677,357.297465,390.68166,386.505268,385.494012,398.472985,380.786116,395.412048,398.124996
1163,229.996359,265.508185,291.505571,320.177344,332.809982,298.59677,357.297465,390.68166,386.505268,385.494012,398.472985,380.786116,395.412048,398.124996,406.178759
1164,265.508185,291.505571,320.177344,332.809982,298.59677,357.297465,390.68166,386.505268,385.494012,398.472985,380.786116,395.412048,398.124996,406.178759,464.860846
1165,291.505571,320.177344,332.809982,298.59677,357.297465,390.68166,386.505268,385.494012,398.472985,380.786116,395.412048,398.124996,406.178759,464.860846,465.399377
1166,320.177344,332.809982,298.59677,357.297465,390.68166,386.505268,385.494012,398.472985,380.786116,395.412048,398.124996,406.178759,464.860846,465.399377,420.746591
1167,332.809982,298.59677,357.297465,390.68166,386.505268,385.494012,398.472985,380.786116,395.412048,398.124996,406.178759,464.860846,465.399377,420.746591,375.485423
1168,298.59677,357.297465,390.68166,386.505268,385.494012,398.472985,380.786116,395.412048,398.124996,406.178759,464.860846,465.399377,420.746591,375.485423,344.993351
1169,357.297465,390.68166,386.505268,385.494012,398.472985,380.786116,395.412048,398.124996,406.178759,464.860846,465.399377,420.746591,375.485423,344.993351,387.248998
1170,390.68166,386.505268,385.494012,398.472985,380.786116,395.412048,398.124996,406.178759,464.860846,465.399377,420.746591,375.485423,344.993351,387.248998,402.259687
1171,386.505268,385.494012,398.472985,380.786116,395.412048,398.124996,406.178759,464.860846,465.399377,420.746591,375.485423,344.993351,387.248998,402.259687,407.290261
1172,385.494012,398.472985,380.786116,395.412048,398.124996,406.178759,464.860846,465.399377,420.746591,375.485423,344.993351,387.248998,402.259687,407.290261,444.325495
1173,398.472985,380.786116,395.412048,398.124996,406.178759,464.860846,465.399377,420.746591,375.485423,344.993351,387.248998,402.259687,407.290261,444.325495,532.317287
1174,380.786116,395.412048,398.124996,406.178759,464.860846,465.399377,420.746591,375.485423,344.993351,387.248998,402.259687,407.290261,444.325495,532.317287,534.775564
1175,395.412048,398.124996,406.178759,464.860846,465.399377,420.746591,375.485423,344.993351,387.248998,402.259687,407.290261,444.325495,532.317287,534.775564,539.908468
1176,398.124996,406.178759,464.860846,465.399377,420.746591,375.485423,344.993351,387.248998,402.259687,407.290261,444.325495,532.317287,534.775564,539.908468,601.153889
1177,406.178759,464.860846,465.399377,420.746591,375.485423,344.993351,387.248998,402.259687,407.290261,444.325495,532.317287,534.775564,539.908468,601.153889,590.861693
1178,464.860846,465.399377,420.746591,375.485423,344.993351,387.248998,402.259687,407.290261,444.325495,532.317287,534.775564,539.908468,601.153889,590.861693,509.019617
1179,465.399377,420.746591,375.485423,344.993351,387.248998,402.259687,407.290261,444.325495,532.317287,534.775564,539.908468,601.153889,590.861693,509.019617,452.232969
1180,420.746591,375.485423,344.993351,387.248998,402.259687,407.290261,444.325495,532.317287,534.775564,539.908468,601.153889,590.861693,509.019617,452.232969,451.857412
1181,375.485423,344.993351,387.248998,402.259687,407.290261,444.325495,532.317287,534.775564,539.908468,601.153889,590.861693,509.019617,452.232969,451.857412,405.226135
1182,344.993351,387.248998,402.259687,407.290261,444.325495,532.317287,534.775564,539.908468,601.153889,590.861693,509.019617,452.232969,451.857412,405.226135,416.106929
1183,387.248998,402.259687,407.290261,444.325495,532.317287,534.775564,539.908468,601.153889,590.861693,509.019617,452.232969,451.857412,405.226135,416.106929,439.308411
1184,402.259687,407.290261,444.325495,532.317287,534.775564,539.908468,601.153889,590.861693,509.019617,452.232969,451.857412,405.226135,416.106929,439.308411,330.549637
1185,407.290261,444.325495,532.317287,534.775564,539.908468,601.153889,590.861693,509.019617,452.232969,451.857412,405.226135,416.106929,439.308411,330.549637,339.48896
1186,444.325495,532.317287,534.775564,539.908468,601.153889,590.861693,509.019617,452.232969,451.857412,405.226135,416.106929,439.308411,330.549637,339.48896,405.231481
1187,532.317287,534.775564,539.908468,601.153889,590.861693,509.019617,452.232969,451.857412,405.226135,416.106929,439.308411,330.549637,339.48896,405.231481,348.034212
1188,534.775564,539.908468,601.153889,590.861693,509.019617,452.232969,451.857412,405.226135,416.106929,439.308411,330.549637,339.48896,405.231481,348.034212,398.167553
1189,539.908468,601.153889,590.861693,509.019617,452.232969,451.857412,405.226135,416.106929,439.308411,330.549637,339.48896,405.231481,348.034212,398.167553,379.400233
1190,601.153889,590.861693,509.019617,452.232969,451.857412,405.226135,416.106929,439.308411,330.549637,339.48896,405.231481,348.034212,398.167553,379.400233,410.198248
1191,590.861693,509.019617,452.232969,451.857412,405.226135,416.106929,439.308411,330.549637,339.48896,405.231481,348.034212,398.167553,379.400233,410.198248,387.850185
1192,509.019617,452.232969,451.857412,405.226135,416.106929,439.308411,330.549637,339.48896,405.231481,348.034212,398.167553,379.400233,410.198248,387.850185,403.696769
1193,452.232969,451.857412,405.226135,416.106929,439.308411,330.549637,339.48896,405.231481,348.034212,398.167553,379.400233,410.198248,387.850185,403.696769,426.534205
1194,451.857412,405.226135,416.106929,439.308411,330.549637,339.48896,405.231481,348.034212,398.167553,379.400233,410.198248,387.850185,403.696769,426.534205,441.722555
1195,405.226135,416.106929,439.308411,330.549637,339.48896,405.231481,348.034212,398.167553,379.400233,410.198248,387.850185,403.696769,426.534205,441.722555,401.548014
1196,416.106929,439.308411,330.549637,339.48896,405.231481,348.034212,398.167553,379.400233,410.198248,387.850185,403.696769,426.534205,441.722555,401.548014,412.811059
1197,439.308411,330.549637,339.48896,405.231481,348.034212,398.167553,379.400233,410.198248,387.850185,403.696769,426.534205,441.722555,401.548014,412.811059,418.914337
1198,330.549637,339.48896,405.231481,348.034212,398.167553,379.400233,410.198248,387.850185,403.696769,426.534205,441.722555,401.548014,412.811059,418.914337,366.318974
1199,339.48896,405.231481,348.034212,398.167553,379.400233,410.198248,387.850185,403.696769,426.534205,441.722555,401.548014,412.811059,418.914337,366.318974,344.642938
1200,405.231481,348.034212,398.167553,379.400233,410.198248,387.850185,403.696769,426.534205,441.722555,401.548014,412.811059,418.914337,366.318974,344.642938,346.165211
1201,348.034212,398.167553,379.400233,410.198248,387.850185,403.696769,426.534205,441.722555,401.548014,412.811059,418.914337,366.318974,344.642938,346.165211,386.434024
1202,398.167553,379.400233,410.198248,387.850185,403.696769,426.534205,441.722555,401.548014,412.811059,418.914337,366.318974,344.642938,346.165211,386.434024,338.251027
1203,379.400233,410.198248,387.850185,403.696769,426.534205,441.722555,401.548014,412.811059,418.914337,366.318974,344.642938,346.165211,386.434024,338.251027,313.023491
1204,410.198248,387.850185,403.696769,426.534205,441.722555,401.548014,412.811059,418.914337,366.318974,344.642938,346.165211,386.434024,338.251027,313.023491,306.916555
1205,387.850185,403.696769,426.534205,441.722555,401.548014,412.811059,418.914337,366.318974,344.642938,346.165211,386.434024,338.251027,313.023491,306.916555,294.279183
1206,403.696769,426.534205,441.722555,401.548014,412.811059,418.914337,366.318974,344.642938,346.165211,386.434024,338.251027,313.023491,306.916555,294.279183,322.709615
1207,426.534205,441.722555,401.548014,412.811059,418.914337,366.318974,344.642938,346.165211,386.434024,338.251027,313.023491,306.916555,294.279183,322.709615,294.60558
1208,441.722555,401.548014,412.811059,418.914337,366.318974,344.642938,346.165211,386.434024,338.251027,313.023491,306.916555,294.279183,322.709615,294.60558,284.499371
1209,401.548014,412.811059,418.914337,366.318974,344.642938,346.165211,386.434024,338.251027,313.023491,306.916555,294.279183,322.709615,294.60558,284.499371,288.472033
1210,412.811059,418.914337,366.318974,344.642938,346.165211,386.434024,338.251027,313.023491,306.916555,294.279183,322.709615,294.60558,284.499371,288.472033,292.375014
1211,418.914337,366.318974,344.642938,346.165211,386.434024,338.251027,313.023491,306.916555,294.279183,322.709615,294.60558,284.499371,288.472033,292.375014,279.520835
1212,366.318974,344.642938,346.165211,386.434024,338.251027,313.023491,306.916555,294.279183,322.709615,294.60558,284.499371,288.472033,292.375014,279.520835,294.454027
1213,344.642938,346.165211,386.434024,338.251027,313.023491,306.916555,294.279183,322.709615,294.60558,284.499371,288.472033,292.375014,279.520835,294.454027,298.611519
1214,346.165211,386.434024,338.251027,313.023491,306.916555,294.279183,322.709615,294.60558,284.499371,288.472033,292.375014,279.520835,294.454027,298.611519,252.537437
1215,386.434024,338.251027,313.023491,306.916555,294.279183,322.709615,294.60558,284.499371,288.472033,292.375014,279.520835,294.454027,298.611519,252.537437,213.800822
1216,338.251027,313.023491,306.916555,294.279183,322.709615,294.60558,284.499371,288.472033,292.375014,279.520835,294.454027,298.611519,252.537437,213.800822,176.140014
1217,313.023491,306.916555,294.279183,322.709615,294.60558,284.499371,288.472033,292.375014,279.520835,294.454027,298.611519,252.537437,213.800822,176.140014,189.908224
1218,306.916555,294.279183,322.709615,294.60558,284.499371,288.472033,292.375014,279.520835,294.454027,298.611519,252.537437,213.800822,176.140014,189.908224,246.954917
1219,294.279183,322.709615,294.60558,284.499371,288.472033,292.375014,279.520835,294.454027,298.611519,252.537437,213.800822,176.140014,189.908224,246.954917,210.514908
1220,322.709615,294.60558,284.499371,288.472033,292.375014,279.520835,294.454027,298.611519,252.537437,213.800822,176.140014,189.908224,246.954917,210.514908,214.359949
1221,294.60558,284.499371,288.472033,292.375014,279.520835,294.454027,298.611519,252.537437,213.800822,176.140014,189.908224,246.954917,210.514908,214.359949,210.06735
1222,284.499371,288.472033,292.375014,279.520835,294.454027,298.611519,252.537437,213.800822,176.140014,189.908224,246.954917,210.514908,214.359949,210.06735,159.230322
1223,288.472033,292.375014,279.520835,294.454027,298.611519,252.537437,213.800822,176.140014,189.908224,246.954917,210.514908,214.359949,210.06735,159.230322,195.454756
1224,292.375014,279.520835,294.454027,298.611519,252.537437,213.800822,176.140014,189.908224,246.954917,210.514908,214.359949,210.06735,159.230322,195.454756,177.389881
1225,279.520835,294.454027,298.611519,252.537437,213.800822,176.140014,189.908224,246.954917,210.514908,214.359949,210.06735,159.230322,195.454756,177.389881,195.769785
1226,294.454027,298.611519,252.537437,213.800822,176.140014,189.908224,246.954917,210.514908,214.359949,210.06735,159.230322,195.454756,177.389881,195.769785,194.04082
1227,298.611519,252.537437,213.800822,176.140014,189.908224,246.954917,210.514908,214.359949,210.06735,159.230322,195.454756,177.389881,195.769785,194.04082,178.785334
1228,252.537437,213.800822,176.140014,189.908224,246.954917,210.514908,214.359949,210.06735,159.230322,195.454756,177.389881,195.769785,194.04082,178.785334,181.309823
1229,213.800822,176.140014,189.908224,246.954917,210.514908,214.359949,210.06735,159.230322,195.454756,177.389881,195.769785,194.04082,178.785334,181.309823,198.238115
1230,176.140014,189.908224,246.954917,210.514908,214.359949,210.06735,159.230322,195.454756,177.389881,195.769785,194.04082,178.785334,181.309823,198.238115,206.189793
1231,189.908224,246.954917,210.514908,214.359949,210.06735,159.230322,195.454756,177.389881,195.769785,194.04082,178.785334,181.309823,198.238115,206.189793,187.890728
1232,246.954917,210.514908,214.359949,210.06735,159.230322,195.454756,177.389881,195.769785,194.04082,178.785334,181.309823,198.238115,206.189793,187.890728,190.116957
1233,210.514908,214.359949,210.06735,159.230322,195.454756,177.389881,195.769785,194.04082,178.785334,181.309823,198.238115,206.189793,187.890728,190.116957,194.058164
1234,214.359949,210.06735,159.230322,195.454756,177.389881,195.769785,194.04082,178.785334,181.309823,198.238115,206.189793,187.890728,190.116957,194.058164,197.114381
1235,210.06735,159.230322,195.454756,177.389881,195.769785,194.04082,178.785334,181.309823,198.238115,206.189793,187.890728,190.116957,194.058164,197.114381,181.32988
1236,159.230322,195.454756,177.389881,195.769785,194.04082,178.785334,181.309823,198.238115,206.189793,187.890728,190.116957,194.058164,197.114381,181.32988,183.256875
1237,195.454756,177.389881,195.769785,194.04082,178.785334,181.309823,198.238115,206.189793,187.890728,190.116957,194.058164,197.114381,181.32988,183.256875,186.317032
1238,177.389881,195.769785,194.04082,178.785334,181.309823,198.238115,206.189793,187.890728,190.116957,194.058164,197.114381,181.32988,183.256875,186.317032,169.711755
1239,195.769785,194.04082,178.785334,181.309823,198.238115,206.189793,187.890728,190.116957,194.058164,197.114381,181.32988,183.256875,186.317032,169.711755,140.96486
1240,194.04082,178.785334,181.309823,198.238115,206.189793,187.890728,190.116957,194.058164,197.114381,181.32988,183.256875,186.317032,169.711755,140.96486,132.420273
1241,178.785334,181.309823,198.238115,206.189793,187.890728,190.116957,194.058164,197.114381,181.32988,183.256875,186.317032,169.711755,140.96486,132.420273,134.72655
1242,181.309823,198.238115,206.189793,187.890728,190.116957,194.058164,197.114381,181.32988,183.256875,186.317032,169.711755,140.96486,132.420273,134.72655,146.100465
1243,198.238115,206.189793,187.890728,190.116957,194.058164,197.114381,181.32988,183.256875,186.317032,169.711755,140.96486,132.420273,134.72655,146.100465,164.858534
1244,206.189793,187.890728,190.116957,194.058164,197.114381,181.32988,183.256875,186.317032,169.711755,140.96486,132.420273,134.72655,146.100465,164.858534,171.061333
1245,187.890728,190.116957,194.058164,197.114381,181.32988,183.256875,186.317032,169.711755,140.96486,132.420273,134.72655,146.100465,164.858534,171.061333,193.744953
1246,190.116957,194.058164,197.114381,181.32988,183.256875,186.317032,169.711755,140.96486,132.420273,134.72655,146.100465,164.858534,171.061333,193.744953,203.197797
1247,194.058164,197.114381,181.32988,183.256875,186.317032,169.711755,140.96486,132.420273,134.72655,146.100465,164.858534,171.061333,193.744953,203.197797,202.055671
1248,197.114381,181.32988,183.256875,186.317032,169.711755,140.96486,132.420273,134.72655,146.100465,164.858534,171.061333,193.744953,203.197797,202.055671,189.049663
1249,181.32988,183.256875,186.317032,169.711755,140.96486,132.420273,134.72655,146.100465,164.858534,171.061333,193.744953,203.197797,202.055671,189.049663,153.122971
1250,183.256875,186.317032,169.711755,140.96486,132.420273,134.72655,146.100465,164.858534,171.061333,193.744953,203.197797,202.055671,189.049663,153.122971,144.35792
1251,186.317032,169.711755,140.96486,132.420273,134.72655,146.100465,164.858534,171.061333,193.744953,203.197797,202.055671,189.049663,153.122971,144.35792,144.620405
1252,169.711755,140.96486,132.420273,134.72655,146.100465,164.858534,171.061333,193.744953,203.197797,202.055671,189.049663,153.122971,144.35792,144.620405,137.631461
1253,140.96486,132.420273,134.72655,146.100465,164.858534,171.061333,193.744953,203.197797,202.055671,189.049663,153.122971,144.35792,144.620405,137.631461,137.596832
1254,132.420273,134.72655,146.100465,164.858534,171.061333,193.744953,203.197797,202.055671,189.049663,153.122971,144.35792,144.620405,137.631461,137.596832,160.215742
1255,134.72655,146.100465,164.858534,171.061333,193.744953,203.197797,202.055671,189.049663,153.122971,144.35792,144.620405,137.631461,137.596832,160.215742,174.029087
1256,146.100465,164.858534,171.061333,193.744953,203.197797,202.055671,189.049663,153.122971,144.35792,144.620405,137.631461,137.596832,160.215742,174.029087,179.476474
1257,164.858534,171.061333,193.744953,203.197797,202.055671,189.049663,153.122971,144.35792,144.620405,137.631461,137.596832,160.215742,174.029087,179.476474,142.638186
1258,171.061333,193.744953,203.197797,202.055671,189.049663,153.122971,144.35792,144.620405,137.631461,137.596832,160.215742,174.029087,179.476474,142.638186,148.329168
1259,193.744953,203.197797,202.055671,189.049663,153.122971,144.35792,144.620405,137.631461,137.596832,160.215742,174.029087,179.476474,142.638186,148.329168,132.780056
1260,203.197797,202.055671,189.049663,153.122971,144.35792,144.620405,137.631461,137.596832,160.215742,174.029087,179.476474,142.638186,148.329168,132.780056,125.252036
1261,202.055671,189.049663,153.122971,144.35792,144.620405,137.631461,137.596832,160.215742,174.029087,179.476474,142.638186,148.329168,132.780056,125.252036,143.766438
1262,189.049663,153.122971,144.35792,144.620405,137.631461,137.596832,160.215742,174.029087,179.476474,142.638186,148.329168,132.780056,125.252036,143.766438,148.058714
1263,153.122971,144.35792,144.620405,137.631461,137.596832,160.215742,174.029087,179.476474,142.638186,148.329168,132.780056,125.252036,143.766438,148.058714,134.891389
1264,144.35792,144.620405,137.631461,137.596832,160.215742,174.029087,179.476474,142.638186,148.329168,132.780056,125.252036,143.766438,148.058714,134.891389,127.071823
1265,144.620405,137.631461,137.596832,160.215742,174.029087,179.476474,142.638186,148.329168,132.780056,125.252036,143.766438,148.058714,134.891389,127.071823,115.368561
1266,137.631461,137.596832,160.215742,174.029087,179.476474,142.638186,148.329168,132.780056,125.252036,143.766438,148.058714,134.891389,127.071823,115.368561,113.554967
1267,137.596832,160.215742,174.029087,179.476474,142.638186,148.329168,132.780056,125.252036,143.766438,148.058714,134.891389,127.071823,115.368561,113.554967,112.619885
1268,160.215742,174.029087,179.476474,142.638186,148.329168,132.780056,125.252036,143.766438,148.058714,134.891389,127.071823,115.368561,113.554967,112.619885,115.506771
1269,174.029087,179.476474,142.638186,148.329168,132.780056,125.252036,143.766438,148.058714,134.891389,127.071823,115.368561,113.554967,112.619885,115.506771,108.451524
1270,179.476474,142.638186,148.329168,132.780056,125.252036,143.766438,148.058714,134.891389,127.071823,115.368561,113.554967,112.619885,115.506771,108.451524,124.338452
1271,142.638186,148.329168,132.780056,125.252036,143.766438,148.058714,134.891389,127.071823,115.368561,113.554967,112.619885,115.506771,108.451524,124.338452,134.834036
1272,148.329168,132.780056,125.252036,143.766438,148.058714,134.891389,127.071823,115.368561,113.554967,112.619885,115.506771,108.451524,124.338452,134.834036,185.331675
1273,132.780056,125.252036,143.766438,148.058714,134.891389,127.071823,115.368561,113.554967,112.619885,115.506771,108.451524,124.338452,134.834036,185.331675,150.541843
1274,125.252036,143.766438,148.058714,134.891389,127.071823,115.368561,113.554967,112.619885,115.506771,108.451524,124.338452,134.834036,185.331675,150.541843,119.281572
1275,143.766438,148.058714,134.891389,127.071823,115.368561,113.554967,112.619885,115.506771,108.451524,124.338452,134.834036,185.331675,150.541843,119.281572,126.151464
1276,148.058714,134.891389,127.071823,115.368561,113.554967,112.619885,115.506771,108.451524,124.338452,134.834036,185.331675,150.541843,119.281572,126.151464,134.056984
1277,134.891389,127.071823,115.368561,113.554967,112.619885,115.506771,108.451524,124.338452,134.834036,185.331675,150.541843,119.281572,126.151464,134.056984,129.704562
1278,127.071823,115.368561,113.554967,112.619885,115.506771,108.451524,124.338452,134.834036,185.331675,150.541843,119.281572,126.151464,134.056984,129.704562,123.735663
1279,115.368561,113.554967,112.619885,115.506771,108.451524,124.338452,134.834036,185.331675,150.541843,119.281572,126.151464,134.056984,129.704562,123.735663,126.686094
1280,113.554967,112.619885,115.506771,108.451524,124.338452,134.834036,185.331675,150.541843,119.281572,126.151464,134.056984,129.704562,123.735663,126.686094,146.60247
1281,112.619885,115.506771,108.451524,124.338452,134.834036,185.331675,150.541843,119.281572,126.151464,134.056984,129.704562,123.735663,126.686094,146.60247,159.059222
1282,115.506771,108.451524,124.338452,134.834036,185.331675,150.541843,119.281572,126.151464,134.056984,129.704562,123.735663,126.686094,146.60247,159.059222,130.350989
1283,108.451524,124.338452,134.834036,185.331675,150.541843,119.281572,126.151464,134.056984,129.704562,123.735663,126.686094,146.60247,159.059222,130.350989,118.615574
1284,124.338452,134.834036,185.331675,150.541843,119.281572,126.151464,134.056984,129.704562,123.735663,126.686094,146.60247,159.059222,130.350989,118.615574,122.379652
1285,134.834036,185.331675,150.541843,119.281572,126.151464,134.056984,129.704562,123.735663,126.686094,146.60247,159.059222,130.350989,118.615574,122.379652,120.541389
1286,185.331675,150.541843,119.281572,126.151464,134.056984,129.704562,123.735663,126.686094,146.60247,159.059222,130.350989,118.615574,122.379652,120.541389,121.478074
1287,150.541843,119.281572,126.151464,134.056984,129.704562,123.735663,126.686094,146.60247,159.059222,130.350989,118.615574,122.379652,120.541389,121.478074,130.5377
1288,119.281572,126.151464,134.056984,129.704562,123.735663,126.686094,146.60247,159.059222,130.350989,118.615574,122.379652,120.541389,121.478074,130.5377,110.649965
1289,126.151464,134.056984,129.704562,123.735663,126.686094,146.60247,159.059222,130.350989,118.615574,122.379652,120.541389,121.478074,130.5377,110.649965,130.322496
1290,134.056984,129.704562,123.735663,126.686094,146.60247,159.059222,130.350989,118.615574,122.379652,120.541389,121.478074,130.5377,110.649965,130.322496,144.516702
1291,129.704562,123.735663,126.686094,146.60247,159.059222,130.350989,118.615574,122.379652,120.541389,121.478074,130.5377,110.649965,130.322496,144.516702,169.796146
1292,123.735663,126.686094,146.60247,159.059222,130.350989,118.615574,122.379652,120.541389,121.478074,130.5377,110.649965,130.322496,144.516702,169.796146,148.795197
1293,126.686094,146.60247,159.059222,130.350989,118.615574,122.379652,120.541389,121.478074,130.5377,110.649965,130.322496,144.516702,169.796146,148.795197,127.512207
1294,146.60247,159.059222,130.350989,118.615574,122.379652,120.541389,121.478074,130.5377,110.649965,130.322496,144.516702,169.796146,148.795197,127.512207,125.100343
1295,159.059222,130.350989,118.615574,122.379652,120.541389,121.478074,130.5377,110.649965,130.322496,144.516702,169.796146,148.795197,127.512207,125.100343,118.087107
1296,130.350989,118.615574,122.379652,120.541389,121.478074,130.5377,110.649965,130.322496,144.516702,169.796146,148.795197,127.512207,125.100343,118.087107,134.139157
1297,118.615574,122.379652,120.541389,121.478074,130.5377,110.649965,130.322496,144.516702,169.796146,148.795197,127.512207,125.100343,118.087107,134.139157,147.750748
1298,122.379652,120.541389,121.478074,130.5377,110.649965,130.322496,144.516702,169.796146,148.795197,127.512207,125.100343,118.087107,134.139157,147.750748,162.31834
1299,120.541389,121.478074,130.5377,110.649965,130.322496,144.516702,169.796146,148.795197,127.512207,125.100343,118.087107,134.139157,147.750748,162.31834,164.396484
1300,121.478074,130.5377,110.649965,130.322496,144.516702,169.796146,148.795197,127.512207,125.100343,118.087107,134.139157,147.750748,162.31834,164.396484,185.456622
1301,130.5377,110.649965,130.322496,144.516702,169.796146,148.795197,127.512207,125.100343,118.087107,134.139157,147.750748,162.31834,164.396484,185.456622,157.711182
1302,110.649965,130.322496,144.516702,169.796146,148.795197,127.512207,125.100343,118.087107,134.139157,147.750748,162.31834,164.396484,185.456622,157.711182,167.270114
1303,130.322496,144.516702,169.796146,148.795197,127.512207,125.100343,118.087107,134.139157,147.750748,162.31834,164.396484,185.456622,157.711182,167.270114,237.953031
1304,144.516702,169.796146,148.795197,127.512207,125.100343,118.087107,134.139157,147.750748,162.31834,164.396484,185.456622,157.711182,167.270114,237.953031,171.882941
1305,169.796146,148.795197,127.512207,125.100343,118.087107,134.139157,147.750748,162.31834,164.396484,185.456622,157.711182,167.270114,237.953031,171.882941,170.811698
1306,148.795197,127.512207,125.100343,118.087107,134.139157,147.750748,162.31834,164.396484,185.456622,157.711182,167.270114,237.953031,171.882941,170.811698,167.718383
1307,127.512207,125.100343,118.087107,134.139157,147.750748,162.31834,164.396484,185.456622,157.711182,167.270114,237.953031,171.882941,170.811698,167.718383,155.716346
1308,125.100343,118.087107,134.139157,147.750748,162.31834,164.396484,185.456622,157.711182,167.270114,237.953031,171.882941,170.811698,167.718383,155.716346,176.082342
1309,118.087107,134.139157,147.750748,162.31834,164.396484,185.456622,157.711182,167.270114,237.953031,171.882941,170.811698,167.718383,155.716346,176.082342,198.836639
1310,134.139157,147.750748,162.31834,164.396484,185.456622,157.711182,167.270114,237.953031,171.882941,170.811698,167.718383,155.716346,176.082342,198.836639,155.758358
1311,147.750748,162.31834,164.396484,185.456622,157.711182,167.270114,237.953031,171.882941,170.811698,167.718383,155.716346,176.082342,198.836639,155.758358,183.486426
1312,162.31834,164.396484,185.456622,157.711182,167.270114,237.953031,171.882941,170.811698,167.718383,155.716346,176.082342,198.836639,155.758358,183.486426,196.946966
1313,164.396484,185.456622,157.711182,167.270114,237.953031,171.882941,170.811698,167.718383,155.716346,176.082342,198.836639,155.758358,183.486426,196.946966,205.931182
1314,185.456622,157.711182,167.270114,237.953031,171.882941,170.811698,167.718383,155.716346,176.082342,198.836639,155.758358,183.486426,196.946966,205.931182,298.0403
1315,157.711182,167.270114,237.953031,171.882941,170.811698,167.718383,155.716346,176.082342,198.836639,155.758358,183.486426,196.946966,205.931182,298.0403,277.176185
1316,167.270114,237.953031,171.882941,170.811698,167.718383,155.716346,176.082342,198.836639,155.758358,183.486426,196.946966,205.931182,298.0403,277.176185,237.800268
1317,237.953031,171.882941,170.811698,167.718383,155.716346,176.082342,198.836639,155.758358,183.486426,196.946966,205.931182,298.0403,277.176185,237.800268,202.231712
1318,171.882941,170.811698,167.718383,155.716346,176.082342,198.836639,155.758358,183.486426,196.946966,205.931182,298.0403,277.176185,237.800268,202.231712,182.288673
1319,170.811698,167.718383,155.716346,176.082342,198.836639,155.758358,183.486426,196.946966,205.931182,298.0403,277.176185,237.800268,202.231712,182.288673,217.520511
1320,167.718383,155.716346,176.082342,198.836639,155.758358,183.486426,196.946966,205.931182,298.0403,277.176185,237.800268,202.231712,182.288673,217.520511,214.988708
1321,155.716346,176.082342,198.836639,155.758358,183.486426,196.946966,205.931182,298.0403,277.176185,237.800268,202.231712,182.288673,217.520511,214.988708,196.82172
1322,176.082342,198.836639,155.758358,183.486426,196.946966,205.931182,298.0403,277.176185,237.800268,202.231712,182.288673,217.520511,214.988708,196.82172,192.401941
1323,198.836639,155.758358,183.486426,196.946966,205.931182,298.0403,277.176185,237.800268,202.231712,182.288673,217.520511,214.988708,196.82172,192.401941,192.708595
1324,155.758358,183.486426,196.946966,205.931182,298.0403,277.176185,237.800268,202.231712,182.288673,217.520511,214.988708,196.82172,192.401941,192.708595,198.826872
1325,183.486426,196.946966,205.931182,298.0403,277.176185,237.800268,202.231712,182.288673,217.520511,214.988708,196.82172,192.401941,192.708595,198.826872,269.978613
1326,196.946966,205.931182,298.0403,277.176185,237.800268,202.231712,182.288673,217.520511,214.988708,196.82172,192.401941,192.708595,198.826872,269.978613,280.707052
1327,205.931182,298.0403,277.176185,237.800268,202.231712,182.288673,217.520511,214.988708,196.82172,192.401941,192.708595,198.826872,269.978613,280.707052,218.77035
1328,298.0403,277.176185,237.800268,202.231712,182.288673,217.520511,214.988708,196.82172,192.401941,192.708595,198.826872,269.978613,280.707052,218.77035,275.310105
1329,277.176185,237.800268,202.231712,182.288673,217.520511,214.988708,196.82172,192.401941,192.708595,198.826872,269.978613,280.707052,218.77035,275.310105,320.353456
1330,237.800268,202.231712,182.288673,217.520511,214.988708,196.82172,192.401941,192.708595,198.826872,269.978613,280.707052,218.77035,275.310105,320.353456,333.244286
1331,202.231712,182.288673,217.520511,214.988708,196.82172,192.401941,192.708595,198.826872,269.978613,280.707052,218.77035,275.310105,320.353456,333.244286,362.371296
1332,182.288673,217.520511,214.988708,196.82172,192.401941,192.708595,198.826872,269.978613,280.707052,218.77035,275.310105,320.353456,333.244286,362.371296,312.253256
1333,217.520511,214.988708,196.82172,192.401941,192.708595,198.826872,269.978613,280.707052,218.77035,275.310105,320.353456,333.244286,362.371296,312.253256,294.437484
1334,214.988708,196.82172,192.401941,192.708595,198.826872,269.978613,280.707052,218.77035,275.310105,320.353456,333.244286,362.371296,312.253256,294.437484,312.617547
1335,196.82172,192.401941,192.708595,198.826872,269.978613,280.707052,218.77035,275.310105,320.353456,333.244286,362.371296,312.253256,294.437484,312.617547,337.783613
1336,192.401941,192.708595,198.826872,269.978613,280.707052,218.77035,275.310105,320.353456,333.244286,362.371296,312.253256,294.437484,312.617547,337.783613,356.73549
1337,192.708595,198.826872,269.978613,280.707052,218.77035,275.310105,320.353456,333.244286,362.371296,312.253256,294.437484,312.617547,337.783613,356.73549,286.679461
1338,198.826872,269.978613,280.707052,218.77035,275.310105,320.353456,333.244286,362.371296,312.253256,294.437484,312.617547,337.783613,356.73549,286.679461,310.311575
1339,269.978613,280.707052,218.77035,275.310105,320.353456,333.244286,362.371296,312.253256,294.437484,312.617547,337.783613,356.73549,286.679461,310.311575,282.110988
1340,280.707052,218.77035,275.310105,320.353456,333.244286,362.371296,312.253256,294.437484,312.617547,337.783613,356.73549,286.679461,310.311575,282.110988,384.058515
1341,218.77035,275.310105,320.353456,333.244286,362.371296,312.253256,294.437484,312.617547,337.783613,356.73549,286.679461,310.311575,282.110988,384.058515,377.08508
1342,275.310105,320.353456,333.244286,362.371296,312.253256,294.437484,312.617547,337.783613,356.73549,286.679461,310.311575,282.110988,384.058515,377.08508,359.813232
1343,320.353456,333.244286,362.371296,312.253256,294.437484,312.617547,337.783613,356.73549,286.679461,310.311575,282.110988,384.058515,377.08508,359.813232,377.222619
1344,333.244286,362.371296,312.253256,294.437484,312.617547,337.783613,356.73549,286.679461,310.311575,282.110988,384.058515,377.08508,359.813232,377.222619,462.329861
1345,362.371296,312.253256,294.437484,312.617547,337.783613,356.73549,286.679461,310.311575,282.110988,384.058515,377.08508,359.813232,377.222619,462.329861,368.546261
1346,312.253256,294.437484,312.617547,337.783613,356.73549,286.679461,310.311575,282.110988,384.058515,377.08508,359.813232,377.222619,462.329861,368.546261,266.820132
1347,294.437484,312.617547,337.783613,356.73549,286.679461,310.311575,282.110988,384.058515,377.08508,359.813232,377.222619,462.329861,368.546261,266.820132,310.00058
1348,312.617547,337.783613,356.73549,286.679461,310.311575,282.110988,384.058515,377.08508,359.813232,377.222619,462.329861,368.546261,266.820132,310.00058,276.028334
1349,337.783613,356.73549,286.679461,310.311575,282.110988,384.058515,377.08508,359.813232,377.222619,462.329861,368.546261,266.820132,310.00058,276.028334,273.840749
1350,356.73549,286.679461,310.311575,282.110988,384.058515,377.08508,359.813232,377.222619,462.329861,368.546261,266.820132,310.00058,276.028334,273.840749,324.419786
1351,286.679461,310.311575,282.110988,384.058515,377.08508,359.813232,377.222619,462.329861,368.546261,266.820132,310.00058,276.028334,273.840749,324.419786,298.036221
1352,310.311575,282.110988,384.058515,377.08508,359.813232,377.222619,462.329861,368.546261,266.820132,310.00058,276.028334,273.840749,324.419786,298.036221,322.253587
1353,282.110988,384.058515,377.08508,359.813232,377.222619,462.329861,368.546261,266.820132,310.00058,276.028334,273.840749,324.419786,298.036221,322.253587,329.019524
1354,384.058515,377.08508,359.813232,377.222619,462.329861,368.546261,266.820132,310.00058,276.028334,273.840749,324.419786,298.036221,322.253587,329.019524,297.910301
1355,377.08508,359.813232,377.222619,462.329861,368.546261,266.820132,310.00058,276.028334,273.840749,324.419786,298.036221,322.253587,329.019524,297.910301,260.555164
1356,359.813232,377.222619,462.329861,368.546261,266.820132,310.00058,276.028334,273.840749,324.419786,298.036221,322.253587,329.019524,297.910301,260.555164,299.091103
1357,377.222619,462.329861,368.546261,266.820132,310.00058,276.028334,273.840749,324.419786,298.036221,322.253587,329.019524,297.910301,260.555164,299.091103,356.695793
1358,462.329861,368.546261,266.820132,310.00058,276.028334,273.840749,324.419786,298.036221,322.253587,329.019524,297.910301,260.555164,299.091103,356.695793,319.295166
1359,368.546261,266.820132,310.00058,276.028334,273.840749,324.419786,298.036221,322.253587,329.019524,297.910301,260.555164,299.091103,356.695793,319.295166,302.413444
1360,266.820132,310.00058,276.028334,273.840749,324.419786,298.036221,322.253587,329.019524,297.910301,260.555164,299.091103,356.695793,319.295166,302.413444,289.824593
1361,310.00058,276.028334,273.840749,324.419786,298.036221,322.253587,329.019524,297.910301,260.555164,299.091103,356.695793,319.295166,302.413444,289.824593,231.190321
1362,276.028334,273.840749,324.419786,298.036221,322.253587,329.019524,297.910301,260.555164,299.091103,356.695793,319.295166,302.413444,289.824593,231.190321,228.654874
1363,273.840749,324.419786,298.036221,322.253587,329.019524,297.910301,260.555164,299.091103,356.695793,319.295166,302.413444,289.824593,231.190321,228.654874,270.493741
1364,324.419786,298.036221,322.253587,329.019524,297.910301,260.555164,299.091103,356.695793,319.295166,302.413444,289.824593,231.190321,228.654874,270.493741,251.547907
1365,298.036221,322.253587,329.019524,297.910301,260.555164,299.091103,356.695793,319.295166,302.413444,289.824593,231.190321,228.654874,270.493741,251.547907,213.86072
1366,322.253587,329.019524,297.910301,260.555164,299.091103,356.695793,319.295166,302.413444,289.824593,231.190321,228.654874,270.493741,251.547907,213.86072,192.362402
1367,329.019524,297.910301,260.555164,299.091103,356.695793,319.295166,302.413444,289.824593,231.190321,228.654874,270.493741,251.547907,213.86072,192.362402,173.866211
1368,297.910301,260.555164,299.091103,356.695793,319.295166,302.413444,289.824593,231.190321,228.654874,270.493741,251.547907,213.86072,192.362402,173.866211,189.505631
1369,260.555164,299.091103,356.695793,319.295166,302.413444,289.824593,231.190321,228.654874,270.493741,251.547907,213.86072,192.362402,173.866211,189.505631,183.105592
1370,299.091103,356.695793,319.295166,302.413444,289.824593,231.190321,228.654874,270.493741,251.547907,213.86072,192.362402,173.866211,189.505631,183.105592,227.908193
1371,356.695793,319.295166,302.413444,289.824593,231.190321,228.654874,270.493741,251.547907,213.86072,192.362402,173.866211,189.505631,183.105592,227.908193,259.375128
1372,319.295166,302.413444,289.824593,231.190321,228.654874,270.493741,251.547907,213.86072,192.362402,173.866211,189.505631,183.105592,227.908193,259.375128,252.878838
1373,302.413444,289.824593,231.190321,228.654874,270.493741,251.547907,213.86072,192.362402,173.866211,189.505631,183.105592,227.908193,259.375128,252.878838,246.588062
1374,289.824593,231.190321,228.654874,270.493741,251.547907,213.86072,192.362402,173.866211,189.505631,183.105592,227.908193,259.375128,252.878838,246.588062,237.701757
1375,231.190321,228.654874,270.493741,251.547907,213.86072,192.362402,173.866211,189.505631,183.105592,227.908193,259.375128,252.878838,246.588062,237.701757,227.587131
1376,228.654874,270.493741,251.547907,213.86072,192.362402,173.866211,189.505631,183.105592,227.908193,259.375128,252.878838,246.588062,237.701757,227.587131,250.305323
1377,270.493741,251.547907,213.86072,192.362402,173.866211,189.505631,183.105592,227.908193,259.375128,252.878838,246.588062,237.701757,227.587131,250.305323,229.051869
1378,251.547907,213.86072,192.362402,173.866211,189.505631,183.105592,227.908193,259.375128,252.878838,246.588062,237.701757,227.587131,250.305323,229.051869,250.147341
1379,213.86072,192.362402,173.866211,189.505631,183.105592,227.908193,259.375128,252.878838,246.588062,237.701757,227.587131,250.305323,229.051869,250.147341,224.662302
1380,192.362402,173.866211,189.505631,183.105592,227.908193,259.375128,252.878838,246.588062,237.701757,227.587131,250.305323,229.051869,250.147341,224.662302,249.288196
1381,173.866211,189.505631,183.105592,227.908193,259.375128,252.878838,246.588062,237.701757,227.587131,250.305323,229.051869,250.147341,224.662302,249.288196,246.07435
1382,189.505631,183.105592,227.908193,259.375128,252.878838,246.588062,237.701757,227.587131,250.305323,229.051869,250.147341,224.662302,249.288196,246.07435,231.645017
1383,183.105592,227.908193,259.375128,252.878838,246.588062,237.701757,227.587131,250.305323,229.051869,250.147341,224.662302,249.288196,246.07435,231.645017,231.04251
1384,227.908193,259.375128,252.878838,246.588062,237.701757,227.587131,250.305323,229.051869,250.147341,224.662302,249.288196,246.07435,231.645017,231.04251,248.025034
1385,259.375128,252.878838,246.588062,237.701757,227.587131,250.305323,229.051869,250.147341,224.662302,249.288196,246.07435,231.645017,231.04251,248.025034,236.910939
1386,252.878838,246.588062,237.701757,227.587131,250.305323,229.051869,250.147341,224.662302,249.288196,246.07435,231.645017,231.04251,248.025034,236.910939,197.487823
1387,246.588062,237.701757,227.587131,250.305323,229.051869,250.147341,224.662302,249.288196,246.07435,231.645017,231.04251,248.025034,236.910939,197.487823,226.569855
1388,237.701757,227.587131,250.305323,229.051869,250.147341,224.662302,249.288196,246.07435,231.645017,231.04251,248.025034,236.910939,197.487823,226.569855,232.37847
1389,227.587131,250.305323,229.051869,250.147341,224.662302,249.288196,246.07435,231.645017,231.04251,248.025034,236.910939,197.487823,226.569855,232.37847,197.252821
1390,250.305323,229.051869,250.147341,224.662302,249.288196,246.07435,231.645017,231.04251,248.025034,236.910939,197.487823,226.569855,232.37847,197.252821,202.15906
1391,229.051869,250.147341,224.662302,249.288196,246.07435,231.645017,231.04251,248.025034,236.910939,197.487823,226.569855,232.37847,197.252821,202.15906,224.15284
1392,250.147341,224.662302,249.288196,246.07435,231.645017,231.04251,248.025034,236.910939,197.487823,226.569855,232.37847,197.252821,202.15906,224.15284,250.97386
1393,224.662302,249.288196,246.07435,231.645017,231.04251,248.025034,236.910939,197.487823,226.569855,232.37847,197.252821,202.15906,224.15284,250.97386,243.12908
1394,249.288196,246.07435,231.645017,231.04251,248.025034,236.910939,197.487823,226.569855,232.37847,197.252821,202.15906,224.15284,250.97386,243.12908,258.394049
1395,246.07435,231.645017,231.04251,248.025034,236.910939,197.487823,226.569855,232.37847,197.252821,202.15906,224.15284,250.97386,243.12908,258.394049,196.931951
1396,231.645017,231.04251,248.025034,236.910939,197.487823,226.569855,232.37847,197.252821,202.15906,224.15284,250.97386,243.12908,258.394049,196.931951,231.469324
1397,231.04251,248.025034,236.910939,197.487823,226.569855,232.37847,197.252821,202.15906,224.15284,250.97386,243.12908,258.394049,196.931951,231.469324,210.872826
1398,248.025034,236.910939,197.487823,226.569855,232.37847,197.252821,202.15906,224.15284,250.97386,243.12908,258.394049,196.931951,231.469324,210.872826,225.476963
1399,236.910939,197.487823,226.569855,232.37847,197.252821,202.15906,224.15284,250.97386,243.12908,258.394049,196.931951,231.469324,210.872826,225.476963,214.576415
1400,197.487823,226.569855,232.37847,197.252821,202.15906,224.15284,250.97386,243.12908,258.394049,196.931951,231.469324,210.872826,225.476963,214.576415,204.196268
1401,226.569855,232.37847,197.252821,202.15906,224.15284,250.97386,243.12908,258.394049,196.931951,231.469324,210.872826,225.476963,214.576415,204.196268,193.962626
1402,232.37847,197.252821,202.15906,224.15284,250.97386,243.12908,258.394049,196.931951,231.469324,210.872826,225.476963,214.576415,204.196268,193.962626,189.64774
1403,197.252821,202.15906,224.15284,250.97386,243.12908,258.394049,196.931951,231.469324,210.872826,225.476963,214.576415,204.196268,193.962626,189.64774,204.81224
1404,202.15906,224.15284,250.97386,243.12908,258.394049,196.931951,231.469324,210.872826,225.476963,214.576415,204.196268,193.962626,189.64774,204.81224,223.871643
1405,224.15284,250.97386,243.12908,258.394049,196.931951,231.469324,210.872826,225.476963,214.576415,204.196268,193.962626,189.64774,204.81224,223.871643,225.458792
1406,250.97386,243.12908,258.394049,196.931951,231.469324,210.872826,225.476963,214.576415,204.196268,193.962626,189.64774,204.81224,223.871643,225.458792,204.793693
1407,243.12908,258.394049,196.931951,231.469324,210.872826,225.476963,214.576415,204.196268,193.962626,189.64774,204.81224,223.871643,225.458792,204.793693,277.72391
1408,258.394049,196.931951,231.469324,210.872826,225.476963,214.576415,204.196268,193.962626,189.64774,204.81224,223.871643,225.458792,204.793693,277.72391,225.955935
1409,196.931951,231.469324,210.872826,225.476963,214.576415,204.196268,193.962626,189.64774,204.81224,223.871643,225.458792,204.793693,277.72391,225.955935,187.892825
1410,231.469324,210.872826,225.476963,214.576415,204.196268,193.962626,189.64774,204.81224,223.871643,225.458792,204.793693,277.72391,225.955935,187.892825,202.99772
1411,210.872826,225.476963,214.576415,204.196268,193.962626,189.64774,204.81224,223.871643,225.458792,204.793693,277.72391,225.955935,187.892825,202.99772,196.654981
1412,225.476963,214.576415,204.196268,193.962626,189.64774,204.81224,223.871643,225.458792,204.793693,277.72391,225.955935,187.892825,202.99772,196.654981,204.491508
1413,214.576415,204.196268,193.962626,189.64774,204.81224,223.871643,225.458792,204.793693,277.72391,225.955935,187.892825,202.99772,196.654981,204.491508,197.317679
1414,204.196268,193.962626,189.64774,204.81224,223.871643,225.458792,204.793693,277.72391,225.955935,187.892825,202.99772,196.654981,204.491508,197.317679,201.559477
1415,193.962626,189.64774,204.81224,223.871643,225.458792,204.793693,277.72391,225.955935,187.892825,202.99772,196.654981,204.491508,197.317679,201.559477,176.780881
1416,189.64774,204.81224,223.871643,225.458792,204.793693,277.72391,225.955935,187.892825,202.99772,196.654981,204.491508,197.317679,201.559477,176.780881,171.055304
1417,204.81224,223.871643,225.458792,204.793693,277.72391,225.955935,187.892825,202.99772,196.654981,204.491508,197.317679,201.559477,176.780881,171.055304,184.164765
1418,223.871643,225.458792,204.793693,277.72391,225.955935,187.892825,202.99772,196.654981,204.491508,197.317679,201.559477,176.780881,171.055304,184.164765,177.284561
1419,225.458792,204.793693,277.72391,225.955935,187.892825,202.99772,196.654981,204.491508,197.317679,201.559477,176.780881,171.055304,184.164765,177.284561,198.702272
1420,204.793693,277.72391,225.955935,187.892825,202.99772,196.654981,204.491508,197.317679,201.559477,176.780881,171.055304,184.164765,177.284561,198.702272,230.079385
1421,277.72391,225.955935,187.892825,202.99772,196.654981,204.491508,197.317679,201.559477,176.780881,171.055304,184.164765,177.284561,198.702272,230.079385,230.012896
1422,225.955935,187.892825,202.99772,196.654981,204.491508,197.317679,201.559477,176.780881,171.055304,184.164765,177.284561,198.702272,230.079385,230.012896,233.039907
1423,187.892825,202.99772,196.654981,204.491508,197.317679,201.559477,176.780881,171.055304,184.164765,177.284561,198.702272,230.079385,230.012896,233.039907,258.329061
1424,202.99772,196.654981,204.491508,197.317679,201.559477,176.780881,171.055304,184.164765,177.284561,198.702272,230.079385,230.012896,233.039907,258.329061,212.660131
1425,196.654981,204.491508,197.317679,201.559477,176.780881,171.055304,184.164765,177.284561,198.702272,230.079385,230.012896,233.039907,258.329061,212.660131,209.378338
1426,204.491508,197.317679,201.559477,176.780881,171.055304,184.164765,177.284561,198.702272,230.079385,230.012896,233.039907,258.329061,212.660131,209.378338,198.209715
1427,197.317679,201.559477,176.780881,171.055304,184.164765,177.284561,198.702272,230.079385,230.012896,233.039907,258.329061,212.660131,209.378338,198.209715,209.247817
1428,201.559477,176.780881,171.055304,184.164765,177.284561,198.702272,230.079385,230.012896,233.039907,258.329061,212.660131,209.378338,198.209715,209.247817,193.342545
1429,176.780881,171.055304,184.164765,177.284561,198.702272,230.079385,230.012896,233.039907,258.329061,212.660131,209.378338,198.209715,209.247817,193.342545,198.522127
1430,171.055304,184.164765,177.284561,198.702272,230.079385,230.012896,233.039907,258.329061,212.660131,209.378338,198.209715,209.247817,193.342545,198.522127,195.476967
1431,184.164765,177.284561,198.702272,230.079385,230.012896,233.039907,258.329061,212.660131,209.378338,198.209715,209.247817,193.342545,198.522127,195.476967,241.687182
1432,177.284561,198.702272,230.079385,230.012896,233.039907,258.329061,212.660131,209.378338,198.209715,209.247817,193.342545,198.522127,195.476967,241.687182,238.246078
1433,198.702272,230.079385,230.012896,233.039907,258.329061,212.660131,209.378338,198.209715,209.247817,193.342545,198.522127,195.476967,241.687182,238.246078,305.428031
1434,230.079385,230.012896,233.039907,258.329061,212.660131,209.378338,198.209715,209.247817,193.342545,198.522127,195.476967,241.687182,238.246078,305.428031,237.64172
1435,230.012896,233.039907,258.329061,212.660131,209.378338,198.209715,209.247817,193.342545,198.522127,195.476967,241.687182,238.246078,305.428031,237.64172,191.133806
1436,233.039907,258.329061,212.660131,209.378338,198.209715,209.247817,193.342545,198.522127,195.476967,241.687182,238.246078,305.428031,237.64172,191.133806,273.025333
1437,258.329061,212.660131,209.378338,198.209715,209.247817,193.342545,198.522127,195.476967,241.687182,238.246078,305.428031,237.64172,191.133806,273.025333,270.673571
1438,212.660131,209.378338,198.209715,209.247817,193.342545,198.522127,195.476967,241.687182,238.246078,305.428031,237.64172,191.133806,273.025333,270.673571,254.206671
1439,209.378338,198.209715,209.247817,193.342545,198.522127,195.476967,241.687182,238.246078,305.428031,237.64172,191.133806,273.025333,270.673571,254.206671,279.441707
1440,198.209715,209.247817,193.342545,198.522127,195.476967,241.687182,238.246078,305.428031,237.64172,191.133806,273.025333,270.673571,254.206671,279.441707,328.828763
1441,209.247817,193.342545,198.522127,195.476967,241.687182,238.246078,305.428031,237.64172,191.133806,273.025333,270.673571,254.206671,279.441707,328.828763,325.598098
1442,193.342545,198.522127,195.476967,241.687182,238.246078,305.428031,237.64172,191.133806,273.025333,270.673571,254.206671,279.441707,328.828763,325.598098,369.809163
1443,198.522127,195.476967,241.687182,238.246078,305.428031,237.64172,191.133806,273.025333,270.673571,254.206671,279.441707,328.828763,325.598098,369.809163,412.845436
1444,195.476967,241.687182,238.246078,305.428031,237.64172,191.133806,273.025333,270.673571,254.206671,279.441707,328.828763,325.598098,369.809163,412.845436,363.996883
1445,241.687182,238.246078,305.428031,237.64172,191.133806,273.025333,270.673571,254.206671,279.441707,328.828763,325.598098,369.809163,412.845436,363.996883,324.204269
1446,238.246078,305.428031,237.64172,191.133806,273.025333,270.673571,254.206671,279.441707,328.828763,325.598098,369.809163,412.845436,363.996883,324.204269,325.042477
1447,305.428031,237.64172,191.133806,273.025333,270.673571,254.206671,279.441707,328.828763,325.598098,369.809163,412.845436,363.996883,324.204269,325.042477,345.071359
1448,237.64172,191.133806,273.025333,270.673571,254.206671,279.441707,328.828763,325.598098,369.809163,412.845436,363.996883,324.204269,325.042477,345.071359,325.29203
1449,191.133806,273.025333,270.673571,254.206671,279.441707,328.828763,325.598098,369.809163,412.845436,363.996883,324.204269,325.042477,345.071359,325.29203,299.79167
1450,273.025333,270.673571,254.206671,279.441707,328.828763,325.598098,369.809163,412.845436,363.996883,324.204269,325.042477,345.071359,325.29203,299.79167,346.613899
1451,270.673571,254.206671,279.441707,328.828763,325.598098,369.809163,412.845436,363.996883,324.204269,325.042477,345.071359,325.29203,299.79167,346.613899,359.728795
1452,254.206671,279.441707,328.828763,325.598098,369.809163,412.845436,363.996883,324.204269,325.042477,345.071359,325.29203,299.79167,346.613899,359.728795,345.900036
1453,279.441707,328.828763,325.598098,369.809163,412.845436,363.996883,324.204269,325.042477,345.071359,325.29203,299.79167,346.613899,359.728795,345.900036,346.536602
1454,328.828763,325.598098,369.809163,412.845436,363.996883,324.204269,325.042477,345.071359,325.29203,299.79167,346.613899,359.728795,345.900036,346.536602,369.734578
1455,325.598098,369.809163,412.845436,363.996883,324.204269,325.042477,345.071359,325.29203,299.79167,346.613899,359.728795,345.900036,346.536602,369.734578,390.980225
1456,369.809163,412.845436,363.996883,324.204269,325.042477,345.071359,325.29203,299.79167,346.613899,359.728795,345.900036,346.536602,369.734578,390.980225,400.72496
1457,412.845436,363.996883,324.204269,325.042477,345.071359,325.29203,299.79167,346.613899,359.728795,345.900036,346.536602,369.734578,390.980225,400.72496,415.78706
1458,363.996883,324.204269,325.042477,345.071359,325.29203,299.79167,346.613899,359.728795,345.900036,346.536602,369.734578,390.980225,400.72496,415.78706,417.840183
1459,324.204269,325.042477,345.071359,325.29203,299.79167,346.613899,359.728795,345.900036,346.536602,369.734578,390.980225,400.72496,415.78706,417.840183,470.347607
1460,325.042477,345.071359,325.29203,299.79167,346.613899,359.728795,345.900036,346.536602,369.734578,390.980225,400.72496,415.78706,417.840183,470.347607,466.782394
1461,345.071359,325.29203,299.79167,346.613899,359.728795,345.900036,346.536602,369.734578,390.980225,400.72496,415.78706,417.840183,470.347607,466.782394,435.086254
1462,325.29203,299.79167,346.613899,359.728795,345.900036,346.536602,369.734578,390.980225,400.72496,415.78706,417.840183,470.347607,466.782394,435.086254,385.439421
1463,299.79167,346.613899,359.728795,345.900036,346.536602,369.734578,390.980225,400.72496,415.78706,417.840183,470.347607,466.782394,435.086254,385.439421,406.167216
1464,346.613899,359.728795,345.900036,346.536602,369.734578,390.980225,400.72496,415.78706,417.840183,470.347607,466.782394,435.086254,385.439421,406.167216,421.8786
1465,359.728795,345.900036,346.536602,369.734578,390.980225,400.72496,415.78706,417.840183,470.347607,466.782394,435.086254,385.439421,406.167216,421.8786,425.294594
1466,345.900036,346.536602,369.734578,390.980225,400.72496,415.78706,417.840183,470.347607,466.782394,435.086254,385.439421,406.167216,421.8786,425.294594,558.088697
1467,346.536602,369.734578,390.980225,400.72496,415.78706,417.840183,470.347607,466.782394,435.086254,385.439421,406.167216,421.8786,425.294594,558.088697,570.42439
1468,369.734578,390.980225,400.72496,415.78706,417.840183,470.347607,466.782394,435.086254,385.439421,406.167216,421.8786,425.294594,558.088697,570.42439,533.892283
1469,390.980225,400.72496,415.78706,417.840183,470.347607,466.782394,435.086254,385.439421,406.167216,421.8786,425.294594,558.088697,570.42439,533.892283,451.408218
1470,400.72496,415.78706,417.840183,470.347607,466.782394,435.086254,385.439421,406.167216,421.8786,425.294594,558.088697,570.42439,533.892283,451.408218,424.895538
1471,415.78706,417.840183,470.347607,466.782394,435.086254,385.439421,406.167216,421.8786,425.294594,558.088697,570.42439,533.892283,451.408218,424.895538,379.864692
1472,417.840183,470.347607,466.782394,435.086254,385.439421,406.167216,421.8786,425.294594,558.088697,570.42439,533.892283,451.408218,424.895538,379.864692,387.800254
1473,470.347607,466.782394,435.086254,385.439421,406.167216,421.8786,425.294594,558.088697,570.42439,533.892283,451.408218,424.895538,379.864692,387.800254,366.618881
1474,466.782394,435.086254,385.439421,406.167216,421.8786,425.294594,558.088697,570.42439,533.892283,451.408218,424.895538,379.864692,387.800254,366.618881,325.641167
1475,435.086254,385.439421,406.167216,421.8786,425.294594,558.088697,570.42439,533.892283,451.408218,424.895538,379.864692,387.800254,366.618881,325.641167,337.714094
1476,385.439421,406.167216,421.8786,425.294594,558.088697,570.42439,533.892283,451.408218,424.895538,379.864692,387.800254,366.618881,325.641167,337.714094,379.447533
1477,406.167216,421.8786,425.294594,558.088697,570.42439,533.892283,451.408218,424.895538,379.864692,387.800254,366.618881,325.641167,337.714094,379.447533,385.417246
1478,421.8786,425.294594,558.088697,570.42439,533.892283,451.408218,424.895538,379.864692,387.800254,366.618881,325.641167,337.714094,379.447533,385.417246,352.76406
1479,425.294594,558.088697,570.42439,533.892283,451.408218,424.895538,379.864692,387.800254,366.618881,325.641167,337.714094,379.447533,385.417246,352.76406,385.932743
1480,558.088697,570.42439,533.892283,451.408218,424.895538,379.864692,387.800254,366.618881,325.641167,337.714094,379.447533,385.417246,352.76406,385.932743,407.072947
1481,570.42439,533.892283,451.408218,424.895538,379.864692,387.800254,366.618881,325.641167,337.714094,379.447533,385.417246,352.76406,385.932743,407.072947,407.651381
1482,533.892283,451.408218,424.895538,379.864692,387.800254,366.618881,325.641167,337.714094,379.447533,385.417246,352.76406,385.932743,407.072947,407.651381,414.426812
1483,451.408218,424.895538,379.864692,387.800254,366.618881,325.641167,337.714094,379.447533,385.417246,352.76406,385.932743,407.072947,407.651381,414.426812,418.802545
1484,424.895538,379.864692,387.800254,366.618881,325.641167,337.714094,379.447533,385.417246,352.76406,385.932743,407.072947,407.651381,414.426812,418.802545,420.198588
1485,379.864692,387.800254,366.618881,325.641167,337.714094,379.447533,385.417246,352.76406,385.932743,407.072947,407.651381,414.426812,418.802545,420.198588,377.869052
1486,387.800254,366.618881,325.641167,337.714094,379.447533,385.417246,352.76406,385.932743,407.072947,407.651381,414.426812,418.802545,420.198588,377.869052,303.329283
1487,366.618881,325.641167,337.714094,379.447533,385.417246,352.76406,385.932743,407.072947,407.651381,414.426812,418.802545,420.198588,377.869052,303.329283,299.395692
1488,325.641167,337.714094,379.447533,385.417246,352.76406,385.932743,407.072947,407.651381,414.426812,418.802545,420.198588,377.869052,303.329283,299.395692,351.743856
1489,337.714094,379.447533,385.417246,352.76406,385.932743,407.072947,407.651381,414.426812,418.802545,420.198588,377.869052,303.329283,299.395692,351.743856,397.69906
1490,379.447533,385.417246,352.76406,385.932743,407.072947,407.651381,414.426812,418.802545,420.198588,377.869052,303.329283,299.395692,351.743856,397.69906,358.984728
1491,385.417246,352.76406,385.932743,407.072947,407.651381,414.426812,418.802545,420.198588,377.869052,303.329283,299.395692,351.743856,397.69906,358.984728,305.629209
1492,352.76406,385.932743,407.072947,407.651381,414.426812,418.802545,420.198588,377.869052,303.329283,299.395692,351.743856,397.69906,358.984728,305.629209,330.642597
1493,385.932743,407.072947,407.651381,414.426812,418.802545,420.198588,377.869052,303.329283,299.395692,351.743856,397.69906,358.984728,305.629209,330.642597,313.491701
1494,407.072947,407.651381,414.426812,418.802545,420.198588,377.869052,303.329283,299.395692,351.743856,397.69906,358.984728,305.629209,330.642597,313.491701,300.786033
1495,407.651381,414.426812,418.802545,420.198588,377.869052,303.329283,299.395692,351.743856,397.69906,358.984728,305.629209,330.642597,313.491701,300.786033,323.218639
1496,414.426812,418.802545,420.198588,377.869052,303.329283,299.395692,351.743856,397.69906,358.984728,305.629209,330.642597,313.491701,300.786033,323.218639,340.232722
1497,418.802545,420.198588,377.869052,303.329283,299.395692,351.743856,397.69906,358.984728,305.629209,330.642597,313.491701,300.786033,323.218639,340.232722,371.38724
1498,420.198588,377.869052,303.329283,299.395692,351.743856,397.69906,358.984728,305.629209,330.642597,313.491701,300.786033,323.218639,340.232722,371.38724,367.850455
1499,377.869052,303.329283,299.395692,351.743856,397.69906,358.984728,305.629209,330.642597,313.491701,300.786033,323.218639,340.232722,371.38724,367.850455,405.74312
1500,303.329283,299.395692,351.743856,397.69906,358.984728,305.629209,330.642597,313.491701,300.786033,323.218639,340.232722,371.38724,367.850455,405.74312,324.722497
1501,299.395692,351.743856,397.69906,358.984728,305.629209,330.642597,313.491701,300.786033,323.218639,340.232722,371.38724,367.850455,405.74312,324.722497,304.274895
1502,351.743856,397.69906,358.984728,305.629209,330.642597,313.491701,300.786033,323.218639,340.232722,371.38724,367.850455,405.74312,324.722497,304.274895,303.391665
1503,397.69906,358.984728,305.629209,330.642597,313.491701,300.786033,323.218639,340.232722,371.38724,367.850455,405.74312,324.722497,304.274895,303.391665,302.131269
1504,358.984728,305.629209,330.642597,313.491701,300.786033,323.218639,340.232722,371.38724,367.850455,405.74312,324.722497,304.274895,303.391665,302.131269,319.562941
1505,305.629209,330.642597,313.491701,300.786033,323.218639,340.232722,371.38724,367.850455,405.74312,324.722497,304.274895,303.391665,302.131269,319.562941,271.422245
1506,330.642597,313.491701,300.786033,323.218639,340.232722,371.38724,367.850455,405.74312,324.722497,304.274895,303.391665,302.131269,319.562941,271.422245,276.074083
1507,313.491701,300.786033,323.218639,340.232722,371.38724,367.850455,405.74312,324.722497,304.274895,303.391665,302.131269,319.562941,271.422245,276.074083,328.82955
1508,300.786033,323.218639,340.232722,371.38724,367.850455,405.74312,324.722497,304.274895,303.391665,302.131269,319.562941,271.422245,276.074083,328.82955,270.177118
1509,323.218639,340.232722,371.38724,367.850455,405.74312,324.722497,304.274895,303.391665,302.131269,319.562941,271.422245,276.074083,328.82955,270.177118,279.738779
1510,340.232722,371.38724,367.850455,405.74312,324.722497,304.274895,303.391665,302.131269,319.562941,271.422245,276.074083,328.82955,270.177118,279.738779,234.291854
1511,371.38724,367.850455,405.74312,324.722497,304.274895,303.391665,302.131269,319.562941,271.422245,276.074083,328.82955,270.177118,279.738779,234.291854,223.783398
1512,367.850455,405.74312,324.722497,304.274895,303.391665,302.131269,319.562941,271.422245,276.074083,328.82955,270.177118,279.738779,234.291854,223.783398,223.95949
1513,405.74312,324.722497,304.274895,303.391665,302.131269,319.562941,271.422245,276.074083,328.82955,270.177118,279.738779,234.291854,223.783398,223.95949,199.758201
1514,324.722497,304.274895,303.391665,302.131269,319.562941,271.422245,276.074083,328.82955,270.177118,279.738779,234.291854,223.783398,223.95949,199.758201,175.193841
1515,304.274895,303.391665,302.131269,319.562941,271.422245,276.074083,328.82955,270.177118,279.738779,234.291854,223.783398,223.95949,199.758201,175.193841,170.860391
1516,303.391665,302.131269,319.562941,271.422245,276.074083,328.82955,270.177118,279.738779,234.291854,223.783398,223.95949,199.758201,175.193841,170.860391,183.862918
1517,302.131269,319.562941,271.422245,276.074083,328.82955,270.177118,279.738779,234.291854,223.783398,223.95949,199.758201,175.193841,170.860391,183.862918,162.040729
1518,319.562941,271.422245,276.074083,328.82955,270.177118,279.738779,234.291854,223.783398,223.95949,199.758201,175.193841,170.860391,183.862918,162.040729,142.341343
1519,271.422245,276.074083,328.82955,270.177118,279.738779,234.291854,223.783398,223.95949,199.758201,175.193841,170.860391,183.862918,162.040729,142.341343,125.993533
1520,276.074083,328.82955,270.177118,279.738779,234.291854,223.783398,223.95949,199.758201,175.193841,170.860391,183.862918,162.040729,142.341343,125.993533,148.317497
1521,328.82955,270.177118,279.738779,234.291854,223.783398,223.95949,199.758201,175.193841,170.860391,183.862918,162.040729,142.341343,125.993533,148.317497,152.936085
1522,270.177118,279.738779,234.291854,223.783398,223.95949,199.758201,175.193841,170.860391,183.862918,162.040729,142.341343,125.993533,148.317497,152.936085,151.551607
1523,279.738779,234.291854,223.783398,223.95949,199.758201,175.193841,170.860391,183.862918,162.040729,142.341343,125.993533,148.317497,152.936085,151.551607,146.726701
1524,234.291854,223.783398,223.95949,199.758201,175.193841,170.860391,183.862918,162.040729,142.341343,125.993533,148.317497,152.936085,151.551607,146.726701,122.889753
1525,223.783398,223.95949,199.758201,175.193841,170.860391,183.862918,162.040729,142.341343,125.993533,148.317497,152.936085,151.551607,146.726701,122.889753,137.907518
1526,223.95949,199.758201,175.193841,170.860391,183.862918,162.040729,142.341343,125.993533,148.317497,152.936085,151.551607,146.726701,122.889753,137.907518,138.551114
1527,199.758201,175.193841,170.860391,183.862918,162.040729,142.341343,125.993533,148.317497,152.936085,151.551607,146.726701,122.889753,137.907518,138.551114,131.869013
1528,175.193841,170.860391,183.862918,162.040729,142.341343,125.993533,148.317497,152.936085,151.551607,146.726701,122.889753,137.907518,138.551114,131.869013,120.204653
1529,170.860391,183.862918,162.040729,142.341343,125.993533,148.317497,152.936085,151.551607,146.726701,122.889753,137.907518,138.551114,131.869013,120.204653,132.03646
1530,183.862918,162.040729,142.341343,125.993533,148.317497,152.936085,151.551607,146.726701,122.889753,137.907518,138.551114,131.869013,120.204653,132.03646,131.511124
1531,162.040729,142.341343,125.993533,148.317497,152.936085,151.551607,146.726701,122.889753,137.907518,138.551114,131.869013,120.204653,132.03646,131.511124,146.669647
1532,142.341343,125.993533,148.317497,152.936085,151.551607,146.726701,122.889753,137.907518,138.551114,131.869013,120.204653,132.03646,131.511124,146.669647,124.430526
1533,125.993533,148.317497,152.936085,151.551607,146.726701,122.889753,137.907518,138.551114,131.869013,120.204653,132.03646,131.511124,146.669647,124.430526,138.31317
1534,148.317497,152.936085,151.551607,146.726701,122.889753,137.907518,138.551114,131.869013,120.204653,132.03646,131.511124,146.669647,124.430526,138.31317,118.111658
1535,152.936085,151.551607,146.726701,122.889753,137.907518,138.551114,131.869013,120.204653,132.03646,131.511124,146.669647,124.430526,138.31317,118.111658,127.374589
1536,151.551607,146.726701,122.889753,137.907518,138.551114,131.869013,120.204653,132.03646,131.511124,146.669647,124.430526,138.31317,118.111658,127.374589,155.446487
1537,146.726701,122.889753,137.907518,138.551114,131.869013,120.204653,132.03646,131.511124,146.669647,124.430526,138.31317,118.111658,127.374589,155.446487,129.563326
1538,122.889753,137.907518,138.551114,131.869013,120.204653,132.03646,131.511124,146.669647,124.430526,138.31317,118.111658,127.374589,155.446487,129.563326,117.569322
1539,137.907518,138.551114,131.869013,120.204653,132.03646,131.511124,146.669647,124.430526,138.31317,118.111658,127.374589,155.446487,129.563326,117.569322,130.216021
1540,138.551114,131.869013,120.204653,132.03646,131.511124,146.669647,124.430526,138.31317,118.111658,127.374589,155.446487,129.563326,117.569322,130.216021,143.011078
1541,131.869013,120.204653,132.03646,131.511124,146.669647,124.430526,138.31317,118.111658,127.374589,155.446487,129.563326,117.569322,130.216021,143.011078,159.506564
1542,120.204653,132.03646,131.511124,146.669647,124.430526,138.31317,118.111658,127.374589,155.446487,129.563326,117.569322,130.216021,143.011078,159.506564,117.978229
1543,132.03646,131.511124,146.669647,124.430526,138.31317,118.111658,127.374589,155.446487,129.563326,117.569322,130.216021,143.011078,159.506564,117.978229,119.88484
1544,131.511124,146.669647,124.430526,138.31317,118.111658,127.374589,155.446487,129.563326,117.569322,130.216021,143.011078,159.506564,117.978229,119.88484,125.533353
1545,146.669647,124.430526,138.31317,118.111658,127.374589,155.446487,129.563326,117.569322,130.216021,143.011078,159.506564,117.978229,119.88484,125.533353,134.787718
1546,124.430526,138.31317,118.111658,127.374589,155.446487,129.563326,117.569322,130.216021,143.011078,159.506564,117.978229,119.88484,125.533353,134.787718,155.486015
1547,138.31317,118.111658,127.374589,155.446487,129.563326,117.569322,130.216021,143.011078,159.506564,117.978229,119.88484,125.533353,134.787718,155.486015,149.659724
1548,118.111658,127.374589,155.446487,129.563326,117.569322,130.216021,143.011078,159.506564,117.978229,119.88484,125.533353,134.787718,155.486015,149.659724,134.498786
1549,127.374589,155.446487,129.563326,117.569322,130.216021,143.011078,159.506564,117.978229,119.88484,125.533353,134.787718,155.486015,149.659724,134.498786,128.224877
1550,155.446487,129.563326,117.569322,130.216021,143.011078,159.506564,117.978229,119.88484,125.533353,134.787718,155.486015,149.659724,134.498786,128.224877,116.635015
1551,129.563326,117.569322,130.216021,143.011078,159.506564,117.978229,119.88484,125.533353,134.787718,155.486015,149.659724,134.498786,128.224877,116.635015,134.164722
1552,117.569322,130.216021,143.011078,159.506564,117.978229,119.88484,125.533353,134.787718,155.486015,149.659724,134.498786,128.224877,116.635015,134.164722,159.930564
1553,130.216021,143.011078,159.506564,117.978229,119.88484,125.533353,134.787718,155.486015,149.659724,134.498786,128.224877,116.635015,134.164722,159.930564,138.511981
1554,143.011078,159.506564,117.978229,119.88484,125.533353,134.787718,155.486015,149.659724,134.498786,128.224877,116.635015,134.164722,159.930564,138.511981,121.907895
1555,159.506564,117.978229,119.88484,125.533353,134.787718,155.486015,149.659724,134.498786,128.224877,116.635015,134.164722,159.930564,138.511981,121.907895,105.694579
1556,117.978229,119.88484,125.533353,134.787718,155.486015,149.659724,134.498786,128.224877,116.635015,134.164722,159.930564,138.511981,121.907895,105.694579,128.350534
1557,119.88484,125.533353,134.787718,155.486015,149.659724,134.498786,128.224877,116.635015,134.164722,159.930564,138.511981,121.907895,105.694579,128.350534,122.389538
1558,125.533353,134.787718,155.486015,149.659724,134.498786,128.224877,116.635015,134.164722,159.930564,138.511981,121.907895,105.694579,128.350534,122.389538,119.489332
1559,134.787718,155.486015,149.659724,134.498786,128.224877,116.635015,134.164722,159.930564,138.511981,121.907895,105.694579,128.350534,122.389538,119.489332,122.09171
1560,155.486015,149.659724,134.498786,128.224877,116.635015,134.164722,159.930564,138.511981,121.907895,105.694579,128.350534,122.389538,119.489332,122.09171,138.188906
1561,149.659724,134.498786,128.224877,116.635015,134.164722,159.930564,138.511981,121.907895,105.694579,128.350534,122.389538,119.489332,122.09171,138.188906,135.231263
1562,134.498786,128.224877,116.635015,134.164722,159.930564,138.511981,121.907895,105.694579,128.350534,122.389538,119.489332,122.09171,138.188906,135.231263,128.291224
1563,128.224877,116.635015,134.164722,159.930564,138.511981,121.907895,105.694579,128.350534,122.389538,119.489332,122.09171,138.188906,135.231263,128.291224,128.260956
1564,116.635015,134.164722,159.930564,138.511981,121.907895,105.694579,128.350534,122.389538,119.489332,122.09171,138.188906,135.231263,128.291224,128.260956,120.655715
1565,134.164722,159.930564,138.511981,121.907895,105.694579,128.350534,122.389538,119.489332,122.09171,138.188906,135.231263,128.291224,128.260956,120.655715,130.042773
1566,159.930564,138.511981,121.907895,105.694579,128.350534,122.389538,119.489332,122.09171,138.188906,135.231263,128.291224,128.260956,120.655715,130.042773,118.185574
1567,138.511981,121.907895,105.694579,128.350534,122.389538,119.489332,122.09171,138.188906,135.231263,128.291224,128.260956,120.655715,130.042773,118.185574,105.410715
1568,121.907895,105.694579,128.350534,122.389538,119.489332,122.09171,138.188906,135.231263,128.291224,128.260956,120.655715,130.042773,118.185574,105.410715,106.469204
1569,105.694579,128.350534,122.389538,119.489332,122.09171,138.188906,135.231263,128.291224,128.260956,120.655715,130.042773,118.185574,105.410715,106.469204,112.069071
1570,128.350534,122.389538,119.489332,122.09171,138.188906,135.231263,128.291224,128.260956,120.655715,130.042773,118.185574,105.410715,106.469204,112.069071,110.861701
1571,122.389538,119.489332,122.09171,138.188906,135.231263,128.291224,128.260956,120.655715,130.042773,118.185574,105.410715,106.469204,112.069071,110.861701,129.264927
1572,119.489332,122.09171,138.188906,135.231263,128.291224,128.260956,120.655715,130.042773,118.185574,105.410715,106.469204,112.069071,110.861701,129.264927,125.071132
1573,122.09171,138.188906,135.231263,128.291224,128.260956,120.655715,130.042773,118.185574,105.410715,106.469204,112.069071,110.861701,129.264927,125.071132,117.407218
1574,138.188906,135.231263,128.291224,128.260956,120.655715,130.042773,118.185574,105.410715,106.469204,112.069071,110.861701,129.264927,125.071132,117.407218,98.799686
1575,135.231263,128.291224,128.260956,120.655715,130.042773,118.185574,105.410715,106.469204,112.069071,110.861701,129.264927,125.071132,117.407218,98.799686,99.300331
1576,128.291224,128.260956,120.655715,130.042773,118.185574,105.410715,106.469204,112.069071,110.861701,129.264927,125.071132,117.407218,98.799686,99.300331,97.88135
1577,128.260956,120.655715,130.042773,118.185574,105.410715,106.469204,112.069071,110.861701,129.264927,125.071132,117.407218,98.799686,99.300331,97.88135,102.657603
1578,120.655715,130.042773,118.185574,105.410715,106.469204,112.069071,110.861701,129.264927,125.071132,117.407218,98.799686,99.300331,97.88135,102.657603,131.199539
1579,130.042773,118.185574,105.410715,106.469204,112.069071,110.861701,129.264927,125.071132,117.407218,98.799686,99.300331,97.88135,102.657603,131.199539,181.296955
1580,118.185574,105.410715,106.469204,112.069071,110.861701,129.264927,125.071132,117.407218,98.799686,99.300331,97.88135,102.657603,131.199539,181.296955,191.82835
1581,105.410715,106.469204,112.069071,110.861701,129.264927,125.071132,117.407218,98.799686,99.300331,97.88135,102.657603,131.199539,181.296955,191.82835,160.429042
1582,106.469204,112.069071,110.861701,129.264927,125.071132,117.407218,98.799686,99.300331,97.88135,102.657603,131.199539,181.296955,191.82835,160.429042,143.304681
1583,112.069071,110.861701,129.264927,125.071132,117.407218,98.799686,99.300331,97.88135,102.657603,131.199539,181.296955,191.82835,160.429042,143.304681,132.54466
1584,110.861701,129.264927,125.071132,117.407218,98.799686,99.300331,97.88135,102.657603,131.199539,181.296955,191.82835,160.429042,143.304681,132.54466,128.104465
1585,129.264927,125.071132,117.407218,98.799686,99.300331,97.88135,102.657603,131.199539,181.296955,191.82835,160.429042,143.304681,132.54466,128.104465,130.053013
1586,125.071132,117.407218,98.799686,99.300331,97.88135,102.657603,131.199539,181.296955,191.82835,160.429042,143.304681,132.54466,128.104465,130.053013,113.171562
1587,117.407218,98.799686,99.300331,97.88135,102.657603,131.199539,181.296955,191.82835,160.429042,143.304681,132.54466,128.104465,130.053013,113.171562,112.064569
1588,98.799686,99.300331,97.88135,102.657603,131.199539,181.296955,191.82835,160.429042,143.304681,132.54466,128.104465,130.053013,113.171562,112.064569,125.389024
1589,99.300331,97.88135,102.657603,131.199539,181.296955,191.82835,160.429042,143.304681,132.54466,128.104465,130.053013,113.171562,112.064569,125.389024,142.196059
1590,97.88135,102.657603,131.199539,181.296955,191.82835,160.429042,143.304681,132.54466,128.104465,130.053013,113.171562,112.064569,125.389024,142.196059,176.441247
1591,102.657603,131.199539,181.296955,191.82835,160.429042,143.304681,132.54466,128.104465,130.053013,113.171562,112.064569,125.389024,142.196059,176.441247,139.812392
1592,131.199539,181.296955,191.82835,160.429042,143.304681,132.54466,128.104465,130.053013,113.171562,112.064569,125.389024,142.196059,176.441247,139.812392,176.81102
1593,181.296955,191.82835,160.429042,143.304681,132.54466,128.104465,130.053013,113.171562,112.064569,125.389024,142.196059,176.441247,139.812392,176.81102,172.09408
1594,191.82835,160.429042,143.304681,132.54466,128.104465,130.053013,113.171562,112.064569,125.389024,142.196059,176.441247,139.812392,176.81102,172.09408,145.551877
1595,160.429042,143.304681,132.54466,128.104465,130.053013,113.171562,112.064569,125.389024,142.196059,176.441247,139.812392,176.81102,172.09408,145.551877,138.932156
1596,143.304681,132.54466,128.104465,130.053013,113.171562,112.064569,125.389024,142.196059,176.441247,139.812392,176.81102,172.09408,145.551877,138.932156,202.50837
1597,132.54466,128.104465,130.053013,113.171562,112.064569,125.389024,142.196059,176.441247,139.812392,176.81102,172.09408,145.551877,138.932156,202.50837,186.424581
1598,128.104465,130.053013,113.171562,112.064569,125.389024,142.196059,176.441247,139.812392,176.81102,172.09408,145.551877,138.932156,202.50837,186.424581,226.651629
1599,130.053013,113.171562,112.064569,125.389024,142.196059,176.441247,139.812392,176.81102,172.09408,145.551877,138.932156,202.50837,186.424581,226.651629,249.672359
1600,113.171562,112.064569,125.389024,142.196059,176.441247,139.812392,176.81102,172.09408,145.551877,138.932156,202.50837,186.424581,226.651629,249.672359,275.512015
1601,112.064569,125.389024,142.196059,176.441247,139.812392,176.81102,172.09408,145.551877,138.932156,202.50837,186.424581,226.651629,249.672359,275.512015,304.765245
1602,125.389024,142.196059,176.441247,139.812392,176.81102,172.09408,145.551877,138.932156,202.50837,186.424581,226.651629,249.672359,275.512015,304.765245,355.321449
1603,142.196059,176.441247,139.812392,176.81102,172.09408,145.551877,138.932156,202.50837,186.424581,226.651629,249.672359,275.512015,304.765245,355.321449,321.52914
1604,176.441247,139.812392,176.81102,172.09408,145.551877,138.932156,202.50837,186.424581,226.651629,249.672359,275.512015,304.765245,355.321449,321.52914,276.661497
1605,139.812392,176.81102,172.09408,145.551877,138.932156,202.50837,186.424581,226.651629,249.672359,275.512015,304.765245,355.321449,321.52914,276.661497,264.545631
1606,176.81102,172.09408,145.551877,138.932156,202.50837,186.424581,226.651629,249.672359,275.512015,304.765245,355.321449,321.52914,276.661497,264.545631,247.379552
1607,172.09408,145.551877,138.932156,202.50837,186.424581,226.651629,249.672359,275.512015,304.765245,355.321449,321.52914,276.661497,264.545631,247.379552,275.544181
1608,145.551877,138.932156,202.50837,186.424581,226.651629,249.672359,275.512015,304.765245,355.321449,321.52914,276.661497,264.545631,247.379552,275.544181,341.274625
1609,138.932156,202.50837,186.424581,226.651629,249.672359,275.512015,304.765245,355.321449,321.52914,276.661497,264.545631,247.379552,275.544181,341.274625,296.628166
1610,202.50837,186.424581,226.651629,249.672359,275.512015,304.765245,355.321449,321.52914,276.661497,264.545631,247.379552,275.544181,341.274625,296.628166,293.358334
1611,186.424581,226.651629,249.672359,275.512015,304.765245,355.321449,321.52914,276.661497,264.545631,247.379552,275.544181,341.274625,296.628166,293.358334,327.725245
1612,226.651629,249.672359,275.512015,304.765245,355.321449,321.52914,276.661497,264.545631,247.379552,275.544181,341.274625,296.628166,293.358334,327.725245,344.975464
1613,249.672359,275.512015,304.765245,355.321449,321.52914,276.661497,264.545631,247.379552,275.544181,341.274625,296.628166,293.358334,327.725245,344.975464,347.450611
1614,275.512015,304.765245,355.321449,321.52914,276.661497,264.545631,247.379552,275.544181,341.274625,296.628166,293.358334,327.725245,344.975464,347.450611,363.73683
1615,304.765245,355.321449,321.52914,276.661497,264.545631,247.379552,275.544181,341.274625,296.628166,293.358334,327.725245,344.975464,347.450611,363.73683,339.97859
1616,355.321449,321.52914,276.661497,264.545631,247.379552,275.544181,341.274625,296.628166,293.358334,327.725245,344.975464,347.450611,363.73683,339.97859,363.573019
1617,321.52914,276.661497,264.545631,247.379552,275.544181,341.274625,296.628166,293.358334,327.725245,344.975464,347.450611,363.73683,339.97859,363.573019,335.981168
1618,276.661497,264.545631,247.379552,275.544181,341.274625,296.628166,293.358334,327.725245,344.975464,347.450611,363.73683,339.97859,363.573019,335.981168,320.454208
1619,264.545631,247.379552,275.544181,341.274625,296.628166,293.358334,327.725245,344.975464,347.450611,363.73683,339.97859,363.573019,335.981168,320.454208,304.209736
1620,247.379552,275.544181,341.274625,296.628166,293.358334,327.725245,344.975464,347.450611,363.73683,339.97859,363.573019,335.981168,320.454208,304.209736,286.564438
1621,275.544181,341.274625,296.628166,293.358334,327.725245,344.975464,347.450611,363.73683,339.97859,363.573019,335.981168,320.454208,304.209736,286.564438,225.404625
1622,341.274625,296.628166,293.358334,327.725245,344.975464,347.450611,363.73683,339.97859,363.573019,335.981168,320.454208,304.209736,286.564438,225.404625,324.379571
1623,296.628166,293.358334,327.725245,344.975464,347.450611,363.73683,339.97859,363.573019,335.981168,320.454208,304.209736,286.564438,225.404625,324.379571,299.765368
1624,293.358334,327.725245,344.975464,347.450611,363.73683,339.97859,363.573019,335.981168,320.454208,304.209736,286.564438,225.404625,324.379571,299.765368,310.742974
1625,327.725245,344.975464,347.450611,363.73683,339.97859,363.573019,335.981168,320.454208,304.209736,286.564438,225.404625,324.379571,299.765368,310.742974,290.696763
1626,344.975464,347.450611,363.73683,339.97859,363.573019,335.981168,320.454208,304.209736,286.564438,225.404625,324.379571,299.765368,310.742974,290.696763,290.017232
1627,347.450611,363.73683,339.97859,363.573019,335.981168,320.454208,304.209736,286.564438,225.404625,324.379571,299.765368,310.742974,290.696763,290.017232,248.07142
1628,363.73683,339.97859,363.573019,335.981168,320.454208,304.209736,286.564438,225.404625,324.379571,299.765368,310.742974,290.696763,290.017232,248.07142,190.196405
1629,339.97859,363.573019,335.981168,320.454208,304.209736,286.564438,225.404625,324.379571,299.765368,310.742974,290.696763,290.017232,248.07142,190.196405,264.758075
1630,363.573019,335.981168,320.454208,304.209736,286.564438,225.404625,324.379571,299.765368,310.742974,290.696763,290.017232,248.07142,190.196405,264.758075,312.840066
1631,335.981168,320.454208,304.209736,286.564438,225.404625,324.379571,299.765368,310.742974,290.696763,290.017232,248.07142,190.196405,264.758075,312.840066,239.778685
1632,320.454208,304.209736,286.564438,225.404625,324.379571,299.765368,310.742974,290.696763,290.017232,248.07142,190.196405,264.758075,312.840066,239.778685,271.163066
1633,304.209736,286.564438,225.404625,324.379571,299.765368,310.742974,290.696763,290.017232,248.07142,190.196405,264.758075,312.840066,239.778685,271.163066,276.181564
1634,286.564438,225.404625,324.379571,299.765368,310.742974,290.696763,290.017232,248.07142,190.196405,264.758075,312.840066,239.778685,271.163066,276.181564,238.306422
1635,225.404625,324.379571,299.765368,310.742974,290.696763,290.017232,248.07142,190.196405,264.758075,312.840066,239.778685,271.163066,276.181564,238.306422,267.443843
1636,324.379571,299.765368,310.742974,290.696763,290.017232,248.07142,190.196405,264.758075,312.840066,239.778685,271.163066,276.181564,238.306422,267.443843,280.663513
1637,299.765368,310.742974,290.696763,290.017232,248.07142,190.196405,264.758075,312.840066,239.778685,271.163066,276.181564,238.306422,267.443843,280.663513,324.786974
1638,310.742974,290.696763,290.017232,248.07142,190.196405,264.758075,312.840066,239.778685,271.163066,276.181564,238.306422,267.443843,280.663513,324.786974,269.526176
1639,290.696763,290.017232,248.07142,190.196405,264.758075,312.840066,239.778685,271.163066,276.181564,238.306422,267.443843,280.663513,324.786974,269.526176,293.692003
1640,290.017232,248.07142,190.196405,264.758075,312.840066,239.778685,271.163066,276.181564,238.306422,267.443843,280.663513,324.786974,269.526176,293.692003,257.43272
1641,248.07142,190.196405,264.758075,312.840066,239.778685,271.163066,276.181564,238.306422,267.443843,280.663513,324.786974,269.526176,293.692003,257.43272,270.62622
1642,190.196405,264.758075,312.840066,239.778685,271.163066,276.181564,238.306422,267.443843,280.663513,324.786974,269.526176,293.692003,257.43272,270.62622,303.27922
1643,264.758075,312.840066,239.778685,271.163066,276.181564,238.306422,267.443843,280.663513,324.786974,269.526176,293.692003,257.43272,270.62622,303.27922,273.999406
1644,312.840066,239.778685,271.163066,276.181564,238.306422,267.443843,280.663513,324.786974,269.526176,293.692003,257.43272,270.62622,303.27922,273.999406,252.413504
1645,239.778685,271.163066,276.181564,238.306422,267.443843,280.663513,324.786974,269.526176,293.692003,257.43272,270.62622,303.27922,273.999406,252.413504,360.989007
1646,271.163066,276.181564,238.306422,267.443843,280.663513,324.786974,269.526176,293.692003,257.43272,270.62622,303.27922,273.999406,252.413504,360.989007,312.329955
1647,276.181564,238.306422,267.443843,280.663513,324.786974,269.526176,293.692003,257.43272,270.62622,303.27922,273.999406,252.413504,360.989007,312.329955,311.307748
1648,238.306422,267.443843,280.663513,324.786974,269.526176,293.692003,257.43272,270.62622,303.27922,273.999406,252.413504,360.989007,312.329955,311.307748,289.469559
1649,267.443843,280.663513,324.786974,269.526176,293.692003,257.43272,270.62622,303.27922,273.999406,252.413504,360.989007,312.329955,311.307748,289.469559,208.691942
1650,280.663513,324.786974,269.526176,293.692003,257.43272,270.62622,303.27922,273.999406,252.413504,360.989007,312.329955,311.307748,289.469559,208.691942,211.573889
1651,324.786974,269.526176,293.692003,257.43272,270.62622,303.27922,273.999406,252.413504,360.989007,312.329955,311.307748,289.469559,208.691942,211.573889,192.204646
1652,269.526176,293.692003,257.43272,270.62622,303.27922,273.999406,252.413504,360.989007,312.329955,311.307748,289.469559,208.691942,211.573889,192.204646,233.360454
1653,293.692003,257.43272,270.62622,303.27922,273.999406,252.413504,360.989007,312.329955,311.307748,289.469559,208.691942,211.573889,192.204646,233.360454,223.641923
1654,257.43272,270.62622,303.27922,273.999406,252.413504,360.989007,312.329955,311.307748,289.469559,208.691942,211.573889,192.204646,233.360454,223.641923,218.129137
1655,270.62622,303.27922,273.999406,252.413504,360.989007,312.329955,311.307748,289.469559,208.691942,211.573889,192.204646,233.360454,223.641923,218.129137,231.176884
1656,303.27922,273.999406,252.413504,360.989007,312.329955,311.307748,289.469559,208.691942,211.573889,192.204646,233.360454,223.641923,218.129137,231.176884,220.821146
1657,273.999406,252.413504,360.989007,312.329955,311.307748,289.469559,208.691942,211.573889,192.204646,233.360454,223.641923,218.129137,231.176884,220.821146,239.945877
1658,252.413504,360.989007,312.329955,311.307748,289.469559,208.691942,211.573889,192.204646,233.360454,223.641923,218.129137,231.176884,220.821146,239.945877,233.097448
1659,360.989007,312.329955,311.307748,289.469559,208.691942,211.573889,192.204646,233.360454,223.641923,218.129137,231.176884,220.821146,239.945877,233.097448,248.611097
1660,312.329955,311.307748,289.469559,208.691942,211.573889,192.204646,233.360454,223.641923,218.129137,231.176884,220.821146,239.945877,233.097448,248.611097,280.834681
1661,311.307748,289.469559,208.691942,211.573889,192.204646,233.360454,223.641923,218.129137,231.176884,220.821146,239.945877,233.097448,248.611097,280.834681,312.45143
1662,289.469559,208.691942,211.573889,192.204646,233.360454,223.641923,218.129137,231.176884,220.821146,239.945877,233.097448,248.611097,280.834681,312.45143,281.874916
1663,208.691942,211.573889,192.204646,233.360454,223.641923,218.129137,231.176884,220.821146,239.945877,233.097448,248.611097,280.834681,312.45143,281.874916,274.876679
1664,211.573889,192.204646,233.360454,223.641923,218.129137,231.176884,220.821146,239.945877,233.097448,248.611097,280.834681,312.45143,281.874916,274.876679,258.309551
1665,192.204646,233.360454,223.641923,218.129137,231.176884,220.821146,239.945877,233.097448,248.611097,280.834681,312.45143,281.874916,274.876679,258.309551,277.365704
1666,233.360454,223.641923,218.129137,231.176884,220.821146,239.945877,233.097448,248.611097,280.834681,312.45143,281.874916,274.876679,258.309551,277.365704,214.88632
1667,223.641923,218.129137,231.176884,220.821146,239.945877,233.097448,248.611097,280.834681,312.45143,281.874916,274.876679,258.309551,277.365704,214.88632,188.618002
1668,218.129137,231.176884,220.821146,239.945877,233.097448,248.611097,280.834681,312.45143,281.874916,274.876679,258.309551,277.365704,214.88632,188.618002,202.918449
1669,231.176884,220.821146,239.945877,233.097448,248.611097,280.834681,312.45143,281.874916,274.876679,258.309551,277.365704,214.88632,188.618002,202.918449,260.564752
1670,220.821146,239.945877,233.097448,248.611097,280.834681,312.45143,281.874916,274.876679,258.309551,277.365704,214.88632,188.618002,202.918449,260.564752,239.208938
1671,239.945877,233.097448,248.611097,280.834681,312.45143,281.874916,274.876679,258.309551,277.365704,214.88632,188.618002,202.918449,260.564752,239.208938,259.869013
1672,233.097448,248.611097,280.834681,312.45143,281.874916,274.876679,258.309551,277.365704,214.88632,188.618002,202.918449,260.564752,239.208938,259.869013,309.656938
1673,248.611097,280.834681,312.45143,281.874916,274.876679,258.309551,277.365704,214.88632,188.618002,202.918449,260.564752,239.208938,259.869013,309.656938,314.918632
1674,280.834681,312.45143,281.874916,274.876679,258.309551,277.365704,214.88632,188.618002,202.918449,260.564752,239.208938,259.869013,309.656938,314.918632,261.535131
1675,312.45143,281.874916,274.876679,258.309551,277.365704,214.88632,188.618002,202.918449,260.564752,239.208938,259.869013,309.656938,314.918632,261.535131,274.080506
1676,281.874916,274.876679,258.309551,277.365704,214.88632,188.618002,202.918449,260.564752,239.208938,259.869013,309.656938,314.918632,261.535131,274.080506,223.586985
1677,274.876679,258.309551,277.365704,214.88632,188.618002,202.918449,260.564752,239.208938,259.869013,309.656938,314.918632,261.535131,274.080506,223.586985,269.173328
1678,258.309551,277.365704,214.88632,188.618002,202.918449,260.564752,239.208938,259.869013,309.656938,314.918632,261.535131,274.080506,223.586985,269.173328,251.723322
1679,277.365704,214.88632,188.618002,202.918449,260.564752,239.208938,259.869013,309.656938,314.918632,261.535131,274.080506,223.586985,269.173328,251.723322,243.813906
1680,214.88632,188.618002,202.918449,260.564752,239.208938,259.869013,309.656938,314.918632,261.535131,274.080506,223.586985,269.173328,251.723322,243.813906,249.484528
1681,188.618002,202.918449,260.564752,239.208938,259.869013,309.656938,314.918632,261.535131,274.080506,223.586985,269.173328,251.723322,243.813906,249.484528,251.88486
1682,202.918449,260.564752,239.208938,259.869013,309.656938,314.918632,261.535131,274.080506,223.586985,269.173328,251.723322,243.813906,249.484528,251.88486,230.647389
1683,260.564752,239.208938,259.869013,309.656938,314.918632,261.535131,274.080506,223.586985,269.173328,251.723322,243.813906,249.484528,251.88486,230.647389,202.352834
1684,239.208938,259.869013,309.656938,314.918632,261.535131,274.080506,223.586985,269.173328,251.723322,243.813906,249.484528,251.88486,230.647389,202.352834,186.725922
1685,259.869013,309.656938,314.918632,261.535131,274.080506,223.586985,269.173328,251.723322,243.813906,249.484528,251.88486,230.647389,202.352834,186.725922,172.778083
1686,309.656938,314.918632,261.535131,274.080506,223.586985,269.173328,251.723322,243.813906,249.484528,251.88486,230.647389,202.352834,186.725922,172.778083,159.782073
1687,314.918632,261.535131,274.080506,223.586985,269.173328,251.723322,243.813906,249.484528,251.88486,230.647389,202.352834,186.725922,172.778083,159.782073,165.920771
1688,261.535131,274.080506,223.586985,269.173328,251.723322,243.813906,249.484528,251.88486,230.647389,202.352834,186.725922,172.778083,159.782073,165.920771,187.481614
1689,274.080506,223.586985,269.173328,251.723322,243.813906,249.484528,251.88486,230.647389,202.352834,186.725922,172.778083,159.782073,165.920771,187.481614,211.45756
1690,223.586985,269.173328,251.723322,243.813906,249.484528,251.88486,230.647389,202.352834,186.725922,172.778083,159.782073,165.920771,187.481614,211.45756,232.669653
1691,269.173328,251.723322,243.813906,249.484528,251.88486,230.647389,202.352834,186.725922,172.778083,159.782073,165.920771,187.481614,211.45756,232.669653,223.863744
1692,251.723322,243.813906,249.484528,251.88486,230.647389,202.352834,186.725922,172.778083,159.782073,165.920771,187.481614,211.45756,232.669653,223.863744,176.176426
1693,243.813906,249.484528,251.88486,230.647389,202.352834,186.725922,172.778083,159.782073,165.920771,187.481614,211.45756,232.669653,223.863744,176.176426,203.337699
1694,249.484528,251.88486,230.647389,202.352834,186.725922,172.778083,159.782073,165.920771,187.481614,211.45756,232.669653,223.863744,176.176426,203.337699,210.12778
1695,251.88486,230.647389,202.352834,186.725922,172.778083,159.782073,165.920771,187.481614,211.45756,232.669653,223.863744,176.176426,203.337699,210.12778,177.376403
1696,230.647389,202.352834,186.725922,172.778083,159.782073,165.920771,187.481614,211.45756,232.669653,223.863744,176.176426,203.337699,210.12778,177.376403,185.276504
1697,202.352834,186.725922,172.778083,159.782073,165.920771,187.481614,211.45756,232.669653,223.863744,176.176426,203.337699,210.12778,177.376403,185.276504,170.050738
1698,186.725922,172.778083,159.782073,165.920771,187.481614,211.45756,232.669653,223.863744,176.176426,203.337699,210.12778,177.376403,185.276504,170.050738,195.388561
1699,172.778083,159.782073,165.920771,187.481614,211.45756,232.669653,223.863744,176.176426,203.337699,210.12778,177.376403,185.276504,170.050738,195.388561,212.230202
1700,159.782073,165.920771,187.481614,211.45756,232.669653,223.863744,176.176426,203.337699,210.12778,177.376403,185.276504,170.050738,195.388561,212.230202,218.530895
1701,165.920771,187.481614,211.45756,232.669653,223.863744,176.176426,203.337699,210.12778,177.376403,185.276504,170.050738,195.388561,212.230202,218.530895,226.434695
1702,187.481614,211.45756,232.669653,223.863744,176.176426,203.337699,210.12778,177.376403,185.276504,170.050738,195.388561,212.230202,218.530895,226.434695,254.819236
1703,211.45756,232.669653,223.863744,176.176426,203.337699,210.12778,177.376403,185.276504,170.050738,195.388561,212.230202,218.530895,226.434695,254.819236,246.934144
1704,232.669653,223.863744,176.176426,203.337699,210.12778,177.376403,185.276504,170.050738,195.388561,212.230202,218.530895,226.434695,254.819236,246.934144,254.898295
1705,223.863744,176.176426,203.337699,210.12778,177.376403,185.276504,170.050738,195.388561,212.230202,218.530895,226.434695,254.819236,246.934144,254.898295,262.065359
1706,176.176426,203.337699,210.12778,177.376403,185.276504,170.050738,195.388561,212.230202,218.530895,226.434695,254.819236,246.934144,254.898295,262.065359,226.528095
1707,203.337699,210.12778,177.376403,185.276504,170.050738,195.388561,212.230202,218.530895,226.434695,254.819236,246.934144,254.898295,262.065359,226.528095,259.306294
1708,210.12778,177.376403,185.276504,170.050738,195.388561,212.230202,218.530895,226.434695,254.819236,246.934144,254.898295,262.065359,226.528095,259.306294,235.640965
1709,177.376403,185.276504,170.050738,195.388561,212.230202,218.530895,226.434695,254.819236,246.934144,254.898295,262.065359,226.528095,259.306294,235.640965,217.279031
1710,185.276504,170.050738,195.388561,212.230202,218.530895,226.434695,254.819236,246.934144,254.898295,262.065359,226.528095,259.306294,235.640965,217.279031,207.156047
1711,170.050738,195.388561,212.230202,218.530895,226.434695,254.819236,246.934144,254.898295,262.065359,226.528095,259.306294,235.640965,217.279031,207.156047,203.987285
1712,195.388561,212.230202,218.530895,226.434695,254.819236,246.934144,254.898295,262.065359,226.528095,259.306294,235.640965,217.279031,207.156047,203.987285,198.712779
