,Input1,Input2,Input3,Input4,Input5,Output1,Output2,Output3,Output4,Output5,Output6,Output7,Output8,Output9,Output10
0,22.740929,20.0169,20.802438,20.347934,19.565531,20.729571,20.630886,20.708247,20.865213,23.282169,23.64154,25.383304,25.574972,27.725137,27.202309
1,20.0169,20.802438,20.347934,19.565531,20.729571,20.630886,20.708247,20.865213,23.282169,23.64154,25.383304,25.574972,27.725137,27.202309,28.963157
2,20.802438,20.347934,19.565531,20.729571,20.630886,20.708247,20.865213,23.282169,23.64154,25.383304,25.574972,27.725137,27.202309,28.963157,31.274583
3,20.347934,19.565531,20.729571,20.630886,20.708247,20.865213,23.282169,23.64154,25.383304,25.574972,27.725137,27.202309,28.963157,31.274583,29.276144
4,19.565531,20.729571,20.630886,20.708247,20.865213,23.282169,23.64154,25.383304,25.574972,27.725137,27.202309,28.963157,31.274583,29.276144,30.582408
5,20.729571,20.630886,20.708247,20.865213,23.282169,23.64154,25.383304,25.574972,27.725137,27.202309,28.963157,31.274583,29.276144,30.582408,38.046014
6,20.630886,20.708247,20.865213,23.282169,23.64154,25.383304,25.574972,27.725137,27.202309,28.963157,31.274583,29.276144,30.582408,38.046014,40.09066
7,20.708247,20.865213,23.282169,23.64154,25.383304,25.574972,27.725137,27.202309,28.963157,31.274583,29.276144,30.582408,38.046014,40.09066,42.560525
8,20.865213,23.282169,23.64154,25.383304,25.574972,27.725137,27.202309,28.963157,31.274583,29.276144,30.582408,38.046014,40.09066,42.560525,44.959272
9,23.282169,23.64154,25.383304,25.574972,27.725137,27.202309,28.963157,31.274583,29.276144,30.582408,38.046014,40.09066,42.560525,44.959272,47.160039
10,23.64154,25.383304,25.574972,27.725137,27.202309,28.963157,31.274583,29.276144,30.582408,38.046014,40.09066,42.560525,44.959272,47.160039,47.705225
11,25.383304,25.574972,27.725137,27.202309,28.963157,31.274583,29.276144,30.582408,38.046014,40.09066,42.560525,44.959272,47.160039,47.705225,49.598494
12,25.574972,27.725137,27.202309,28.963157,31.274583,29.276144,30.582408,38.046014,40.09066,42.560525,44.959272,47.160039,47.705225,49.598494,52.188223
13,27.725137,27.202309,28.963157,31.274583,29.276144,30.582408,38.046014,40.09066,42.560525,44.959272,47.160039,47.705225,49.598494,52.188223,53.131378
14,27.202309,28.963157,31.274583,29.276144,30.582408,38.046014,40.09066,42.560525,44.959272,47.160039,47.705225,49.598494,52.188223,53.131378,54.648305
15,28.963157,31.274583,29.276144,30.582408,38.046014,40.09066,42.560525,44.959272,47.160039,47.705225,49.598494,52.188223,53.131378,54.648305,53.980029
16,31.274583,29.276144,30.582408,38.046014,40.09066,42.560525,44.959272,47.160039,47.705225,49.598494,52.188223,53.131378,54.648305,53.980029,54.944824
17,29.276144,30.582408,38.046014,40.09066,42.560525,44.959272,47.160039,47.705225,49.598494,52.188223,53.131378,54.648305,53.980029,54.944824,55.949122
18,30.582408,38.046014,40.09066,42.560525,44.959272,47.160039,47.705225,49.598494,52.188223,53.131378,54.648305,53.980029,54.944824,55.949122,54.102176
19,38.046014,40.09066,42.560525,44.959272,47.160039,47.705225,49.598494,52.188223,53.131378,54.648305,53.980029,54.944824,55.949122,54.102176,54.325431
20,40.09066,42.560525,44.959272,47.160039,47.705225,49.598494,52.188223,53.131378,54.648305,53.980029,54.944824,55.949122,54.102176,54.325431,56.104555
21,42.560525,44.959272,47.160039,47.705225,49.598494,52.188223,53.131378,54.648305,53.980029,54.944824,55.949122,54.102176,54.325431,56.104555,56.301318
22,44.959272,47.160039,47.705225,49.598494,52.188223,53.131378,54.648305,53.980029,54.944824,55.949122,54.102176,54.325431,56.104555,56.301318,60.254748
23,47.160039,47.705225,49.598494,52.188223,53.131378,54.648305,53.980029,54.944824,55.949122,54.102176,54.325431,56.104555,56.301318,60.254748,59.027729
24,47.705225,49.598494,52.188223,53.131378,54.648305,53.980029,54.944824,55.949122,54.102176,54.325431,56.104555,56.301318,60.254748,59.027729,59.555233
25,49.598494,52.188223,53.131378,54.648305,53.980029,54.944824,55.949122,54.102176,54.325431,56.104555,56.301318,60.254748,59.027729,59.555233,60.372426
26,52.188223,53.131378,54.648305,53.980029,54.944824,55.949122,54.102176,54.325431,56.104555,56.301318,60.254748,59.027729,59.555233,60.372426,61.607362
27,53.131378,54.648305,53.980029,54.944824,55.949122,54.102176,54.325431,56.104555,56.301318,60.254748,59.027729,59.555233,60.372426,61.607362,58.793465
28,54.648305,53.980029,54.944824,55.949122,54.102176,54.325431,56.104555,56.301318,60.254748,59.027729,59.555233,60.372426,61.607362,58.793465,57.080692
29,53.980029,54.944824,55.949122,54.102176,54.325431,56.104555,56.301318,60.254748,59.027729,59.555233,60.372426,61.607362,58.793465,57.080692,60.488184
30,54.944824,55.949122,54.102176,54.325431,56.104555,56.301318,60.254748,59.027729,59.555233,60.372426,61.607362,58.793465,57.080692,60.488184,62.004604
31,55.949122,54.102176,54.325431,56.104555,56.301318,60.254748,59.027729,59.555233,60.372426,61.607362,58.793465,57.080692,60.488184,62.004604,66.131549
32,54.102176,54.325431,56.104555,56.301318,60.254748,59.027729,59.555233,60.372426,61.607362,58.793465,57.080692,60.488184,62.004604,66.131549,63.106611
33,54.325431,56.104555,56.301318,60.254748,59.027729,59.555233,60.372426,61.607362,58.793465,57.080692,60.488184,62.004604,66.131549,63.106611,59.908695
34,56.104555,56.301318,60.254748,59.027729,59.555233,60.372426,61.607362,58.793465,57.080692,60.488184,62.004604,66.131549,63.106611,59.908695,57.974837
35,56.301318,60.254748,59.027729,59.555233,60.372426,61.607362,58.793465,57.080692,60.488184,62.004604,66.131549,63.106611,59.908695,57.974837,57.963082
36,60.254748,59.027729,59.555233,60.372426,61.607362,58.793465,57.080692,60.488184,62.004604,66.131549,63.106611,59.908695,57.974837,57.963082,59.969371
37,59.027729,59.555233,60.372426,61.607362,58.793465,57.080692,60.488184,62.004604,66.131549,63.106611,59.908695,57.974837,57.963082,59.969371,58.542002
38,59.555233,60.372426,61.607362,58.793465,57.080692,60.488184,62.004604,66.131549,63.106611,59.908695,57.974837,57.963082,59.969371,58.542002,58.057156
39,60.372426,61.607362,58.793465,57.080692,60.488184,62.004604,66.131549,63.106611,59.908695,57.974837,57.963082,59.969371,58.542002,58.057156,59.559342
40,61.607362,58.793465,57.080692,60.488184,62.004604,66.131549,63.106611,59.908695,57.974837,57.963082,59.969371,58.542002,58.057156,59.559342,58.996307
41,58.793465,57.080692,60.488184,62.004604,66.131549,63.106611,59.908695,57.974837,57.963082,59.969371,58.542002,58.057156,59.559342,58.996307,62.482611
42,57.080692,60.488184,62.004604,66.131549,63.106611,59.908695,57.974837,57.963082,59.969371,58.542002,58.057156,59.559342,58.996307,62.482611,62.710056
43,60.488184,62.004604,66.131549,63.106611,59.908695,57.974837,57.963082,59.969371,58.542002,58.057156,59.559342,58.996307,62.482611,62.710056,63.750479
44,62.004604,66.131549,63.106611,59.908695,57.974837,57.963082,59.969371,58.542002,58.057156,59.559342,58.996307,62.482611,62.710056,63.750479,64.336253
45,66.131549,63.106611,59.908695,57.974837,57.963082,59.969371,58.542002,58.057156,59.559342,58.996307,62.482611,62.710056,63.750479,64.336253,65.749329
46,63.106611,59.908695,57.974837,57.963082,59.969371,58.542002,58.057156,59.559342,58.996307,62.482611,62.710056,63.750479,64.336253,65.749329,61.401682
47,59.908695,57.974837,57.963082,59.969371,58.542002,58.057156,59.559342,58.996307,62.482611,62.710056,63.750479,64.336253,65.749329,61.401682,59.717884
48,57.974837,57.963082,59.969371,58.542002,58.057156,59.559342,58.996307,62.482611,62.710056,63.750479,64.336253,65.749329,61.401682,59.717884,61.051629
49,57.963082,59.969371,58.542002,58.057156,59.559342,58.996307,62.482611,62.710056,63.750479,64.336253,65.749329,61.401682,59.717884,61.051629,61.979848
50,59.969371,58.542002,58.057156,59.559342,58.996307,62.482611,62.710056,63.750479,64.336253,65.749329,61.401682,59.717884,61.051629,61.979848,60.989528
51,58.542002,58.057156,59.559342,58.996307,62.482611,62.710056,63.750479,64.336253,65.749329,61.401682,59.717884,61.051629,61.979848,60.989528,60.333792
52,58.057156,59.559342,58.996307,62.482611,62.710056,63.750479,64.336253,65.749329,61.401682,59.717884,61.051629,61.979848,60.989528,60.333792,57.082165
53,59.559342,58.996307,62.482611,62.710056,63.750479,64.336253,65.749329,61.401682,59.717884,61.051629,61.979848,60.989528,60.333792,57.082165,56.930644
54,58.996307,62.482611,62.710056,63.750479,64.336253,65.749329,61.401682,59.717884,61.051629,61.979848,60.989528,60.333792,57.082165,56.930644,55.307192
55,62.482611,62.710056,63.750479,64.336253,65.749329,61.401682,59.717884,61.051629,61.979848,60.989528,60.333792,57.082165,56.930644,55.307192,55.30626
56,62.710056,63.750479,64.336253,65.749329,61.401682,59.717884,61.051629,61.979848,60.989528,60.333792,57.082165,56.930644,55.307192,55.30626,52.352226
57,63.750479,64.336253,65.749329,61.401682,59.717884,61.051629,61.979848,60.989528,60.333792,57.082165,56.930644,55.307192,55.30626,52.352226,53.351642
58,64.336253,65.749329,61.401682,59.717884,61.051629,61.979848,60.989528,60.333792,57.082165,56.930644,55.307192,55.30626,52.352226,53.351642,53.792833
59,65.749329,61.401682,59.717884,61.051629,61.979848,60.989528,60.333792,57.082165,56.930644,55.307192,55.30626,52.352226,53.351642,53.792833,54.301074
60,61.401682,59.717884,61.051629,61.979848,60.989528,60.333792,57.082165,56.930644,55.307192,55.30626,52.352226,53.351642,53.792833,54.301074,50.968371
61,59.717884,61.051629,61.979848,60.989528,60.333792,57.082165,56.930644,55.307192,55.30626,52.352226,53.351642,53.792833,54.301074,50.968371,49.724726
62,61.051629,61.979848,60.989528,60.333792,57.082165,56.930644,55.307192,55.30626,52.352226,53.351642,53.792833,54.301074,50.968371,49.724726,50.637863
63,61.979848,60.989528,60.333792,57.082165,56.930644,55.307192,55.30626,52.352226,53.351642,53.792833,54.301074,50.968371,49.724726,50.637863,48.811497
64,60.989528,60.333792,57.082165,56.930644,55.307192,55.30626,52.352226,53.351642,53.792833,54.301074,50.968371,49.724726,50.637863,48.811497,47.626994
65,60.333792,57.082165,56.930644,55.307192,55.30626,52.352226,53.351642,53.792833,54.301074,50.968371,49.724726,50.637863,48.811497,47.626994,46.777072
66,57.082165,56.930644,55.307192,55.30626,52.352226,53.351642,53.792833,54.301074,50.968371,49.724726,50.637863,48.811497,47.626994,46.777072,45.22509
67,56.930644,55.307192,55.30626,52.352226,53.351642,53.792833,54.301074,50.968371,49.724726,50.637863,48.811497,47.626994,46.777072,45.22509,44.683228
68,55.307192,55.30626,52.352226,53.351642,53.792833,54.301074,50.968371,49.724726,50.637863,48.811497,47.626994,46.777072,45.22509,44.683228,44.521693
69,55.30626,52.352226,53.351642,53.792833,54.301074,50.968371,49.724726,50.637863,48.811497,47.626994,46.777072,45.22509,44.683228,44.521693,43.306232
70,52.352226,53.351642,53.792833,54.301074,50.968371,49.724726,50.637863,48.811497,47.626994,46.777072,45.22509,44.683228,44.521693,43.306232,41.18609
71,53.351642,53.792833,54.301074,50.968371,49.724726,50.637863,48.811497,47.626994,46.777072,45.22509,44.683228,44.521693,43.306232,41.18609,40.088965
72,53.792833,54.301074,50.968371,49.724726,50.637863,48.811497,47.626994,46.777072,45.22509,44.683228,44.521693,43.306232,41.18609,40.088965,40.661936
73,54.301074,50.968371,49.724726,50.637863,48.811497,47.626994,46.777072,45.22509,44.683228,44.521693,43.306232,41.18609,40.088965,40.661936,40.76192
74,50.968371,49.724726,50.637863,48.811497,47.626994,46.777072,45.22509,44.683228,44.521693,43.306232,41.18609,40.088965,40.661936,40.76192,37.141851
75,49.724726,50.637863,48.811497,47.626994,46.777072,45.22509,44.683228,44.521693,43.306232,41.18609,40.088965,40.661936,40.76192,37.141851,36.408366
76,50.637863,48.811497,47.626994,46.777072,45.22509,44.683228,44.521693,43.306232,41.18609,40.088965,40.661936,40.76192,37.141851,36.408366,35.03975
77,48.811497,47.626994,46.777072,45.22509,44.683228,44.521693,43.306232,41.18609,40.088965,40.661936,40.76192,37.141851,36.408366,35.03975,34.845442
78,47.626994,46.777072,45.22509,44.683228,44.521693,43.306232,41.18609,40.088965,40.661936,40.76192,37.141851,36.408366,35.03975,34.845442,33.818416
79,46.777072,45.22509,44.683228,44.521693,43.306232,41.18609,40.088965,40.661936,40.76192,37.141851,36.408366,35.03975,34.845442,33.818416,32.704737
80,45.22509,44.683228,44.521693,43.306232,41.18609,40.088965,40.661936,40.76192,37.141851,36.408366,35.03975,34.845442,33.818416,32.704737,31.681006
81,44.683228,44.521693,43.306232,41.18609,40.088965,40.661936,40.76192,37.141851,36.408366,35.03975,34.845442,33.818416,32.704737,31.681006,31.231302
82,44.521693,43.306232,41.18609,40.088965,40.661936,40.76192,37.141851,36.408366,35.03975,34.845442,33.818416,32.704737,31.681006,31.231302,30.74503
83,43.306232,41.18609,40.088965,40.661936,40.76192,37.141851,36.408366,35.03975,34.845442,33.818416,32.704737,31.681006,31.231302,30.74503,29.895713
84,41.18609,40.088965,40.661936,40.76192,37.141851,36.408366,35.03975,34.845442,33.818416,32.704737,31.681006,31.231302,30.74503,29.895713,30.21152
85,40.088965,40.661936,40.76192,37.141851,36.408366,35.03975,34.845442,33.818416,32.704737,31.681006,31.231302,30.74503,29.895713,30.21152,30.335456
86,40.661936,40.76192,37.141851,36.408366,35.03975,34.845442,33.818416,32.704737,31.681006,31.231302,30.74503,29.895713,30.21152,30.335456,28.936695
87,40.76192,37.141851,36.408366,35.03975,34.845442,33.818416,32.704737,31.681006,31.231302,30.74503,29.895713,30.21152,30.335456,28.936695,27.247315
88,37.141851,36.408366,35.03975,34.845442,33.818416,32.704737,31.681006,31.231302,30.74503,29.895713,30.21152,30.335456,28.936695,27.247315,27.145757
89,36.408366,35.03975,34.845442,33.818416,32.704737,31.681006,31.231302,30.74503,29.895713,30.21152,30.335456,28.936695,27.247315,27.145757,25.971319
90,35.03975,34.845442,33.818416,32.704737,31.681006,31.231302,30.74503,29.895713,30.21152,30.335456,28.936695,27.247315,27.145757,25.971319,25.100009
91,34.845442,33.818416,32.704737,31.681006,31.231302,30.74503,29.895713,30.21152,30.335456,28.936695,27.247315,27.145757,25.971319,25.100009,25.112235
92,33.818416,32.704737,31.681006,31.231302,30.74503,29.895713,30.21152,30.335456,28.936695,27.247315,27.145757,25.971319,25.100009,25.112235,24.542644
93,32.704737,31.681006,31.231302,30.74503,29.895713,30.21152,30.335456,28.936695,27.247315,27.145757,25.971319,25.100009,25.112235,24.542644,23.220795
94,31.681006,31.231302,30.74503,29.895713,30.21152,30.335456,28.936695,27.247315,27.145757,25.971319,25.100009,25.112235,24.542644,23.220795,22.481783
95,31.231302,30.74503,29.895713,30.21152,30.335456,28.936695,27.247315,27.145757,25.971319,25.100009,25.112235,24.542644,23.220795,22.481783,21.623813
96,30.74503,29.895713,30.21152,30.335456,28.936695,27.247315,27.145757,25.971319,25.100009,25.112235,24.542644,23.220795,22.481783,21.623813,22.204595
97,29.895713,30.21152,30.335456,28.936695,27.247315,27.145757,25.971319,25.100009,25.112235,24.542644,23.220795,22.481783,21.623813,22.204595,22.417004
98,30.21152,30.335456,28.936695,27.247315,27.145757,25.971319,25.100009,25.112235,24.542644,23.220795,22.481783,21.623813,22.204595,22.417004,21.259754
99,30.335456,28.936695,27.247315,27.145757,25.971319,25.100009,25.112235,24.542644,23.220795,22.481783,21.623813,22.204595,22.417004,21.259754,21.558263
100,28.936695,27.247315,27.145757,25.971319,25.100009,25.112235,24.542644,23.220795,22.481783,21.623813,22.204595,22.417004,21.259754,21.558263,20.139035
101,27.247315,27.145757,25.971319,25.100009,25.112235,24.542644,23.220795,22.481783,21.623813,22.204595,22.417004,21.259754,21.558263,20.139035,19.008603
102,27.145757,25.971319,25.100009,25.112235,24.542644,23.220795,22.481783,21.623813,22.204595,22.417004,21.259754,21.558263,20.139035,19.008603,18.511097
103,25.971319,25.100009,25.112235,24.542644,23.220795,22.481783,21.623813,22.204595,22.417004,21.259754,21.558263,20.139035,19.008603,18.511097,17.578712
104,25.100009,25.112235,24.542644,23.220795,22.481783,21.623813,22.204595,22.417004,21.259754,21.558263,20.139035,19.008603,18.511097,17.578712,16.934463
105,25.112235,24.542644,23.220795,22.481783,21.623813,22.204595,22.417004,21.259754,21.558263,20.139035,19.008603,18.511097,17.578712,16.934463,16.949196
106,24.542644,23.220795,22.481783,21.623813,22.204595,22.417004,21.259754,21.558263,20.139035,19.008603,18.511097,17.578712,16.934463,16.949196,16.572712
107,23.220795,22.481783,21.623813,22.204595,22.417004,21.259754,21.558263,20.139035,19.008603,18.511097,17.578712,16.934463,16.949196,16.572712,16.408765
108,22.481783,21.623813,22.204595,22.417004,21.259754,21.558263,20.139035,19.008603,18.511097,17.578712,16.934463,16.949196,16.572712,16.408765,16.49215
109,21.623813,22.204595,22.417004,21.259754,21.558263,20.139035,19.008603,18.511097,17.578712,16.934463,16.949196,16.572712,16.408765,16.49215,18.045704
110,22.204595,22.417004,21.259754,21.558263,20.139035,19.008603,18.511097,17.578712,16.934463,16.949196,16.572712,16.408765,16.49215,18.045704,18.061415
111,22.417004,21.259754,21.558263,20.139035,19.008603,18.511097,17.578712,16.934463,16.949196,16.572712,16.408765,16.49215,18.045704,18.061415,18.649238
112,21.259754,21.558263,20.139035,19.008603,18.511097,17.578712,16.934463,16.949196,16.572712,16.408765,16.49215,18.045704,18.061415,18.649238,17.59055
113,21.558263,20.139035,19.008603,18.511097,17.578712,16.934463,16.949196,16.572712,16.408765,16.49215,18.045704,18.061415,18.649238,17.59055,17.511316
114,20.139035,19.008603,18.511097,17.578712,16.934463,16.949196,16.572712,16.408765,16.49215,18.045704,18.061415,18.649238,17.59055,17.511316,15.987056
115,19.008603,18.511097,17.578712,16.934463,16.949196,16.572712,16.408765,16.49215,18.045704,18.061415,18.649238,17.59055,17.511316,15.987056,14.715464
116,18.511097,17.578712,16.934463,16.949196,16.572712,16.408765,16.49215,18.045704,18.061415,18.649238,17.59055,17.511316,15.987056,14.715464,14.324054
117,17.578712,16.934463,16.949196,16.572712,16.408765,16.49215,18.045704,18.061415,18.649238,17.59055,17.511316,15.987056,14.715464,14.324054,13.582941
118,16.934463,16.949196,16.572712,16.408765,16.49215,18.045704,18.061415,18.649238,17.59055,17.511316,15.987056,14.715464,14.324054,13.582941,13.337673
119,16.949196,16.572712,16.408765,16.49215,18.045704,18.061415,18.649238,17.59055,17.511316,15.987056,14.715464,14.324054,13.582941,13.337673,13.208212
120,16.572712,16.408765,16.49215,18.045704,18.061415,18.649238,17.59055,17.511316,15.987056,14.715464,14.324054,13.582941,13.337673,13.208212,12.724623
121,16.408765,16.49215,18.045704,18.061415,18.649238,17.59055,17.511316,15.987056,14.715464,14.324054,13.582941,13.337673,13.208212,12.724623,12.245978
122,16.49215,18.045704,18.061415,18.649238,17.59055,17.511316,15.987056,14.715464,14.324054,13.582941,13.337673,13.208212,12.724623,12.245978,12.025038
123,18.045704,18.061415,18.649238,17.59055,17.511316,15.987056,14.715464,14.324054,13.582941,13.337673,13.208212,12.724623,12.245978,12.025038,12.458531
124,18.061415,18.649238,17.59055,17.511316,15.987056,14.715464,14.324054,13.582941,13.337673,13.208212,12.724623,12.245978,12.025038,12.458531,12.301815
125,18.649238,17.59055,17.511316,15.987056,14.715464,14.324054,13.582941,13.337673,13.208212,12.724623,12.245978,12.025038,12.458531,12.301815,12.102639
126,17.59055,17.511316,15.987056,14.715464,14.324054,13.582941,13.337673,13.208212,12.724623,12.245978,12.025038,12.458531,12.301815,12.102639,12.859251
127,17.511316,15.987056,14.715464,14.324054,13.582941,13.337673,13.208212,12.724623,12.245978,12.025038,12.458531,12.301815,12.102639,12.859251,11.896614
128,15.987056,14.715464,14.324054,13.582941,13.337673,13.208212,12.724623,12.245978,12.025038,12.458531,12.301815,12.102639,12.859251,11.896614,11.880177
129,14.715464,14.324054,13.582941,13.337673,13.208212,12.724623,12.245978,12.025038,12.458531,12.301815,12.102639,12.859251,11.896614,11.880177,12.189174
130,14.324054,13.582941,13.337673,13.208212,12.724623,12.245978,12.025038,12.458531,12.301815,12.102639,12.859251,11.896614,11.880177,12.189174,13.037856
131,13.582941,13.337673,13.208212,12.724623,12.245978,12.025038,12.458531,12.301815,12.102639,12.859251,11.896614,11.880177,12.189174,13.037856,12.864643
132,13.337673,13.208212,12.724623,12.245978,12.025038,12.458531,12.301815,12.102639,12.859251,11.896614,11.880177,12.189174,13.037856,12.864643,12.511117
133,13.208212,12.724623,12.245978,12.025038,12.458531,12.301815,12.102639,12.859251,11.896614,11.880177,12.189174,13.037856,12.864643,12.511117,13.182658
134,12.724623,12.245978,12.025038,12.458531,12.301815,12.102639,12.859251,11.896614,11.880177,12.189174,13.037856,12.864643,12.511117,13.182658,12.676577
135,12.245978,12.025038,12.458531,12.301815,12.102639,12.859251,11.896614,11.880177,12.189174,13.037856,12.864643,12.511117,13.182658,12.676577,12.050095
136,12.025038,12.458531,12.301815,12.102639,12.859251,11.896614,11.880177,12.189174,13.037856,12.864643,12.511117,13.182658,12.676577,12.050095,12.710204
137,12.458531,12.301815,12.102639,12.859251,11.896614,11.880177,12.189174,13.037856,12.864643,12.511117,13.182658,12.676577,12.050095,12.710204,12.441844
138,12.301815,12.102639,12.859251,11.896614,11.880177,12.189174,13.037856,12.864643,12.511117,13.182658,12.676577,12.050095,12.710204,12.441844,13.057186
139,12.102639,12.859251,11.896614,11.880177,12.189174,13.037856,12.864643,12.511117,13.182658,12.676577,12.050095,12.710204,12.441844,13.057186,13.244763
140,12.859251,11.896614,11.880177,12.189174,13.037856,12.864643,12.511117,13.182658,12.676577,12.050095,12.710204,12.441844,13.057186,13.244763,12.91638
141,11.896614,11.880177,12.189174,13.037856,12.864643,12.511117,13.182658,12.676577,12.050095,12.710204,12.441844,13.057186,13.244763,12.91638,13.763665
142,11.880177,12.189174,13.037856,12.864643,12.511117,13.182658,12.676577,12.050095,12.710204,12.441844,13.057186,13.244763,12.91638,13.763665,13.377197
143,12.189174,13.037856,12.864643,12.511117,13.182658,12.676577,12.050095,12.710204,12.441844,13.057186,13.244763,12.91638,13.763665,13.377197,12.541596
144,13.037856,12.864643,12.511117,13.182658,12.676577,12.050095,12.710204,12.441844,13.057186,13.244763,12.91638,13.763665,13.377197,12.541596,12.53459
145,12.864643,12.511117,13.182658,12.676577,12.050095,12.710204,12.441844,13.057186,13.244763,12.91638,13.763665,13.377197,12.541596,12.53459,14.015617
146,12.511117,13.182658,12.676577,12.050095,12.710204,12.441844,13.057186,13.244763,12.91638,13.763665,13.377197,12.541596,12.53459,14.015617,14.73027
147,13.182658,12.676577,12.050095,12.710204,12.441844,13.057186,13.244763,12.91638,13.763665,13.377197,12.541596,12.53459,14.015617,14.73027,15.596269
148,12.676577,12.050095,12.710204,12.441844,13.057186,13.244763,12.91638,13.763665,13.377197,12.541596,12.53459,14.015617,14.73027,15.596269,14.509914
149,12.050095,12.710204,12.441844,13.057186,13.244763,12.91638,13.763665,13.377197,12.541596,12.53459,14.015617,14.73027,15.596269,14.509914,13.976155
150,12.710204,12.441844,13.057186,13.244763,12.91638,13.763665,13.377197,12.541596,12.53459,14.015617,14.73027,15.596269,14.509914,13.976155,14.177515
151,12.441844,13.057186,13.244763,12.91638,13.763665,13.377197,12.541596,12.53459,14.015617,14.73027,15.596269,14.509914,13.976155,14.177515,13.606028
152,13.057186,13.244763,12.91638,13.763665,13.377197,12.541596,12.53459,14.015617,14.73027,15.596269,14.509914,13.976155,14.177515,13.606028,13.242539
153,13.244763,12.91638,13.763665,13.377197,12.541596,12.53459,14.015617,14.73027,15.596269,14.509914,13.976155,14.177515,13.606028,13.242539,13.736705
154,12.91638,13.763665,13.377197,12.541596,12.53459,14.015617,14.73027,15.596269,14.509914,13.976155,14.177515,13.606028,13.242539,13.736705,14.773583
155,13.763665,13.377197,12.541596,12.53459,14.015617,14.73027,15.596269,14.509914,13.976155,14.177515,13.606028,13.242539,13.736705,14.773583,13.449385
156,13.377197,12.541596,12.53459,14.015617,14.73027,15.596269,14.509914,13.976155,14.177515,13.606028,13.242539,13.736705,14.773583,13.449385,12.596459
157,12.541596,12.53459,14.015617,14.73027,15.596269,14.509914,13.976155,14.177515,13.606028,13.242539,13.736705,14.773583,13.449385,12.596459,17.48947
158,12.53459,14.015617,14.73027,15.596269,14.509914,13.976155,14.177515,13.606028,13.242539,13.736705,14.773583,13.449385,12.596459,17.48947,15.143676
159,14.015617,14.73027,15.596269,14.509914,13.976155,14.177515,13.606028,13.242539,13.736705,14.773583,13.449385,12.596459,17.48947,15.143676,15.416267
160,14.73027,15.596269,14.509914,13.976155,14.177515,13.606028,13.242539,13.736705,14.773583,13.449385,12.596459,17.48947,15.143676,15.416267,17.041983
161,15.596269,14.509914,13.976155,14.177515,13.606028,13.242539,13.736705,14.773583,13.449385,12.596459,17.48947,15.143676,15.416267,17.041983,13.518983
162,14.509914,13.976155,14.177515,13.606028,13.242539,13.736705,14.773583,13.449385,12.596459,17.48947,15.143676,15.416267,17.041983,13.518983,15.159881
163,13.976155,14.177515,13.606028,13.242539,13.736705,14.773583,13.449385,12.596459,17.48947,15.143676,15.416267,17.041983,13.518983,15.159881,16.248618
164,14.177515,13.606028,13.242539,13.736705,14.773583,13.449385,12.596459,17.48947,15.143676,15.416267,17.041983,13.518983,15.159881,16.248618,17.956492
165,13.606028,13.242539,13.736705,14.773583,13.449385,12.596459,17.48947,15.143676,15.416267,17.041983,13.518983,15.159881,16.248618,17.956492,17.827328
166,13.242539,13.736705,14.773583,13.449385,12.596459,17.48947,15.143676,15.416267,17.041983,13.518983,15.159881,16.248618,17.956492,17.827328,18.581364
167,13.736705,14.773583,13.449385,12.596459,17.48947,15.143676,15.416267,17.041983,13.518983,15.159881,16.248618,17.956492,17.827328,18.581364,20.473815
168,14.773583,13.449385,12.596459,17.48947,15.143676,15.416267,17.041983,13.518983,15.159881,16.248618,17.956492,17.827328,18.581364,20.473815,21.528196
169,13.449385,12.596459,17.48947,15.143676,15.416267,17.041983,13.518983,15.159881,16.248618,17.956492,17.827328,18.581364,20.473815,21.528196,27.056318
170,12.596459,17.48947,15.143676,15.416267,17.041983,13.518983,15.159881,16.248618,17.956492,17.827328,18.581364,20.473815,21.528196,27.056318,21.622508
171,17.48947,15.143676,15.416267,17.041983,13.518983,15.159881,16.248618,17.956492,17.827328,18.581364,20.473815,21.528196,27.056318,21.622508,18.730727
172,15.143676,15.416267,17.041983,13.518983,15.159881,16.248618,17.956492,17.827328,18.581364,20.473815,21.528196,27.056318,21.622508,18.730727,17.17397
173,15.416267,17.041983,13.518983,15.159881,16.248618,17.956492,17.827328,18.581364,20.473815,21.528196,27.056318,21.622508,18.730727,17.17397,18.544483
174,17.041983,13.518983,15.159881,16.248618,17.956492,17.827328,18.581364,20.473815,21.528196,27.056318,21.622508,18.730727,17.17397,18.544483,18.38165
175,13.518983,15.159881,16.248618,17.956492,17.827328,18.581364,20.473815,21.528196,27.056318,21.622508,18.730727,17.17397,18.544483,18.38165,17.472164
176,15.159881,16.248618,17.956492,17.827328,18.581364,20.473815,21.528196,27.056318,21.622508,18.730727,17.17397,18.544483,18.38165,17.472164,17.340418
177,16.248618,17.956492,17.827328,18.581364,20.473815,21.528196,27.056318,21.622508,18.730727,17.17397,18.544483,18.38165,17.472164,17.340418,18.404187
178,17.956492,17.827328,18.581364,20.473815,21.528196,27.056318,21.622508,18.730727,17.17397,18.544483,18.38165,17.472164,17.340418,18.404187,18.42652
179,17.827328,18.581364,20.473815,21.528196,27.056318,21.622508,18.730727,17.17397,18.544483,18.38165,17.472164,17.340418,18.404187,18.42652,17.756039
180,18.581364,20.473815,21.528196,27.056318,21.622508,18.730727,17.17397,18.544483,18.38165,17.472164,17.340418,18.404187,18.42652,17.756039,18.807014
181,20.473815,21.528196,27.056318,21.622508,18.730727,17.17397,18.544483,18.38165,17.472164,17.340418,18.404187,18.42652,17.756039,18.807014,22.099903
182,21.528196,27.056318,21.622508,18.730727,17.17397,18.544483,18.38165,17.472164,17.340418,18.404187,18.42652,17.756039,18.807014,22.099903,22.861035
183,27.056318,21.622508,18.730727,17.17397,18.544483,18.38165,17.472164,17.340418,18.404187,18.42652,17.756039,18.807014,22.099903,22.861035,19.956001
184,21.622508,18.730727,17.17397,18.544483,18.38165,17.472164,17.340418,18.404187,18.42652,17.756039,18.807014,22.099903,22.861035,19.956001,20.197145
185,18.730727,17.17397,18.544483,18.38165,17.472164,17.340418,18.404187,18.42652,17.756039,18.807014,22.099903,22.861035,19.956001,20.197145,20.375432
186,17.17397,18.544483,18.38165,17.472164,17.340418,18.404187,18.42652,17.756039,18.807014,22.099903,22.861035,19.956001,20.197145,20.375432,22.191323
187,18.544483,18.38165,17.472164,17.340418,18.404187,18.42652,17.756039,18.807014,22.099903,22.861035,19.956001,20.197145,20.375432,22.191323,22.513971
188,18.38165,17.472164,17.340418,18.404187,18.42652,17.756039,18.807014,22.099903,22.861035,19.956001,20.197145,20.375432,22.191323,22.513971,21.229209
189,17.472164,17.340418,18.404187,18.42652,17.756039,18.807014,22.099903,22.861035,19.956001,20.197145,20.375432,22.191323,22.513971,21.229209,20.923548
190,17.340418,18.404187,18.42652,17.756039,18.807014,22.099903,22.861035,19.956001,20.197145,20.375432,22.191323,22.513971,21.229209,20.923548,23.076529
191,18.404187,18.42652,17.756039,18.807014,22.099903,22.861035,19.956001,20.197145,20.375432,22.191323,22.513971,21.229209,20.923548,23.076529,18.940416
192,18.42652,17.756039,18.807014,22.099903,22.861035,19.956001,20.197145,20.375432,22.191323,22.513971,21.229209,20.923548,23.076529,18.940416,19.992
193,17.756039,18.807014,22.099903,22.861035,19.956001,20.197145,20.375432,22.191323,22.513971,21.229209,20.923548,23.076529,18.940416,19.992,21.050097
194,18.807014,22.099903,22.861035,19.956001,20.197145,20.375432,22.191323,22.513971,21.229209,20.923548,23.076529,18.940416,19.992,21.050097,20.844229
195,22.099903,22.861035,19.956001,20.197145,20.375432,22.191323,22.513971,21.229209,20.923548,23.076529,18.940416,19.992,21.050097,20.844229,19.875099
196,22.861035,19.956001,20.197145,20.375432,22.191323,22.513971,21.229209,20.923548,23.076529,18.940416,19.992,21.050097,20.844229,19.875099,18.603651
197,19.956001,20.197145,20.375432,22.191323,22.513971,21.229209,20.923548,23.076529,18.940416,19.992,21.050097,20.844229,19.875099,18.603651,20.072576
198,20.197145,20.375432,22.191323,22.513971,21.229209,20.923548,23.076529,18.940416,19.992,21.050097,20.844229,19.875099,18.603651,20.072576,20.476968
199,20.375432,22.191323,22.513971,21.229209,20.923548,23.076529,18.940416,19.992,21.050097,20.844229,19.875099,18.603651,20.072576,20.476968,20.900205
200,22.191323,22.513971,21.229209,20.923548,23.076529,18.940416,19.992,21.050097,20.844229,19.875099,18.603651,20.072576,20.476968,20.900205,19.881
201,22.513971,21.229209,20.923548,23.076529,18.940416,19.992,21.050097,20.844229,19.875099,18.603651,20.072576,20.476968,20.900205,19.881,18.710494
202,21.229209,20.923548,23.076529,18.940416,19.992,21.050097,20.844229,19.875099,18.603651,20.072576,20.476968,20.900205,19.881,18.710494,19.045402
203,20.923548,23.076529,18.940416,19.992,21.050097,20.844229,19.875099,18.603651,20.072576,20.476968,20.900205,19.881,18.710494,19.045402,18.223741
204,23.076529,18.940416,19.992,21.050097,20.844229,19.875099,18.603651,20.072576,20.476968,20.900205,19.881,18.710494,19.045402,18.223741,17.658953
205,18.940416,19.992,21.050097,20.844229,19.875099,18.603651,20.072576,20.476968,20.900205,19.881,18.710494,19.045402,18.223741,17.658953,19.420138
206,19.992,21.050097,20.844229,19.875099,18.603651,20.072576,20.476968,20.900205,19.881,18.710494,19.045402,18.223741,17.658953,19.420138,19.635559
207,21.050097,20.844229,19.875099,18.603651,20.072576,20.476968,20.900205,19.881,18.710494,19.045402,18.223741,17.658953,19.420138,19.635559,17.618629
208,20.844229,19.875099,18.603651,20.072576,20.476968,20.900205,19.881,18.710494,19.045402,18.223741,17.658953,19.420138,19.635559,17.618629,17.26751
209,19.875099,18.603651,20.072576,20.476968,20.900205,19.881,18.710494,19.045402,18.223741,17.658953,19.420138,19.635559,17.618629,17.26751,19.265319
210,18.603651,20.072576,20.476968,20.900205,19.881,18.710494,19.045402,18.223741,17.658953,19.420138,19.635559,17.618629,17.26751,19.265319,19.452818
211,20.072576,20.476968,20.900205,19.881,18.710494,19.045402,18.223741,17.658953,19.420138,19.635559,17.618629,17.26751,19.265319,19.452818,20.279103
212,20.476968,20.900205,19.881,18.710494,19.045402,18.223741,17.658953,19.420138,19.635559,17.618629,17.26751,19.265319,19.452818,20.279103,21.271661
213,20.900205,19.881,18.710494,19.045402,18.223741,17.658953,19.420138,19.635559,17.618629,17.26751,19.265319,19.452818,20.279103,21.271661,20.887951
214,19.881,18.710494,19.045402,18.223741,17.658953,19.420138,19.635559,17.618629,17.26751,19.265319,19.452818,20.279103,21.271661,20.887951,21.878379
215,18.710494,19.045402,18.223741,17.658953,19.420138,19.635559,17.618629,17.26751,19.265319,19.452818,20.279103,21.271661,20.887951,21.878379,22.827794
216,19.045402,18.223741,17.658953,19.420138,19.635559,17.618629,17.26751,19.265319,19.452818,20.279103,21.271661,20.887951,21.878379,22.827794,23.554729
217,18.223741,17.658953,19.420138,19.635559,17.618629,17.26751,19.265319,19.452818,20.279103,21.271661,20.887951,21.878379,22.827794,23.554729,25.613681
218,17.658953,19.420138,19.635559,17.618629,17.26751,19.265319,19.452818,20.279103,21.271661,20.887951,21.878379,22.827794,23.554729,25.613681,26.043199
219,19.420138,19.635559,17.618629,17.26751,19.265319,19.452818,20.279103,21.271661,20.887951,21.878379,22.827794,23.554729,25.613681,26.043199,27.325478
220,19.635559,17.618629,17.26751,19.265319,19.452818,20.279103,21.271661,20.887951,21.878379,22.827794,23.554729,25.613681,26.043199,27.325478,27.834758
221,17.618629,17.26751,19.265319,19.452818,20.279103,21.271661,20.887951,21.878379,22.827794,23.554729,25.613681,26.043199,27.325478,27.834758,28.576969
222,17.26751,19.265319,19.452818,20.279103,21.271661,20.887951,21.878379,22.827794,23.554729,25.613681,26.043199,27.325478,27.834758,28.576969,28.679498
223,19.265319,19.452818,20.279103,21.271661,20.887951,21.878379,22.827794,23.554729,25.613681,26.043199,27.325478,27.834758,28.576969,28.679498,26.034335
224,19.452818,20.279103,21.271661,20.887951,21.878379,22.827794,23.554729,25.613681,26.043199,27.325478,27.834758,28.576969,28.679498,26.034335,24.862926
225,20.279103,21.271661,20.887951,21.878379,22.827794,23.554729,25.613681,26.043199,27.325478,27.834758,28.576969,28.679498,26.034335,24.862926,24.952083
226,21.271661,20.887951,21.878379,22.827794,23.554729,25.613681,26.043199,27.325478,27.834758,28.576969,28.679498,26.034335,24.862926,24.952083,25.976331
227,20.887951,21.878379,22.827794,23.554729,25.613681,26.043199,27.325478,27.834758,28.576969,28.679498,26.034335,24.862926,24.952083,25.976331,27.762441
228,21.878379,22.827794,23.554729,25.613681,26.043199,27.325478,27.834758,28.576969,28.679498,26.034335,24.862926,24.952083,25.976331,27.762441,28.665054
229,22.827794,23.554729,25.613681,26.043199,27.325478,27.834758,28.576969,28.679498,26.034335,24.862926,24.952083,25.976331,27.762441,28.665054,29.534178
230,23.554729,25.613681,26.043199,27.325478,27.834758,28.576969,28.679498,26.034335,24.862926,24.952083,25.976331,27.762441,28.665054,29.534178,29.958956
231,25.613681,26.043199,27.325478,27.834758,28.576969,28.679498,26.034335,24.862926,24.952083,25.976331,27.762441,28.665054,29.534178,29.958956,30.170852
232,26.043199,27.325478,27.834758,28.576969,28.679498,26.034335,24.862926,24.952083,25.976331,27.762441,28.665054,29.534178,29.958956,30.170852,30.865433
233,27.325478,27.834758,28.576969,28.679498,26.034335,24.862926,24.952083,25.976331,27.762441,28.665054,29.534178,29.958956,30.170852,30.865433,30.966155
234,27.834758,28.576969,28.679498,26.034335,24.862926,24.952083,25.976331,27.762441,28.665054,29.534178,29.958956,30.170852,30.865433,30.966155,29.610662
235,28.576969,28.679498,26.034335,24.862926,24.952083,25.976331,27.762441,28.665054,29.534178,29.958956,30.170852,30.865433,30.966155,29.610662,27.944636
236,28.679498,26.034335,24.862926,24.952083,25.976331,27.762441,28.665054,29.534178,29.958956,30.170852,30.865433,30.966155,29.610662,27.944636,32.433529
237,26.034335,24.862926,24.952083,25.976331,27.762441,28.665054,29.534178,29.958956,30.170852,30.865433,30.966155,29.610662,27.944636,32.433529,30.454834
238,24.862926,24.952083,25.976331,27.762441,28.665054,29.534178,29.958956,30.170852,30.865433,30.966155,29.610662,27.944636,32.433529,30.454834,28.757974
239,24.952083,25.976331,27.762441,28.665054,29.534178,29.958956,30.170852,30.865433,30.966155,29.610662,27.944636,32.433529,30.454834,28.757974,28.710063
240,25.976331,27.762441,28.665054,29.534178,29.958956,30.170852,30.865433,30.966155,29.610662,27.944636,32.433529,30.454834,28.757974,28.710063,27.377122
241,27.762441,28.665054,29.534178,29.958956,30.170852,30.865433,30.966155,29.610662,27.944636,32.433529,30.454834,28.757974,28.710063,27.377122,27.358581
242,28.665054,29.534178,29.958956,30.170852,30.865433,30.966155,29.610662,27.944636,32.433529,30.454834,28.757974,28.710063,27.377122,27.358581,27.695222
243,29.534178,29.958956,30.170852,30.865433,30.966155,29.610662,27.944636,32.433529,30.454834,28.757974,28.710063,27.377122,27.358581,27.695222,26.425503
244,29.958956,30.170852,30.865433,30.966155,29.610662,27.944636,32.433529,30.454834,28.757974,28.710063,27.377122,27.358581,27.695222,26.425503,27.442427
245,30.170852,30.865433,30.966155,29.610662,27.944636,32.433529,30.454834,28.757974,28.710063,27.377122,27.358581,27.695222,26.425503,27.442427,28.261942
246,30.865433,30.966155,29.610662,27.944636,32.433529,30.454834,28.757974,28.710063,27.377122,27.358581,27.695222,26.425503,27.442427,28.261942,27.782517
247,30.966155,29.610662,27.944636,32.433529,30.454834,28.757974,28.710063,27.377122,27.358581,27.695222,26.425503,27.442427,28.261942,27.782517,28.610946
248,29.610662,27.944636,32.433529,30.454834,28.757974,28.710063,27.377122,27.358581,27.695222,26.425503,27.442427,28.261942,27.782517,28.610946,24.913925
249,27.944636,32.433529,30.454834,28.757974,28.710063,27.377122,27.358581,27.695222,26.425503,27.442427,28.261942,27.782517,28.610946,24.913925,26.079754
250,32.433529,30.454834,28.757974,28.710063,27.377122,27.358581,27.695222,26.425503,27.442427,28.261942,27.782517,28.610946,24.913925,26.079754,27.054246
251,30.454834,28.757974,28.710063,27.377122,27.358581,27.695222,26.425503,27.442427,28.261942,27.782517,28.610946,24.913925,26.079754,27.054246,26.947164
252,28.757974,28.710063,27.377122,27.358581,27.695222,26.425503,27.442427,28.261942,27.782517,28.610946,24.913925,26.079754,27.054246,26.947164,25.354143
253,28.710063,27.377122,27.358581,27.695222,26.425503,27.442427,28.261942,27.782517,28.610946,24.913925,26.079754,27.054246,26.947164,25.354143,23.248446
254,27.377122,27.358581,27.695222,26.425503,27.442427,28.261942,27.782517,28.610946,24.913925,26.079754,27.054246,26.947164,25.354143,23.248446,22.928137
255,27.358581,27.695222,26.425503,27.442427,28.261942,27.782517,28.610946,24.913925,26.079754,27.054246,26.947164,25.354143,23.248446,22.928137,24.143643
256,27.695222,26.425503,27.442427,28.261942,27.782517,28.610946,24.913925,26.079754,27.054246,26.947164,25.354143,23.248446,22.928137,24.143643,22.791206
257,26.425503,27.442427,28.261942,27.782517,28.610946,24.913925,26.079754,27.054246,26.947164,25.354143,23.248446,22.928137,24.143643,22.791206,24.235199
258,27.442427,28.261942,27.782517,28.610946,24.913925,26.079754,27.054246,26.947164,25.354143,23.248446,22.928137,24.143643,22.791206,24.235199,23.882462
259,28.261942,27.782517,28.610946,24.913925,26.079754,27.054246,26.947164,25.354143,23.248446,22.928137,24.143643,22.791206,24.235199,23.882462,22.90337
260,27.782517,28.610946,24.913925,26.079754,27.054246,26.947164,25.354143,23.248446,22.928137,24.143643,22.791206,24.235199,23.882462,22.90337,22.779465
261,28.610946,24.913925,26.079754,27.054246,26.947164,25.354143,23.248446,22.928137,24.143643,22.791206,24.235199,23.882462,22.90337,22.779465,21.99483
262,24.913925,26.079754,27.054246,26.947164,25.354143,23.248446,22.928137,24.143643,22.791206,24.235199,23.882462,22.90337,22.779465,21.99483,20.858232
263,26.079754,27.054246,26.947164,25.354143,23.248446,22.928137,24.143643,22.791206,24.235199,23.882462,22.90337,22.779465,21.99483,20.858232,21.618562
264,27.054246,26.947164,25.354143,23.248446,22.928137,24.143643,22.791206,24.235199,23.882462,22.90337,22.779465,21.99483,20.858232,21.618562,21.96006
265,26.947164,25.354143,23.248446,22.928137,24.143643,22.791206,24.235199,23.882462,22.90337,22.779465,21.99483,20.858232,21.618562,21.96006,20.498605
266,25.354143,23.248446,22.928137,24.143643,22.791206,24.235199,23.882462,22.90337,22.779465,21.99483,20.858232,21.618562,21.96006,20.498605,21.505424
267,23.248446,22.928137,24.143643,22.791206,24.235199,23.882462,22.90337,22.779465,21.99483,20.858232,21.618562,21.96006,20.498605,21.505424,23.232637
268,22.928137,24.143643,22.791206,24.235199,23.882462,22.90337,22.779465,21.99483,20.858232,21.618562,21.96006,20.498605,21.505424,23.232637,23.844689
269,24.143643,22.791206,24.235199,23.882462,22.90337,22.779465,21.99483,20.858232,21.618562,21.96006,20.498605,21.505424,23.232637,23.844689,23.538681
270,22.791206,24.235199,23.882462,22.90337,22.779465,21.99483,20.858232,21.618562,21.96006,20.498605,21.505424,23.232637,23.844689,23.538681,23.890889
271,24.235199,23.882462,22.90337,22.779465,21.99483,20.858232,21.618562,21.96006,20.498605,21.505424,23.232637,23.844689,23.538681,23.890889,23.799299
272,23.882462,22.90337,22.779465,21.99483,20.858232,21.618562,21.96006,20.498605,21.505424,23.232637,23.844689,23.538681,23.890889,23.799299,23.083352
273,22.90337,22.779465,21.99483,20.858232,21.618562,21.96006,20.498605,21.505424,23.232637,23.844689,23.538681,23.890889,23.799299,23.083352,23.460801
274,22.779465,21.99483,20.858232,21.618562,21.96006,20.498605,21.505424,23.232637,23.844689,23.538681,23.890889,23.799299,23.083352,23.460801,24.033778
275,21.99483,20.858232,21.618562,21.96006,20.498605,21.505424,23.232637,23.844689,23.538681,23.890889,23.799299,23.083352,23.460801,24.033778,26.689816
276,20.858232,21.618562,21.96006,20.498605,21.505424,23.232637,23.844689,23.538681,23.890889,23.799299,23.083352,23.460801,24.033778,26.689816,27.084689
277,21.618562,21.96006,20.498605,21.505424,23.232637,23.844689,23.538681,23.890889,23.799299,23.083352,23.460801,24.033778,26.689816,27.084689,25.854312
278,21.96006,20.498605,21.505424,23.232637,23.844689,23.538681,23.890889,23.799299,23.083352,23.460801,24.033778,26.689816,27.084689,25.854312,26.688366
279,20.498605,21.505424,23.232637,23.844689,23.538681,23.890889,23.799299,23.083352,23.460801,24.033778,26.689816,27.084689,25.854312,26.688366,27.578214
280,21.505424,23.232637,23.844689,23.538681,23.890889,23.799299,23.083352,23.460801,24.033778,26.689816,27.084689,25.854312,26.688366,27.578214,29.440387
281,23.232637,23.844689,23.538681,23.890889,23.799299,23.083352,23.460801,24.033778,26.689816,27.084689,25.854312,26.688366,27.578214,29.440387,28.977727
282,23.844689,23.538681,23.890889,23.799299,23.083352,23.460801,24.033778,26.689816,27.084689,25.854312,26.688366,27.578214,29.440387,28.977727,29.862382
283,23.538681,23.890889,23.799299,23.083352,23.460801,24.033778,26.689816,27.084689,25.854312,26.688366,27.578214,29.440387,28.977727,29.862382,29.09889
284,23.890889,23.799299,23.083352,23.460801,24.033778,26.689816,27.084689,25.854312,26.688366,27.578214,29.440387,28.977727,29.862382,29.09889,31.683881
285,23.799299,23.083352,23.460801,24.033778,26.689816,27.084689,25.854312,26.688366,27.578214,29.440387,28.977727,29.862382,29.09889,31.683881,32.212922
286,23.083352,23.460801,24.033778,26.689816,27.084689,25.854312,26.688366,27.578214,29.440387,28.977727,29.862382,29.09889,31.683881,32.212922,31.012835
287,23.460801,24.033778,26.689816,27.084689,25.854312,26.688366,27.578214,29.440387,28.977727,29.862382,29.09889,31.683881,32.212922,31.012835,32.598381
288,24.033778,26.689816,27.084689,25.854312,26.688366,27.578214,29.440387,28.977727,29.862382,29.09889,31.683881,32.212922,31.012835,32.598381,33.002926
289,26.689816,27.084689,25.854312,26.688366,27.578214,29.440387,28.977727,29.862382,29.09889,31.683881,32.212922,31.012835,32.598381,33.002926,33.885818
290,27.084689,25.854312,26.688366,27.578214,29.440387,28.977727,29.862382,29.09889,31.683881,32.212922,31.012835,32.598381,33.002926,33.885818,35.150415
291,25.854312,26.688366,27.578214,29.440387,28.977727,29.862382,29.09889,31.683881,32.212922,31.012835,32.598381,33.002926,33.885818,35.150415,35.20994
292,26.688366,27.578214,29.440387,28.977727,29.862382,29.09889,31.683881,32.212922,31.012835,32.598381,33.002926,33.885818,35.150415,35.20994,36.938087
293,27.578214,29.440387,28.977727,29.862382,29.09889,31.683881,32.212922,31.012835,32.598381,33.002926,33.885818,35.150415,35.20994,36.938087,39.746336
294,29.440387,28.977727,29.862382,29.09889,31.683881,32.212922,31.012835,32.598381,33.002926,33.885818,35.150415,35.20994,36.938087,39.746336,40.841002
295,28.977727,29.862382,29.09889,31.683881,32.212922,31.012835,32.598381,33.002926,33.885818,35.150415,35.20994,36.938087,39.746336,40.841002,43.327236
296,29.862382,29.09889,31.683881,32.212922,31.012835,32.598381,33.002926,33.885818,35.150415,35.20994,36.938087,39.746336,40.841002,43.327236,48.82862
297,29.09889,31.683881,32.212922,31.012835,32.598381,33.002926,33.885818,35.150415,35.20994,36.938087,39.746336,40.841002,43.327236,48.82862,48.095779
298,31.683881,32.212922,31.012835,32.598381,33.002926,33.885818,35.150415,35.20994,36.938087,39.746336,40.841002,43.327236,48.82862,48.095779,52.930064
299,32.212922,31.012835,32.598381,33.002926,33.885818,35.150415,35.20994,36.938087,39.746336,40.841002,43.327236,48.82862,48.095779,52.930064,51.51878
300,31.012835,32.598381,33.002926,33.885818,35.150415,35.20994,36.938087,39.746336,40.841002,43.327236,48.82862,48.095779,52.930064,51.51878,54.320629
301,32.598381,33.002926,33.885818,35.150415,35.20994,36.938087,39.746336,40.841002,43.327236,48.82862,48.095779,52.930064,51.51878,54.320629,53.349026
302,33.002926,33.885818,35.150415,35.20994,36.938087,39.746336,40.841002,43.327236,48.82862,48.095779,52.930064,51.51878,54.320629,53.349026,54.58411
303,33.885818,35.150415,35.20994,36.938087,39.746336,40.841002,43.327236,48.82862,48.095779,52.930064,51.51878,54.320629,53.349026,54.58411,53.566899
304,35.150415,35.20994,36.938087,39.746336,40.841002,43.327236,48.82862,48.095779,52.930064,51.51878,54.320629,53.349026,54.58411,53.566899,56.697975
305,35.20994,36.938087,39.746336,40.841002,43.327236,48.82862,48.095779,52.930064,51.51878,54.320629,53.349026,54.58411,53.566899,56.697975,58.688372
306,36.938087,39.746336,40.841002,43.327236,48.82862,48.095779,52.930064,51.51878,54.320629,53.349026,54.58411,53.566899,56.697975,58.688372,56.672745
307,39.746336,40.841002,43.327236,48.82862,48.095779,52.930064,51.51878,54.320629,53.349026,54.58411,53.566899,56.697975,58.688372,56.672745,56.548608
308,40.841002,43.327236,48.82862,48.095779,52.930064,51.51878,54.320629,53.349026,54.58411,53.566899,56.697975,58.688372,56.672745,56.548608,54.482933
309,43.327236,48.82862,48.095779,52.930064,51.51878,54.320629,53.349026,54.58411,53.566899,56.697975,58.688372,56.672745,56.548608,54.482933,55.349043
310,48.82862,48.095779,52.930064,51.51878,54.320629,53.349026,54.58411,53.566899,56.697975,58.688372,56.672745,56.548608,54.482933,55.349043,55.954387
311,48.095779,52.930064,51.51878,54.320629,53.349026,54.58411,53.566899,56.697975,58.688372,56.672745,56.548608,54.482933,55.349043,55.954387,55.60947
312,52.930064,51.51878,54.320629,53.349026,54.58411,53.566899,56.697975,58.688372,56.672745,56.548608,54.482933,55.349043,55.954387,55.60947,57.990945
313,51.51878,54.320629,53.349026,54.58411,53.566899,56.697975,58.688372,56.672745,56.548608,54.482933,55.349043,55.954387,55.60947,57.990945,60.443214
314,54.320629,53.349026,54.58411,53.566899,56.697975,58.688372,56.672745,56.548608,54.482933,55.349043,55.954387,55.60947,57.990945,60.443214,62.946809
315,53.349026,54.58411,53.566899,56.697975,58.688372,56.672745,56.548608,54.482933,55.349043,55.954387,55.60947,57.990945,60.443214,62.946809,61.020018
316,54.58411,53.566899,56.697975,58.688372,56.672745,56.548608,54.482933,55.349043,55.954387,55.60947,57.990945,60.443214,62.946809,61.020018,59.927721
317,53.566899,56.697975,58.688372,56.672745,56.548608,54.482933,55.349043,55.954387,55.60947,57.990945,60.443214,62.946809,61.020018,59.927721,61.000293
318,56.697975,58.688372,56.672745,56.548608,54.482933,55.349043,55.954387,55.60947,57.990945,60.443214,62.946809,61.020018,59.927721,61.000293,62.048223
319,58.688372,56.672745,56.548608,54.482933,55.349043,55.954387,55.60947,57.990945,60.443214,62.946809,61.020018,59.927721,61.000293,62.048223,63.981282
320,56.672745,56.548608,54.482933,55.349043,55.954387,55.60947,57.990945,60.443214,62.946809,61.020018,59.927721,61.000293,62.048223,63.981282,61.545641
321,56.548608,54.482933,55.349043,55.954387,55.60947,57.990945,60.443214,62.946809,61.020018,59.927721,61.000293,62.048223,63.981282,61.545641,60.581527
322,54.482933,55.349043,55.954387,55.60947,57.990945,60.443214,62.946809,61.020018,59.927721,61.000293,62.048223,63.981282,61.545641,60.581527,65.061459
323,55.349043,55.954387,55.60947,57.990945,60.443214,62.946809,61.020018,59.927721,61.000293,62.048223,63.981282,61.545641,60.581527,65.061459,58.286964
324,55.954387,55.60947,57.990945,60.443214,62.946809,61.020018,59.927721,61.000293,62.048223,63.981282,61.545641,60.581527,65.061459,58.286964,56.300717
325,55.60947,57.990945,60.443214,62.946809,61.020018,59.927721,61.000293,62.048223,63.981282,61.545641,60.581527,65.061459,58.286964,56.300717,57.926319
326,57.990945,60.443214,62.946809,61.020018,59.927721,61.000293,62.048223,63.981282,61.545641,60.581527,65.061459,58.286964,56.300717,57.926319,59.22776
327,60.443214,62.946809,61.020018,59.927721,61.000293,62.048223,63.981282,61.545641,60.581527,65.061459,58.286964,56.300717,57.926319,59.22776,61.414838
328,62.946809,61.020018,59.927721,61.000293,62.048223,63.981282,61.545641,60.581527,65.061459,58.286964,56.300717,57.926319,59.22776,61.414838,58.521222
329,61.020018,59.927721,61.000293,62.048223,63.981282,61.545641,60.581527,65.061459,58.286964,56.300717,57.926319,59.22776,61.414838,58.521222,58.381003
330,59.927721,61.000293,62.048223,63.981282,61.545641,60.581527,65.061459,58.286964,56.300717,57.926319,59.22776,61.414838,58.521222,58.381003,56.188116
331,61.000293,62.048223,63.981282,61.545641,60.581527,65.061459,58.286964,56.300717,57.926319,59.22776,61.414838,58.521222,58.381003,56.188116,59.210326
332,62.048223,63.981282,61.545641,60.581527,65.061459,58.286964,56.300717,57.926319,59.22776,61.414838,58.521222,58.381003,56.188116,59.210326,59.948814
333,63.981282,61.545641,60.581527,65.061459,58.286964,56.300717,57.926319,59.22776,61.414838,58.521222,58.381003,56.188116,59.210326,59.948814,61.317083
334,61.545641,60.581527,65.061459,58.286964,56.300717,57.926319,59.22776,61.414838,58.521222,58.381003,56.188116,59.210326,59.948814,61.317083,62.545413
335,60.581527,65.061459,58.286964,56.300717,57.926319,59.22776,61.414838,58.521222,58.381003,56.188116,59.210326,59.948814,61.317083,62.545413,62.200852
336,65.061459,58.286964,56.300717,57.926319,59.22776,61.414838,58.521222,58.381003,56.188116,59.210326,59.948814,61.317083,62.545413,62.200852,62.058745
337,58.286964,56.300717,57.926319,59.22776,61.414838,58.521222,58.381003,56.188116,59.210326,59.948814,61.317083,62.545413,62.200852,62.058745,61.691908
338,56.300717,57.926319,59.22776,61.414838,58.521222,58.381003,56.188116,59.210326,59.948814,61.317083,62.545413,62.200852,62.058745,61.691908,62.611464
339,57.926319,59.22776,61.414838,58.521222,58.381003,56.188116,59.210326,59.948814,61.317083,62.545413,62.200852,62.058745,61.691908,62.611464,61.279515
340,59.22776,61.414838,58.521222,58.381003,56.188116,59.210326,59.948814,61.317083,62.545413,62.200852,62.058745,61.691908,62.611464,61.279515,60.264757
341,61.414838,58.521222,58.381003,56.188116,59.210326,59.948814,61.317083,62.545413,62.200852,62.058745,61.691908,62.611464,61.279515,60.264757,61.135037
342,58.521222,58.381003,56.188116,59.210326,59.948814,61.317083,62.545413,62.200852,62.058745,61.691908,62.611464,61.279515,60.264757,61.135037,55.794915
343,58.381003,56.188116,59.210326,59.948814,61.317083,62.545413,62.200852,62.058745,61.691908,62.611464,61.279515,60.264757,61.135037,55.794915,54.928304
344,56.188116,59.210326,59.948814,61.317083,62.545413,62.200852,62.058745,61.691908,62.611464,61.279515,60.264757,61.135037,55.794915,54.928304,55.382922
345,59.210326,59.948814,61.317083,62.545413,62.200852,62.058745,61.691908,62.611464,61.279515,60.264757,61.135037,55.794915,54.928304,55.382922,54.237492
346,59.948814,61.317083,62.545413,62.200852,62.058745,61.691908,62.611464,61.279515,60.264757,61.135037,55.794915,54.928304,55.382922,54.237492,52.864598
347,61.317083,62.545413,62.200852,62.058745,61.691908,62.611464,61.279515,60.264757,61.135037,55.794915,54.928304,55.382922,54.237492,52.864598,54.446587
348,62.545413,62.200852,62.058745,61.691908,62.611464,61.279515,60.264757,61.135037,55.794915,54.928304,55.382922,54.237492,52.864598,54.446587,54.024781
349,62.200852,62.058745,61.691908,62.611464,61.279515,60.264757,61.135037,55.794915,54.928304,55.382922,54.237492,52.864598,54.446587,54.024781,50.758329
350,62.058745,61.691908,62.611464,61.279515,60.264757,61.135037,55.794915,54.928304,55.382922,54.237492,52.864598,54.446587,54.024781,50.758329,49.187946
351,61.691908,62.611464,61.279515,60.264757,61.135037,55.794915,54.928304,55.382922,54.237492,52.864598,54.446587,54.024781,50.758329,49.187946,47.87448
352,62.611464,61.279515,60.264757,61.135037,55.794915,54.928304,55.382922,54.237492,52.864598,54.446587,54.024781,50.758329,49.187946,47.87448,46.038065
353,61.279515,60.264757,61.135037,55.794915,54.928304,55.382922,54.237492,52.864598,54.446587,54.024781,50.758329,49.187946,47.87448,46.038065,42.763633
354,60.264757,61.135037,55.794915,54.928304,55.382922,54.237492,52.864598,54.446587,54.024781,50.758329,49.187946,47.87448,46.038065,42.763633,41.636239
355,61.135037,55.794915,54.928304,55.382922,54.237492,52.864598,54.446587,54.024781,50.758329,49.187946,47.87448,46.038065,42.763633,41.636239,42.207866
356,55.794915,54.928304,55.382922,54.237492,52.864598,54.446587,54.024781,50.758329,49.187946,47.87448,46.038065,42.763633,41.636239,42.207866,41.13089
357,54.928304,55.382922,54.237492,52.864598,54.446587,54.024781,50.758329,49.187946,47.87448,46.038065,42.763633,41.636239,42.207866,41.13089,40.679094
358,55.382922,54.237492,52.864598,54.446587,54.024781,50.758329,49.187946,47.87448,46.038065,42.763633,41.636239,42.207866,41.13089,40.679094,37.092972
359,54.237492,52.864598,54.446587,54.024781,50.758329,49.187946,47.87448,46.038065,42.763633,41.636239,42.207866,41.13089,40.679094,37.092972,33.859042
360,52.864598,54.446587,54.024781,50.758329,49.187946,47.87448,46.038065,42.763633,41.636239,42.207866,41.13089,40.679094,37.092972,33.859042,34.727937
361,54.446587,54.024781,50.758329,49.187946,47.87448,46.038065,42.763633,41.636239,42.207866,41.13089,40.679094,37.092972,33.859042,34.727937,35.296336
362,54.024781,50.758329,49.187946,47.87448,46.038065,42.763633,41.636239,42.207866,41.13089,40.679094,37.092972,33.859042,34.727937,35.296336,35.809813
363,50.758329,49.187946,47.87448,46.038065,42.763633,41.636239,42.207866,41.13089,40.679094,37.092972,33.859042,34.727937,35.296336,35.809813,33.562616
364,49.187946,47.87448,46.038065,42.763633,41.636239,42.207866,41.13089,40.679094,37.092972,33.859042,34.727937,35.296336,35.809813,33.562616,32.339837
365,47.87448,46.038065,42.763633,41.636239,42.207866,41.13089,40.679094,37.092972,33.859042,34.727937,35.296336,35.809813,33.562616,32.339837,31.257807
366,46.038065,42.763633,41.636239,42.207866,41.13089,40.679094,37.092972,33.859042,34.727937,35.296336,35.809813,33.562616,32.339837,31.257807,30.152438
367,42.763633,41.636239,42.207866,41.13089,40.679094,37.092972,33.859042,34.727937,35.296336,35.809813,33.562616,32.339837,31.257807,30.152438,29.378759
368,41.636239,42.207866,41.13089,40.679094,37.092972,33.859042,34.727937,35.296336,35.809813,33.562616,32.339837,31.257807,30.152438,29.378759,27.439498
369,42.207866,41.13089,40.679094,37.092972,33.859042,34.727937,35.296336,35.809813,33.562616,32.339837,31.257807,30.152438,29.378759,27.439498,27.08009
370,41.13089,40.679094,37.092972,33.859042,34.727937,35.296336,35.809813,33.562616,32.339837,31.257807,30.152438,29.378759,27.439498,27.08009,25.673241
371,40.679094,37.092972,33.859042,34.727937,35.296336,35.809813,33.562616,32.339837,31.257807,30.152438,29.378759,27.439498,27.08009,25.673241,26.375181
372,37.092972,33.859042,34.727937,35.296336,35.809813,33.562616,32.339837,31.257807,30.152438,29.378759,27.439498,27.08009,25.673241,26.375181,26.628259
373,33.859042,34.727937,35.296336,35.809813,33.562616,32.339837,31.257807,30.152438,29.378759,27.439498,27.08009,25.673241,26.375181,26.628259,26.799907
374,34.727937,35.296336,35.809813,33.562616,32.339837,31.257807,30.152438,29.378759,27.439498,27.08009,25.673241,26.375181,26.628259,26.799907,26.016099
375,35.296336,35.809813,33.562616,32.339837,31.257807,30.152438,29.378759,27.439498,27.08009,25.673241,26.375181,26.628259,26.799907,26.016099,25.588064
376,35.809813,33.562616,32.339837,31.257807,30.152438,29.378759,27.439498,27.08009,25.673241,26.375181,26.628259,26.799907,26.016099,25.588064,25.097686
377,33.562616,32.339837,31.257807,30.152438,29.378759,27.439498,27.08009,25.673241,26.375181,26.628259,26.799907,26.016099,25.588064,25.097686,25.620261
378,32.339837,31.257807,30.152438,29.378759,27.439498,27.08009,25.673241,26.375181,26.628259,26.799907,26.016099,25.588064,25.097686,25.620261,24.511643
379,31.257807,30.152438,29.378759,27.439498,27.08009,25.673241,26.375181,26.628259,26.799907,26.016099,25.588064,25.097686,25.620261,24.511643,24.331832
380,30.152438,29.378759,27.439498,27.08009,25.673241,26.375181,26.628259,26.799907,26.016099,25.588064,25.097686,25.620261,24.511643,24.331832,23.880922
381,29.378759,27.439498,27.08009,25.673241,26.375181,26.628259,26.799907,26.016099,25.588064,25.097686,25.620261,24.511643,24.331832,23.880922,24.090409
382,27.439498,27.08009,25.673241,26.375181,26.628259,26.799907,26.016099,25.588064,25.097686,25.620261,24.511643,24.331832,23.880922,24.090409,23.419617
383,27.08009,25.673241,26.375181,26.628259,26.799907,26.016099,25.588064,25.097686,25.620261,24.511643,24.331832,23.880922,24.090409,23.419617,23.140017
384,25.673241,26.375181,26.628259,26.799907,26.016099,25.588064,25.097686,25.620261,24.511643,24.331832,23.880922,24.090409,23.419617,23.140017,23.183848
385,26.375181,26.628259,26.799907,26.016099,25.588064,25.097686,25.620261,24.511643,24.331832,23.880922,24.090409,23.419617,23.140017,23.183848,23.38746
386,26.628259,26.799907,26.016099,25.588064,25.097686,25.620261,24.511643,24.331832,23.880922,24.090409,23.419617,23.140017,23.183848,23.38746,22.849922
387,26.799907,26.016099,25.588064,25.097686,25.620261,24.511643,24.331832,23.880922,24.090409,23.419617,23.140017,23.183848,23.38746,22.849922,22.195785
388,26.016099,25.588064,25.097686,25.620261,24.511643,24.331832,23.880922,24.090409,23.419617,23.140017,23.183848,23.38746,22.849922,22.195785,21.058142
389,25.588064,25.097686,25.620261,24.511643,24.331832,23.880922,24.090409,23.419617,23.140017,23.183848,23.38746,22.849922,22.195785,21.058142,21.881686
390,25.097686,25.620261,24.511643,24.331832,23.880922,24.090409,23.419617,23.140017,23.183848,23.38746,22.849922,22.195785,21.058142,21.881686,21.755382
391,25.620261,24.511643,24.331832,23.880922,24.090409,23.419617,23.140017,23.183848,23.38746,22.849922,22.195785,21.058142,21.881686,21.755382,21.244961
392,24.511643,24.331832,23.880922,24.090409,23.419617,23.140017,23.183848,23.38746,22.849922,22.195785,21.058142,21.881686,21.755382,21.244961,20.265879
393,24.331832,23.880922,24.090409,23.419617,23.140017,23.183848,23.38746,22.849922,22.195785,21.058142,21.881686,21.755382,21.244961,20.265879,20.063363
394,23.880922,24.090409,23.419617,23.140017,23.183848,23.38746,22.849922,22.195785,21.058142,21.881686,21.755382,21.244961,20.265879,20.063363,19.973756
395,24.090409,23.419617,23.140017,23.183848,23.38746,22.849922,22.195785,21.058142,21.881686,21.755382,21.244961,20.265879,20.063363,19.973756,19.731875
396,23.419617,23.140017,23.183848,23.38746,22.849922,22.195785,21.058142,21.881686,21.755382,21.244961,20.265879,20.063363,19.973756,19.731875,19.946769
397,23.140017,23.183848,23.38746,22.849922,22.195785,21.058142,21.881686,21.755382,21.244961,20.265879,20.063363,19.973756,19.731875,19.946769,20.287998
398,23.183848,23.38746,22.849922,22.195785,21.058142,21.881686,21.755382,21.244961,20.265879,20.063363,19.973756,19.731875,19.946769,20.287998,19.882179
399,23.38746,22.849922,22.195785,21.058142,21.881686,21.755382,21.244961,20.265879,20.063363,19.973756,19.731875,19.946769,20.287998,19.882179,18.619733
400,22.849922,22.195785,21.058142,21.881686,21.755382,21.244961,20.265879,20.063363,19.973756,19.731875,19.946769,20.287998,19.882179,18.619733,18.835442
401,22.195785,21.058142,21.881686,21.755382,21.244961,20.265879,20.063363,19.973756,19.731875,19.946769,20.287998,19.882179,18.619733,18.835442,19.578073
402,21.058142,21.881686,21.755382,21.244961,20.265879,20.063363,19.973756,19.731875,19.946769,20.287998,19.882179,18.619733,18.835442,19.578073,18.847115
403,21.881686,21.755382,21.244961,20.265879,20.063363,19.973756,19.731875,19.946769,20.287998,19.882179,18.619733,18.835442,19.578073,18.847115,18.662525
404,21.755382,21.244961,20.265879,20.063363,19.973756,19.731875,19.946769,20.287998,19.882179,18.619733,18.835442,19.578073,18.847115,18.662525,18.016566
405,21.244961,20.265879,20.063363,19.973756,19.731875,19.946769,20.287998,19.882179,18.619733,18.835442,19.578073,18.847115,18.662525,18.016566,18.331486
406,20.265879,20.063363,19.973756,19.731875,19.946769,20.287998,19.882179,18.619733,18.835442,19.578073,18.847115,18.662525,18.016566,18.331486,17.897144
407,20.063363,19.973756,19.731875,19.946769,20.287998,19.882179,18.619733,18.835442,19.578073,18.847115,18.662525,18.016566,18.331486,17.897144,17.859053
408,19.973756,19.731875,19.946769,20.287998,19.882179,18.619733,18.835442,19.578073,18.847115,18.662525,18.016566,18.331486,17.897144,17.859053,17.550053
409,19.731875,19.946769,20.287998,19.882179,18.619733,18.835442,19.578073,18.847115,18.662525,18.016566,18.331486,17.897144,17.859053,17.550053,17.869069
410,19.946769,20.287998,19.882179,18.619733,18.835442,19.578073,18.847115,18.662525,18.016566,18.331486,17.897144,17.859053,17.550053,17.869069,17.220677
411,20.287998,19.882179,18.619733,18.835442,19.578073,18.847115,18.662525,18.016566,18.331486,17.897144,17.859053,17.550053,17.869069,17.220677,17.28372
412,19.882179,18.619733,18.835442,19.578073,18.847115,18.662525,18.016566,18.331486,17.897144,17.859053,17.550053,17.869069,17.220677,17.28372,16.256012
413,18.619733,18.835442,19.578073,18.847115,18.662525,18.016566,18.331486,17.897144,17.859053,17.550053,17.869069,17.220677,17.28372,16.256012,16.777409
414,18.835442,19.578073,18.847115,18.662525,18.016566,18.331486,17.897144,17.859053,17.550053,17.869069,17.220677,17.28372,16.256012,16.777409,17.25042
415,19.578073,18.847115,18.662525,18.016566,18.331486,17.897144,17.859053,17.550053,17.869069,17.220677,17.28372,16.256012,16.777409,17.25042,17.94141
416,18.847115,18.662525,18.016566,18.331486,17.897144,17.859053,17.550053,17.869069,17.220677,17.28372,16.256012,16.777409,17.25042,17.94141,18.501533
417,18.662525,18.016566,18.331486,17.897144,17.859053,17.550053,17.869069,17.220677,17.28372,16.256012,16.777409,17.25042,17.94141,18.501533,17.941215
418,18.016566,18.331486,17.897144,17.859053,17.550053,17.869069,17.220677,17.28372,16.256012,16.777409,17.25042,17.94141,18.501533,17.941215,16.610655
419,18.331486,17.897144,17.859053,17.550053,17.869069,17.220677,17.28372,16.256012,16.777409,17.25042,17.94141,18.501533,17.941215,16.610655,16.924823
420,17.897144,17.859053,17.550053,17.869069,17.220677,17.28372,16.256012,16.777409,17.25042,17.94141,18.501533,17.941215,16.610655,16.924823,16.933325
421,17.859053,17.550053,17.869069,17.220677,17.28372,16.256012,16.777409,17.25042,17.94141,18.501533,17.941215,16.610655,16.924823,16.933325,16.867066
422,17.550053,17.869069,17.220677,17.28372,16.256012,16.777409,17.25042,17.94141,18.501533,17.941215,16.610655,16.924823,16.933325,16.867066,18.817664
423,17.869069,17.220677,17.28372,16.256012,16.777409,17.25042,17.94141,18.501533,17.941215,16.610655,16.924823,16.933325,16.867066,18.817664,19.046937
424,17.220677,17.28372,16.256012,16.777409,17.25042,17.94141,18.501533,17.941215,16.610655,16.924823,16.933325,16.867066,18.817664,19.046937,18.06785
425,17.28372,16.256012,16.777409,17.25042,17.94141,18.501533,17.941215,16.610655,16.924823,16.933325,16.867066,18.817664,19.046937,18.06785,17.069555
426,16.256012,16.777409,17.25042,17.94141,18.501533,17.941215,16.610655,16.924823,16.933325,16.867066,18.817664,19.046937,18.06785,17.069555,18.528263
427,16.777409,17.25042,17.94141,18.501533,17.941215,16.610655,16.924823,16.933325,16.867066,18.817664,19.046937,18.06785,17.069555,18.528263,18.202396
428,17.25042,17.94141,18.501533,17.941215,16.610655,16.924823,16.933325,16.867066,18.817664,19.046937,18.06785,17.069555,18.528263,18.202396,17.302439
429,17.94141,18.501533,17.941215,16.610655,16.924823,16.933325,16.867066,18.817664,19.046937,18.06785,17.069555,18.528263,18.202396,17.302439,16.791623
430,18.501533,17.941215,16.610655,16.924823,16.933325,16.867066,18.817664,19.046937,18.06785,17.069555,18.528263,18.202396,17.302439,16.791623,15.617552
431,17.941215,16.610655,16.924823,16.933325,16.867066,18.817664,19.046937,18.06785,17.069555,18.528263,18.202396,17.302439,16.791623,15.617552,15.341502
432,16.610655,16.924823,16.933325,16.867066,18.817664,19.046937,18.06785,17.069555,18.528263,18.202396,17.302439,16.791623,15.617552,15.341502,16.678087
433,16.924823,16.933325,16.867066,18.817664,19.046937,18.06785,17.069555,18.528263,18.202396,17.302439,16.791623,15.617552,15.341502,16.678087,17.14162
434,16.933325,16.867066,18.817664,19.046937,18.06785,17.069555,18.528263,18.202396,17.302439,16.791623,15.617552,15.341502,16.678087,17.14162,17.544211
435,16.867066,18.817664,19.046937,18.06785,17.069555,18.528263,18.202396,17.302439,16.791623,15.617552,15.341502,16.678087,17.14162,17.544211,18.011667
436,18.817664,19.046937,18.06785,17.069555,18.528263,18.202396,17.302439,16.791623,15.617552,15.341502,16.678087,17.14162,17.544211,18.011667,17.858504
437,19.046937,18.06785,17.069555,18.528263,18.202396,17.302439,16.791623,15.617552,15.341502,16.678087,17.14162,17.544211,18.011667,17.858504,17.662562
438,18.06785,17.069555,18.528263,18.202396,17.302439,16.791623,15.617552,15.341502,16.678087,17.14162,17.544211,18.011667,17.858504,17.662562,19.020325
439,17.069555,18.528263,18.202396,17.302439,16.791623,15.617552,15.341502,16.678087,17.14162,17.544211,18.011667,17.858504,17.662562,19.020325,19.024922
440,18.528263,18.202396,17.302439,16.791623,15.617552,15.341502,16.678087,17.14162,17.544211,18.011667,17.858504,17.662562,19.020325,19.024922,17.926775
441,18.202396,17.302439,16.791623,15.617552,15.341502,16.678087,17.14162,17.544211,18.011667,17.858504,17.662562,19.020325,19.024922,17.926775,17.352479
442,17.302439,16.791623,15.617552,15.341502,16.678087,17.14162,17.544211,18.011667,17.858504,17.662562,19.020325,19.024922,17.926775,17.352479,17.438948
443,16.791623,15.617552,15.341502,16.678087,17.14162,17.544211,18.011667,17.858504,17.662562,19.020325,19.024922,17.926775,17.352479,17.438948,18.315727
444,15.617552,15.341502,16.678087,17.14162,17.544211,18.011667,17.858504,17.662562,19.020325,19.024922,17.926775,17.352479,17.438948,18.315727,19.665234
445,15.341502,16.678087,17.14162,17.544211,18.011667,17.858504,17.662562,19.020325,19.024922,17.926775,17.352479,17.438948,18.315727,19.665234,23.003507
446,16.678087,17.14162,17.544211,18.011667,17.858504,17.662562,19.020325,19.024922,17.926775,17.352479,17.438948,18.315727,19.665234,23.003507,19.24667
447,17.14162,17.544211,18.011667,17.858504,17.662562,19.020325,19.024922,17.926775,17.352479,17.438948,18.315727,19.665234,23.003507,19.24667,15.514446
448,17.544211,18.011667,17.858504,17.662562,19.020325,19.024922,17.926775,17.352479,17.438948,18.315727,19.665234,23.003507,19.24667,15.514446,16.096428
449,18.011667,17.858504,17.662562,19.020325,19.024922,17.926775,17.352479,17.438948,18.315727,19.665234,23.003507,19.24667,15.514446,16.096428,14.754057
450,17.858504,17.662562,19.020325,19.024922,17.926775,17.352479,17.438948,18.315727,19.665234,23.003507,19.24667,15.514446,16.096428,14.754057,15.915362
451,17.662562,19.020325,19.024922,17.926775,17.352479,17.438948,18.315727,19.665234,23.003507,19.24667,15.514446,16.096428,14.754057,15.915362,16.275356
452,19.020325,19.024922,17.926775,17.352479,17.438948,18.315727,19.665234,23.003507,19.24667,15.514446,16.096428,14.754057,15.915362,16.275356,16.195401
453,19.024922,17.926775,17.352479,17.438948,18.315727,19.665234,23.003507,19.24667,15.514446,16.096428,14.754057,15.915362,16.275356,16.195401,16.559085
454,17.926775,17.352479,17.438948,18.315727,19.665234,23.003507,19.24667,15.514446,16.096428,14.754057,15.915362,16.275356,16.195401,16.559085,17.520144
455,17.352479,17.438948,18.315727,19.665234,23.003507,19.24667,15.514446,16.096428,14.754057,15.915362,16.275356,16.195401,16.559085,17.520144,16.759073
456,17.438948,18.315727,19.665234,23.003507,19.24667,15.514446,16.096428,14.754057,15.915362,16.275356,16.195401,16.559085,17.520144,16.759073,20.263121
457,18.315727,19.665234,23.003507,19.24667,15.514446,16.096428,14.754057,15.915362,16.275356,16.195401,16.559085,17.520144,16.759073,20.263121,18.810782
458,19.665234,23.003507,19.24667,15.514446,16.096428,14.754057,15.915362,16.275356,16.195401,16.559085,17.520144,16.759073,20.263121,18.810782,15.695375
459,23.003507,19.24667,15.514446,16.096428,14.754057,15.915362,16.275356,16.195401,16.559085,17.520144,16.759073,20.263121,18.810782,15.695375,14.790863
460,19.24667,15.514446,16.096428,14.754057,15.915362,16.275356,16.195401,16.559085,17.520144,16.759073,20.263121,18.810782,15.695375,14.790863,15.442721
461,15.514446,16.096428,14.754057,15.915362,16.275356,16.195401,16.559085,17.520144,16.759073,20.263121,18.810782,15.695375,14.790863,15.442721,17.070118
462,16.096428,14.754057,15.915362,16.275356,16.195401,16.559085,17.520144,16.759073,20.263121,18.810782,15.695375,14.790863,15.442721,17.070118,17.54702
463,14.754057,15.915362,16.275356,16.195401,16.559085,17.520144,16.759073,20.263121,18.810782,15.695375,14.790863,15.442721,17.070118,17.54702,20.27453
464,15.915362,16.275356,16.195401,16.559085,17.520144,16.759073,20.263121,18.810782,15.695375,14.790863,15.442721,17.070118,17.54702,20.27453,18.941265
465,16.275356,16.195401,16.559085,17.520144,16.759073,20.263121,18.810782,15.695375,14.790863,15.442721,17.070118,17.54702,20.27453,18.941265,18.756919
466,16.195401,16.559085,17.520144,16.759073,20.263121,18.810782,15.695375,14.790863,15.442721,17.070118,17.54702,20.27453,18.941265,18.756919,18.572198
467,16.559085,17.520144,16.759073,20.263121,18.810782,15.695375,14.790863,15.442721,17.070118,17.54702,20.27453,18.941265,18.756919,18.572198,17.845837
468,17.520144,16.759073,20.263121,18.810782,15.695375,14.790863,15.442721,17.070118,17.54702,20.27453,18.941265,18.756919,18.572198,17.845837,22.419967
469,16.759073,20.263121,18.810782,15.695375,14.790863,15.442721,17.070118,17.54702,20.27453,18.941265,18.756919,18.572198,17.845837,22.419967,20.623061
470,20.263121,18.810782,15.695375,14.790863,15.442721,17.070118,17.54702,20.27453,18.941265,18.756919,18.572198,17.845837,22.419967,20.623061,22.756935
471,18.810782,15.695375,14.790863,15.442721,17.070118,17.54702,20.27453,18.941265,18.756919,18.572198,17.845837,22.419967,20.623061,22.756935,19.488332
472,15.695375,14.790863,15.442721,17.070118,17.54702,20.27453,18.941265,18.756919,18.572198,17.845837,22.419967,20.623061,22.756935,19.488332,19.152186
473,14.790863,15.442721,17.070118,17.54702,20.27453,18.941265,18.756919,18.572198,17.845837,22.419967,20.623061,22.756935,19.488332,19.152186,19.994617
474,15.442721,17.070118,17.54702,20.27453,18.941265,18.756919,18.572198,17.845837,22.419967,20.623061,22.756935,19.488332,19.152186,19.994617,20.832038
475,17.070118,17.54702,20.27453,18.941265,18.756919,18.572198,17.845837,22.419967,20.623061,22.756935,19.488332,19.152186,19.994617,20.832038,21.596013
476,17.54702,20.27453,18.941265,18.756919,18.572198,17.845837,22.419967,20.623061,22.756935,19.488332,19.152186,19.994617,20.832038,21.596013,21.322946
477,20.27453,18.941265,18.756919,18.572198,17.845837,22.419967,20.623061,22.756935,19.488332,19.152186,19.994617,20.832038,21.596013,21.322946,24.675517
478,18.941265,18.756919,18.572198,17.845837,22.419967,20.623061,22.756935,19.488332,19.152186,19.994617,20.832038,21.596013,21.322946,24.675517,21.577331
479,18.756919,18.572198,17.845837,22.419967,20.623061,22.756935,19.488332,19.152186,19.994617,20.832038,21.596013,21.322946,24.675517,21.577331,20.083415
480,18.572198,17.845837,22.419967,20.623061,22.756935,19.488332,19.152186,19.994617,20.832038,21.596013,21.322946,24.675517,21.577331,20.083415,20.969913
481,17.845837,22.419967,20.623061,22.756935,19.488332,19.152186,19.994617,20.832038,21.596013,21.322946,24.675517,21.577331,20.083415,20.969913,18.629109
482,22.419967,20.623061,22.756935,19.488332,19.152186,19.994617,20.832038,21.596013,21.322946,24.675517,21.577331,20.083415,20.969913,18.629109,18.02358
483,20.623061,22.756935,19.488332,19.152186,19.994617,20.832038,21.596013,21.322946,24.675517,21.577331,20.083415,20.969913,18.629109,18.02358,18.616937
484,22.756935,19.488332,19.152186,19.994617,20.832038,21.596013,21.322946,24.675517,21.577331,20.083415,20.969913,18.629109,18.02358,18.616937,23.37812
485,19.488332,19.152186,19.994617,20.832038,21.596013,21.322946,24.675517,21.577331,20.083415,20.969913,18.629109,18.02358,18.616937,23.37812,32.128794
486,19.152186,19.994617,20.832038,21.596013,21.322946,24.675517,21.577331,20.083415,20.969913,18.629109,18.02358,18.616937,23.37812,32.128794,32.028818
487,19.994617,20.832038,21.596013,21.322946,24.675517,21.577331,20.083415,20.969913,18.629109,18.02358,18.616937,23.37812,32.128794,32.028818,31.560458
488,20.832038,21.596013,21.322946,24.675517,21.577331,20.083415,20.969913,18.629109,18.02358,18.616937,23.37812,32.128794,32.028818,31.560458,29.815825
489,21.596013,21.322946,24.675517,21.577331,20.083415,20.969913,18.629109,18.02358,18.616937,23.37812,32.128794,32.028818,31.560458,29.815825,30.20426
490,21.322946,24.675517,21.577331,20.083415,20.969913,18.629109,18.02358,18.616937,23.37812,32.128794,32.028818,31.560458,29.815825,30.20426,31.219691
491,24.675517,21.577331,20.083415,20.969913,18.629109,18.02358,18.616937,23.37812,32.128794,32.028818,31.560458,29.815825,30.20426,31.219691,30.913381
492,21.577331,20.083415,20.969913,18.629109,18.02358,18.616937,23.37812,32.128794,32.028818,31.560458,29.815825,30.20426,31.219691,30.913381,31.352444
493,20.083415,20.969913,18.629109,18.02358,18.616937,23.37812,32.128794,32.028818,31.560458,29.815825,30.20426,31.219691,30.913381,31.352444,31.198147
494,20.969913,18.629109,18.02358,18.616937,23.37812,32.128794,32.028818,31.560458,29.815825,30.20426,31.219691,30.913381,31.352444,31.198147,31.901144
495,18.629109,18.02358,18.616937,23.37812,32.128794,32.028818,31.560458,29.815825,30.20426,31.219691,30.913381,31.352444,31.198147,31.901144,30.447833
496,18.02358,18.616937,23.37812,32.128794,32.028818,31.560458,29.815825,30.20426,31.219691,30.913381,31.352444,31.198147,31.901144,30.447833,19.063764
497,18.616937,23.37812,32.128794,32.028818,31.560458,29.815825,30.20426,31.219691,30.913381,31.352444,31.198147,31.901144,30.447833,19.063764,21.390508
498,23.37812,32.128794,32.028818,31.560458,29.815825,30.20426,31.219691,30.913381,31.352444,31.198147,31.901144,30.447833,19.063764,21.390508,22.60831
499,32.128794,32.028818,31.560458,29.815825,30.20426,31.219691,30.913381,31.352444,31.198147,31.901144,30.447833,19.063764,21.390508,22.60831,22.669635
500,32.028818,31.560458,29.815825,30.20426,31.219691,30.913381,31.352444,31.198147,31.901144,30.447833,19.063764,21.390508,22.60831,22.669635,24.641703
501,31.560458,29.815825,30.20426,31.219691,30.913381,31.352444,31.198147,31.901144,30.447833,19.063764,21.390508,22.60831,22.669635,24.641703,23.636881
502,29.815825,30.20426,31.219691,30.913381,31.352444,31.198147,31.901144,30.447833,19.063764,21.390508,22.60831,22.669635,24.641703,23.636881,24.001125
503,30.20426,31.219691,30.913381,31.352444,31.198147,31.901144,30.447833,19.063764,21.390508,22.60831,22.669635,24.641703,23.636881,24.001125,35.052068
504,31.219691,30.913381,31.352444,31.198147,31.901144,30.447833,19.063764,21.390508,22.60831,22.669635,24.641703,23.636881,24.001125,35.052068,36.392147
505,30.913381,31.352444,31.198147,31.901144,30.447833,19.063764,21.390508,22.60831,22.669635,24.641703,23.636881,24.001125,35.052068,36.392147,37.292381
506,31.352444,31.198147,31.901144,30.447833,19.063764,21.390508,22.60831,22.669635,24.641703,23.636881,24.001125,35.052068,36.392147,37.292381,38.716101
507,31.198147,31.901144,30.447833,19.063764,21.390508,22.60831,22.669635,24.641703,23.636881,24.001125,35.052068,36.392147,37.292381,38.716101,39.306908
508,31.901144,30.447833,19.063764,21.390508,22.60831,22.669635,24.641703,23.636881,24.001125,35.052068,36.392147,37.292381,38.716101,39.306908,40.62625
509,30.447833,19.063764,21.390508,22.60831,22.669635,24.641703,23.636881,24.001125,35.052068,36.392147,37.292381,38.716101,39.306908,40.62625,42.019477
510,19.063764,21.390508,22.60831,22.669635,24.641703,23.636881,24.001125,35.052068,36.392147,37.292381,38.716101,39.306908,40.62625,42.019477,41.143532
511,21.390508,22.60831,22.669635,24.641703,23.636881,24.001125,35.052068,36.392147,37.292381,38.716101,39.306908,40.62625,42.019477,41.143532,41.459123
512,22.60831,22.669635,24.641703,23.636881,24.001125,35.052068,36.392147,37.292381,38.716101,39.306908,40.62625,42.019477,41.143532,41.459123,39.354632
513,22.669635,24.641703,23.636881,24.001125,35.052068,36.392147,37.292381,38.716101,39.306908,40.62625,42.019477,41.143532,41.459123,39.354632,39.485679
514,24.641703,23.636881,24.001125,35.052068,36.392147,37.292381,38.716101,39.306908,40.62625,42.019477,41.143532,41.459123,39.354632,39.485679,42.254537
515,23.636881,24.001125,35.052068,36.392147,37.292381,38.716101,39.306908,40.62625,42.019477,41.143532,41.459123,39.354632,39.485679,42.254537,40.774629
516,24.001125,35.052068,36.392147,37.292381,38.716101,39.306908,40.62625,42.019477,41.143532,41.459123,39.354632,39.485679,42.254537,40.774629,41.67355
517,35.052068,36.392147,37.292381,38.716101,39.306908,40.62625,42.019477,41.143532,41.459123,39.354632,39.485679,42.254537,40.774629,41.67355,44.712621
518,36.392147,37.292381,38.716101,39.306908,40.62625,42.019477,41.143532,41.459123,39.354632,39.485679,42.254537,40.774629,41.67355,44.712621,42.583508
519,37.292381,38.716101,39.306908,40.62625,42.019477,41.143532,41.459123,39.354632,39.485679,42.254537,40.774629,41.67355,44.712621,42.583508,39.151491
520,38.716101,39.306908,40.62625,42.019477,41.143532,41.459123,39.354632,39.485679,42.254537,40.774629,41.67355,44.712621,42.583508,39.151491,38.125866
521,39.306908,40.62625,42.019477,41.143532,41.459123,39.354632,39.485679,42.254537,40.774629,41.67355,44.712621,42.583508,39.151491,38.125866,36.448332
522,40.62625,42.019477,41.143532,41.459123,39.354632,39.485679,42.254537,40.774629,41.67355,44.712621,42.583508,39.151491,38.125866,36.448332,34.885589
523,42.019477,41.143532,41.459123,39.354632,39.485679,42.254537,40.774629,41.67355,44.712621,42.583508,39.151491,38.125866,36.448332,34.885589,33.259058
524,41.143532,41.459123,39.354632,39.485679,42.254537,40.774629,41.67355,44.712621,42.583508,39.151491,38.125866,36.448332,34.885589,33.259058,33.986013
525,41.459123,39.354632,39.485679,42.254537,40.774629,41.67355,44.712621,42.583508,39.151491,38.125866,36.448332,34.885589,33.259058,33.986013,34.653077
526,39.354632,39.485679,42.254537,40.774629,41.67355,44.712621,42.583508,39.151491,38.125866,36.448332,34.885589,33.259058,33.986013,34.653077,33.408677
527,39.485679,42.254537,40.774629,41.67355,44.712621,42.583508,39.151491,38.125866,36.448332,34.885589,33.259058,33.986013,34.653077,33.408677,31.652421
528,42.254537,40.774629,41.67355,44.712621,42.583508,39.151491,38.125866,36.448332,34.885589,33.259058,33.986013,34.653077,33.408677,31.652421,32.524247
529,40.774629,41.67355,44.712621,42.583508,39.151491,38.125866,36.448332,34.885589,33.259058,33.986013,34.653077,33.408677,31.652421,32.524247,31.940325
530,41.67355,44.712621,42.583508,39.151491,38.125866,36.448332,34.885589,33.259058,33.986013,34.653077,33.408677,31.652421,32.524247,31.940325,35.349502
531,44.712621,42.583508,39.151491,38.125866,36.448332,34.885589,33.259058,33.986013,34.653077,33.408677,31.652421,32.524247,31.940325,35.349502,30.860478
532,42.583508,39.151491,38.125866,36.448332,34.885589,33.259058,33.986013,34.653077,33.408677,31.652421,32.524247,31.940325,35.349502,30.860478,30.819227
533,39.151491,38.125866,36.448332,34.885589,33.259058,33.986013,34.653077,33.408677,31.652421,32.524247,31.940325,35.349502,30.860478,30.819227,28.949419
534,38.125866,36.448332,34.885589,33.259058,33.986013,34.653077,33.408677,31.652421,32.524247,31.940325,35.349502,30.860478,30.819227,28.949419,29.539003
535,36.448332,34.885589,33.259058,33.986013,34.653077,33.408677,31.652421,32.524247,31.940325,35.349502,30.860478,30.819227,28.949419,29.539003,33.420349
536,34.885589,33.259058,33.986013,34.653077,33.408677,31.652421,32.524247,31.940325,35.349502,30.860478,30.819227,28.949419,29.539003,33.420349,31.85881
537,33.259058,33.986013,34.653077,33.408677,31.652421,32.524247,31.940325,35.349502,30.860478,30.819227,28.949419,29.539003,33.420349,31.85881,31.115907
538,33.986013,34.653077,33.408677,31.652421,32.524247,31.940325,35.349502,30.860478,30.819227,28.949419,29.539003,33.420349,31.85881,31.115907,29.558377
539,34.653077,33.408677,31.652421,32.524247,31.940325,35.349502,30.860478,30.819227,28.949419,29.539003,33.420349,31.85881,31.115907,29.558377,29.563352
540,33.408677,31.652421,32.524247,31.940325,35.349502,30.860478,30.819227,28.949419,29.539003,33.420349,31.85881,31.115907,29.558377,29.563352,29.10376
541,31.652421,32.524247,31.940325,35.349502,30.860478,30.819227,28.949419,29.539003,33.420349,31.85881,31.115907,29.558377,29.563352,29.10376,29.146588
542,32.524247,31.940325,35.349502,30.860478,30.819227,28.949419,29.539003,33.420349,31.85881,31.115907,29.558377,29.563352,29.10376,29.146588,29.971944
543,31.940325,35.349502,30.860478,30.819227,28.949419,29.539003,33.420349,31.85881,31.115907,29.558377,29.563352,29.10376,29.146588,29.971944,27.254738
544,35.349502,30.860478,30.819227,28.949419,29.539003,33.420349,31.85881,31.115907,29.558377,29.563352,29.10376,29.146588,29.971944,27.254738,28.079839
545,30.860478,30.819227,28.949419,29.539003,33.420349,31.85881,31.115907,29.558377,29.563352,29.10376,29.146588,29.971944,27.254738,28.079839,28.848503
546,30.819227,28.949419,29.539003,33.420349,31.85881,31.115907,29.558377,29.563352,29.10376,29.146588,29.971944,27.254738,28.079839,28.848503,29.712257
547,28.949419,29.539003,33.420349,31.85881,31.115907,29.558377,29.563352,29.10376,29.146588,29.971944,27.254738,28.079839,28.848503,29.712257,27.908584
548,29.539003,33.420349,31.85881,31.115907,29.558377,29.563352,29.10376,29.146588,29.971944,27.254738,28.079839,28.848503,29.712257,27.908584,27.915185
549,33.420349,31.85881,31.115907,29.558377,29.563352,29.10376,29.146588,29.971944,27.254738,28.079839,28.848503,29.712257,27.908584,27.915185,26.923477
550,31.85881,31.115907,29.558377,29.563352,29.10376,29.146588,29.971944,27.254738,28.079839,28.848503,29.712257,27.908584,27.915185,26.923477,25.661357
551,31.115907,29.558377,29.563352,29.10376,29.146588,29.971944,27.254738,28.079839,28.848503,29.712257,27.908584,27.915185,26.923477,25.661357,26.302735
552,29.558377,29.563352,29.10376,29.146588,29.971944,27.254738,28.079839,28.848503,29.712257,27.908584,27.915185,26.923477,25.661357,26.302735,25.937844
553,29.563352,29.10376,29.146588,29.971944,27.254738,28.079839,28.848503,29.712257,27.908584,27.915185,26.923477,25.661357,26.302735,25.937844,26.198101
554,29.10376,29.146588,29.971944,27.254738,28.079839,28.848503,29.712257,27.908584,27.915185,26.923477,25.661357,26.302735,25.937844,26.198101,24.717572
555,29.146588,29.971944,27.254738,28.079839,28.848503,29.712257,27.908584,27.915185,26.923477,25.661357,26.302735,25.937844,26.198101,24.717572,24.745474
556,29.971944,27.254738,28.079839,28.848503,29.712257,27.908584,27.915185,26.923477,25.661357,26.302735,25.937844,26.198101,24.717572,24.745474,24.417825
557,27.254738,28.079839,28.848503,29.712257,27.908584,27.915185,26.923477,25.661357,26.302735,25.937844,26.198101,24.717572,24.745474,24.417825,24.996108
558,28.079839,28.848503,29.712257,27.908584,27.915185,26.923477,25.661357,26.302735,25.937844,26.198101,24.717572,24.745474,24.417825,24.996108,26.757927
559,28.848503,29.712257,27.908584,27.915185,26.923477,25.661357,26.302735,25.937844,26.198101,24.717572,24.745474,24.417825,24.996108,26.757927,28.570339
560,29.712257,27.908584,27.915185,26.923477,25.661357,26.302735,25.937844,26.198101,24.717572,24.745474,24.417825,24.996108,26.757927,28.570339,25.340179
561,27.908584,27.915185,26.923477,25.661357,26.302735,25.937844,26.198101,24.717572,24.745474,24.417825,24.996108,26.757927,28.570339,25.340179,24.400311
562,27.915185,26.923477,25.661357,26.302735,25.937844,26.198101,24.717572,24.745474,24.417825,24.996108,26.757927,28.570339,25.340179,24.400311,25.40764
563,26.923477,25.661357,26.302735,25.937844,26.198101,24.717572,24.745474,24.417825,24.996108,26.757927,28.570339,25.340179,24.400311,25.40764,26.255277
564,25.661357,26.302735,25.937844,26.198101,24.717572,24.745474,24.417825,24.996108,26.757927,28.570339,25.340179,24.400311,25.40764,26.255277,28.358075
565,26.302735,25.937844,26.198101,24.717572,24.745474,24.417825,24.996108,26.757927,28.570339,25.340179,24.400311,25.40764,26.255277,28.358075,28.084478
566,25.937844,26.198101,24.717572,24.745474,24.417825,24.996108,26.757927,28.570339,25.340179,24.400311,25.40764,26.255277,28.358075,28.084478,27.445244
567,26.198101,24.717572,24.745474,24.417825,24.996108,26.757927,28.570339,25.340179,24.400311,25.40764,26.255277,28.358075,28.084478,27.445244,28.765854
568,24.717572,24.745474,24.417825,24.996108,26.757927,28.570339,25.340179,24.400311,25.40764,26.255277,28.358075,28.084478,27.445244,28.765854,29.174422
569,24.745474,24.417825,24.996108,26.757927,28.570339,25.340179,24.400311,25.40764,26.255277,28.358075,28.084478,27.445244,28.765854,29.174422,26.410967
570,24.417825,24.996108,26.757927,28.570339,25.340179,24.400311,25.40764,26.255277,28.358075,28.084478,27.445244,28.765854,29.174422,26.410967,26.318013
571,24.996108,26.757927,28.570339,25.340179,24.400311,25.40764,26.255277,28.358075,28.084478,27.445244,28.765854,29.174422,26.410967,26.318013,26.205507
572,26.757927,28.570339,25.340179,24.400311,25.40764,26.255277,28.358075,28.084478,27.445244,28.765854,29.174422,26.410967,26.318013,26.205507,26.423446
573,28.570339,25.340179,24.400311,25.40764,26.255277,28.358075,28.084478,27.445244,28.765854,29.174422,26.410967,26.318013,26.205507,26.423446,28.714943
574,25.340179,24.400311,25.40764,26.255277,28.358075,28.084478,27.445244,28.765854,29.174422,26.410967,26.318013,26.205507,26.423446,28.714943,26.522628
575,24.400311,25.40764,26.255277,28.358075,28.084478,27.445244,28.765854,29.174422,26.410967,26.318013,26.205507,26.423446,28.714943,26.522628,26.88163
576,25.40764,26.255277,28.358075,28.084478,27.445244,28.765854,29.174422,26.410967,26.318013,26.205507,26.423446,28.714943,26.522628,26.88163,28.403868
577,26.255277,28.358075,28.084478,27.445244,28.765854,29.174422,26.410967,26.318013,26.205507,26.423446,28.714943,26.522628,26.88163,28.403868,30.544727
578,28.358075,28.084478,27.445244,28.765854,29.174422,26.410967,26.318013,26.205507,26.423446,28.714943,26.522628,26.88163,28.403868,30.544727,30.83477
579,28.084478,27.445244,28.765854,29.174422,26.410967,26.318013,26.205507,26.423446,28.714943,26.522628,26.88163,28.403868,30.544727,30.83477,31.268594
580,27.445244,28.765854,29.174422,26.410967,26.318013,26.205507,26.423446,28.714943,26.522628,26.88163,28.403868,30.544727,30.83477,31.268594,31.860878
581,28.765854,29.174422,26.410967,26.318013,26.205507,26.423446,28.714943,26.522628,26.88163,28.403868,30.544727,30.83477,31.268594,31.860878,34.634007
582,29.174422,26.410967,26.318013,26.205507,26.423446,28.714943,26.522628,26.88163,28.403868,30.544727,30.83477,31.268594,31.860878,34.634007,35.00229
583,26.410967,26.318013,26.205507,26.423446,28.714943,26.522628,26.88163,28.403868,30.544727,30.83477,31.268594,31.860878,34.634007,35.00229,36.214438
584,26.318013,26.205507,26.423446,28.714943,26.522628,26.88163,28.403868,30.544727,30.83477,31.268594,31.860878,34.634007,35.00229,36.214438,38.613653
585,26.205507,26.423446,28.714943,26.522628,26.88163,28.403868,30.544727,30.83477,31.268594,31.860878,34.634007,35.00229,36.214438,38.613653,41.193093
586,26.423446,28.714943,26.522628,26.88163,28.403868,30.544727,30.83477,31.268594,31.860878,34.634007,35.00229,36.214438,38.613653,41.193093,43.176705
587,28.714943,26.522628,26.88163,28.403868,30.544727,30.83477,31.268594,31.860878,34.634007,35.00229,36.214438,38.613653,41.193093,43.176705,46.302
588,26.522628,26.88163,28.403868,30.544727,30.83477,31.268594,31.860878,34.634007,35.00229,36.214438,38.613653,41.193093,43.176705,46.302,46.630455
589,26.88163,28.403868,30.544727,30.83477,31.268594,31.860878,34.634007,35.00229,36.214438,38.613653,41.193093,43.176705,46.302,46.630455,47.129331
590,28.403868,30.544727,30.83477,31.268594,31.860878,34.634007,35.00229,36.214438,38.613653,41.193093,43.176705,46.302,46.630455,47.129331,51.06129
591,30.544727,30.83477,31.268594,31.860878,34.634007,35.00229,36.214438,38.613653,41.193093,43.176705,46.302,46.630455,47.129331,51.06129,54.781974
592,30.83477,31.268594,31.860878,34.634007,35.00229,36.214438,38.613653,41.193093,43.176705,46.302,46.630455,47.129331,51.06129,54.781974,56.515002
593,31.268594,31.860878,34.634007,35.00229,36.214438,38.613653,41.193093,43.176705,46.302,46.630455,47.129331,51.06129,54.781974,56.515002,56.443518
594,31.860878,34.634007,35.00229,36.214438,38.613653,41.193093,43.176705,46.302,46.630455,47.129331,51.06129,54.781974,56.515002,56.443518,61.908789
595,34.634007,35.00229,36.214438,38.613653,41.193093,43.176705,46.302,46.630455,47.129331,51.06129,54.781974,56.515002,56.443518,61.908789,64.263007
596,35.00229,36.214438,38.613653,41.193093,43.176705,46.302,46.630455,47.129331,51.06129,54.781974,56.515002,56.443518,61.908789,64.263007,62.612037
597,36.214438,38.613653,41.193093,43.176705,46.302,46.630455,47.129331,51.06129,54.781974,56.515002,56.443518,61.908789,64.263007,62.612037,64.05499
598,38.613653,41.193093,43.176705,46.302,46.630455,47.129331,51.06129,54.781974,56.515002,56.443518,61.908789,64.263007,62.612037,64.05499,63.844022
599,41.193093,43.176705,46.302,46.630455,47.129331,51.06129,54.781974,56.515002,56.443518,61.908789,64.263007,62.612037,64.05499,63.844022,65.840341
600,43.176705,46.302,46.630455,47.129331,51.06129,54.781974,56.515002,56.443518,61.908789,64.263007,62.612037,64.05499,63.844022,65.840341,64.109405
601,46.302,46.630455,47.129331,51.06129,54.781974,56.515002,56.443518,61.908789,64.263007,62.612037,64.05499,63.844022,65.840341,64.109405,63.563534
602,46.630455,47.129331,51.06129,54.781974,56.515002,56.443518,61.908789,64.263007,62.612037,64.05499,63.844022,65.840341,64.109405,63.563534,62.887981
603,47.129331,51.06129,54.781974,56.515002,56.443518,61.908789,64.263007,62.612037,64.05499,63.844022,65.840341,64.109405,63.563534,62.887981,65.387323
604,51.06129,54.781974,56.515002,56.443518,61.908789,64.263007,62.612037,64.05499,63.844022,65.840341,64.109405,63.563534,62.887981,65.387323,66.883914
605,54.781974,56.515002,56.443518,61.908789,64.263007,62.612037,64.05499,63.844022,65.840341,64.109405,63.563534,62.887981,65.387323,66.883914,68.170983
606,56.515002,56.443518,61.908789,64.263007,62.612037,64.05499,63.844022,65.840341,64.109405,63.563534,62.887981,65.387323,66.883914,68.170983,67.785075
607,56.443518,61.908789,64.263007,62.612037,64.05499,63.844022,65.840341,64.109405,63.563534,62.887981,65.387323,66.883914,68.170983,67.785075,70.019834
608,61.908789,64.263007,62.612037,64.05499,63.844022,65.840341,64.109405,63.563534,62.887981,65.387323,66.883914,68.170983,67.785075,70.019834,69.084956
609,64.263007,62.612037,64.05499,63.844022,65.840341,64.109405,63.563534,62.887981,65.387323,66.883914,68.170983,67.785075,70.019834,69.084956,68.073451
610,62.612037,64.05499,63.844022,65.840341,64.109405,63.563534,62.887981,65.387323,66.883914,68.170983,67.785075,70.019834,69.084956,68.073451,67.03691
611,64.05499,63.844022,65.840341,64.109405,63.563534,62.887981,65.387323,66.883914,68.170983,67.785075,70.019834,69.084956,68.073451,67.03691,66.644572
612,63.844022,65.840341,64.109405,63.563534,62.887981,65.387323,66.883914,68.170983,67.785075,70.019834,69.084956,68.073451,67.03691,66.644572,66.740099
613,65.840341,64.109405,63.563534,62.887981,65.387323,66.883914,68.170983,67.785075,70.019834,69.084956,68.073451,67.03691,66.644572,66.740099,70.856248
614,64.109405,63.563534,62.887981,65.387323,66.883914,68.170983,67.785075,70.019834,69.084956,68.073451,67.03691,66.644572,66.740099,70.856248,71.30843
615,63.563534,62.887981,65.387323,66.883914,68.170983,67.785075,70.019834,69.084956,68.073451,67.03691,66.644572,66.740099,70.856248,71.30843,67.987154
616,62.887981,65.387323,66.883914,68.170983,67.785075,70.019834,69.084956,68.073451,67.03691,66.644572,66.740099,70.856248,71.30843,67.987154,67.996267
617,65.387323,66.883914,68.170983,67.785075,70.019834,69.084956,68.073451,67.03691,66.644572,66.740099,70.856248,71.30843,67.987154,67.996267,66.448265
618,66.883914,68.170983,67.785075,70.019834,69.084956,68.073451,67.03691,66.644572,66.740099,70.856248,71.30843,67.987154,67.996267,66.448265,64.946851
619,68.170983,67.785075,70.019834,69.084956,68.073451,67.03691,66.644572,66.740099,70.856248,71.30843,67.987154,67.996267,66.448265,64.946851,64.652933
620,67.785075,70.019834,69.084956,68.073451,67.03691,66.644572,66.740099,70.856248,71.30843,67.987154,67.996267,66.448265,64.946851,64.652933,64.062136
621,70.019834,69.084956,68.073451,67.03691,66.644572,66.740099,70.856248,71.30843,67.987154,67.996267,66.448265,64.946851,64.652933,64.062136,63.179136
622,69.084956,68.073451,67.03691,66.644572,66.740099,70.856248,71.30843,67.987154,67.996267,66.448265,64.946851,64.652933,64.062136,63.179136,63.304509
623,68.073451,67.03691,66.644572,66.740099,70.856248,71.30843,67.987154,67.996267,66.448265,64.946851,64.652933,64.062136,63.179136,63.304509,62.743882
624,67.03691,66.644572,66.740099,70.856248,71.30843,67.987154,67.996267,66.448265,64.946851,64.652933,64.062136,63.179136,63.304509,62.743882,60.801044
625,66.644572,66.740099,70.856248,71.30843,67.987154,67.996267,66.448265,64.946851,64.652933,64.062136,63.179136,63.304509,62.743882,60.801044,59.153246
626,66.740099,70.856248,71.30843,67.987154,67.996267,66.448265,64.946851,64.652933,64.062136,63.179136,63.304509,62.743882,60.801044,59.153246,62.183253
627,70.856248,71.30843,67.987154,67.996267,66.448265,64.946851,64.652933,64.062136,63.179136,63.304509,62.743882,60.801044,59.153246,62.183253,62.49278
628,71.30843,67.987154,67.996267,66.448265,64.946851,64.652933,64.062136,63.179136,63.304509,62.743882,60.801044,59.153246,62.183253,62.49278,63.97898
629,67.987154,67.996267,66.448265,64.946851,64.652933,64.062136,63.179136,63.304509,62.743882,60.801044,59.153246,62.183253,62.49278,63.97898,65.246926
630,67.996267,66.448265,64.946851,64.652933,64.062136,63.179136,63.304509,62.743882,60.801044,59.153246,62.183253,62.49278,63.97898,65.246926,63.33212
631,66.448265,64.946851,64.652933,64.062136,63.179136,63.304509,62.743882,60.801044,59.153246,62.183253,62.49278,63.97898,65.246926,63.33212,63.248074
632,64.946851,64.652933,64.062136,63.179136,63.304509,62.743882,60.801044,59.153246,62.183253,62.49278,63.97898,65.246926,63.33212,63.248074,61.91275
633,64.652933,64.062136,63.179136,63.304509,62.743882,60.801044,59.153246,62.183253,62.49278,63.97898,65.246926,63.33212,63.248074,61.91275,58.891461
634,64.062136,63.179136,63.304509,62.743882,60.801044,59.153246,62.183253,62.49278,63.97898,65.246926,63.33212,63.248074,61.91275,58.891461,56.285258
635,63.179136,63.304509,62.743882,60.801044,59.153246,62.183253,62.49278,63.97898,65.246926,63.33212,63.248074,61.91275,58.891461,56.285258,54.439923
636,63.304509,62.743882,60.801044,59.153246,62.183253,62.49278,63.97898,65.246926,63.33212,63.248074,61.91275,58.891461,56.285258,54.439923,53.371561
637,62.743882,60.801044,59.153246,62.183253,62.49278,63.97898,65.246926,63.33212,63.248074,61.91275,58.891461,56.285258,54.439923,53.371561,52.695734
638,60.801044,59.153246,62.183253,62.49278,63.97898,65.246926,63.33212,63.248074,61.91275,58.891461,56.285258,54.439923,53.371561,52.695734,50.402407
639,59.153246,62.183253,62.49278,63.97898,65.246926,63.33212,63.248074,61.91275,58.891461,56.285258,54.439923,53.371561,52.695734,50.402407,48.79416
640,62.183253,62.49278,63.97898,65.246926,63.33212,63.248074,61.91275,58.891461,56.285258,54.439923,53.371561,52.695734,50.402407,48.79416,47.376301
641,62.49278,63.97898,65.246926,63.33212,63.248074,61.91275,58.891461,56.285258,54.439923,53.371561,52.695734,50.402407,48.79416,47.376301,47.077361
642,63.97898,65.246926,63.33212,63.248074,61.91275,58.891461,56.285258,54.439923,53.371561,52.695734,50.402407,48.79416,47.376301,47.077361,45.562732
643,65.246926,63.33212,63.248074,61.91275,58.891461,56.285258,54.439923,53.371561,52.695734,50.402407,48.79416,47.376301,47.077361,45.562732,44.961072
644,63.33212,63.248074,61.91275,58.891461,56.285258,54.439923,53.371561,52.695734,50.402407,48.79416,47.376301,47.077361,45.562732,44.961072,44.923402
645,63.248074,61.91275,58.891461,56.285258,54.439923,53.371561,52.695734,50.402407,48.79416,47.376301,47.077361,45.562732,44.961072,44.923402,42.927224
646,61.91275,58.891461,56.285258,54.439923,53.371561,52.695734,50.402407,48.79416,47.376301,47.077361,45.562732,44.961072,44.923402,42.927224,42.639508
647,58.891461,56.285258,54.439923,53.371561,52.695734,50.402407,48.79416,47.376301,47.077361,45.562732,44.961072,44.923402,42.927224,42.639508,40.577471
648,56.285258,54.439923,53.371561,52.695734,50.402407,48.79416,47.376301,47.077361,45.562732,44.961072,44.923402,42.927224,42.639508,40.577471,39.246915
649,54.439923,53.371561,52.695734,50.402407,48.79416,47.376301,47.077361,45.562732,44.961072,44.923402,42.927224,42.639508,40.577471,39.246915,37.717639
650,53.371561,52.695734,50.402407,48.79416,47.376301,47.077361,45.562732,44.961072,44.923402,42.927224,42.639508,40.577471,39.246915,37.717639,37.043841
651,52.695734,50.402407,48.79416,47.376301,47.077361,45.562732,44.961072,44.923402,42.927224,42.639508,40.577471,39.246915,37.717639,37.043841,35.519194
652,50.402407,48.79416,47.376301,47.077361,45.562732,44.961072,44.923402,42.927224,42.639508,40.577471,39.246915,37.717639,37.043841,35.519194,33.851699
653,48.79416,47.376301,47.077361,45.562732,44.961072,44.923402,42.927224,42.639508,40.577471,39.246915,37.717639,37.043841,35.519194,33.851699,33.698354
654,47.376301,47.077361,45.562732,44.961072,44.923402,42.927224,42.639508,40.577471,39.246915,37.717639,37.043841,35.519194,33.851699,33.698354,33.976232
655,47.077361,45.562732,44.961072,44.923402,42.927224,42.639508,40.577471,39.246915,37.717639,37.043841,35.519194,33.851699,33.698354,33.976232,32.345848
656,45.562732,44.961072,44.923402,42.927224,42.639508,40.577471,39.246915,37.717639,37.043841,35.519194,33.851699,33.698354,33.976232,32.345848,31.78592
657,44.961072,44.923402,42.927224,42.639508,40.577471,39.246915,37.717639,37.043841,35.519194,33.851699,33.698354,33.976232,32.345848,31.78592,32.737273
658,44.923402,42.927224,42.639508,40.577471,39.246915,37.717639,37.043841,35.519194,33.851699,33.698354,33.976232,32.345848,31.78592,32.737273,31.764997
659,42.927224,42.639508,40.577471,39.246915,37.717639,37.043841,35.519194,33.851699,33.698354,33.976232,32.345848,31.78592,32.737273,31.764997,30.795657
660,42.639508,40.577471,39.246915,37.717639,37.043841,35.519194,33.851699,33.698354,33.976232,32.345848,31.78592,32.737273,31.764997,30.795657,30.87564
661,40.577471,39.246915,37.717639,37.043841,35.519194,33.851699,33.698354,33.976232,32.345848,31.78592,32.737273,31.764997,30.795657,30.87564,30.494643
662,39.246915,37.717639,37.043841,35.519194,33.851699,33.698354,33.976232,32.345848,31.78592,32.737273,31.764997,30.795657,30.87564,30.494643,29.447348
663,37.717639,37.043841,35.519194,33.851699,33.698354,33.976232,32.345848,31.78592,32.737273,31.764997,30.795657,30.87564,30.494643,29.447348,28.273822
664,37.043841,35.519194,33.851699,33.698354,33.976232,32.345848,31.78592,32.737273,31.764997,30.795657,30.87564,30.494643,29.447348,28.273822,27.999636
665,35.519194,33.851699,33.698354,33.976232,32.345848,31.78592,32.737273,31.764997,30.795657,30.87564,30.494643,29.447348,28.273822,27.999636,27.179626
666,33.851699,33.698354,33.976232,32.345848,31.78592,32.737273,31.764997,30.795657,30.87564,30.494643,29.447348,28.273822,27.999636,27.179626,26.824892
667,33.698354,33.976232,32.345848,31.78592,32.737273,31.764997,30.795657,30.87564,30.494643,29.447348,28.273822,27.999636,27.179626,26.824892,26.270255
668,33.976232,32.345848,31.78592,32.737273,31.764997,30.795657,30.87564,30.494643,29.447348,28.273822,27.999636,27.179626,26.824892,26.270255,25.12474
669,32.345848,31.78592,32.737273,31.764997,30.795657,30.87564,30.494643,29.447348,28.273822,27.999636,27.179626,26.824892,26.270255,25.12474,24.137022
670,31.78592,32.737273,31.764997,30.795657,30.87564,30.494643,29.447348,28.273822,27.999636,27.179626,26.824892,26.270255,25.12474,24.137022,22.492842
671,32.737273,31.764997,30.795657,30.87564,30.494643,29.447348,28.273822,27.999636,27.179626,26.824892,26.270255,25.12474,24.137022,22.492842,22.34944
672,31.764997,30.795657,30.87564,30.494643,29.447348,28.273822,27.999636,27.179626,26.824892,26.270255,25.12474,24.137022,22.492842,22.34944,21.597197
673,30.795657,30.87564,30.494643,29.447348,28.273822,27.999636,27.179626,26.824892,26.270255,25.12474,24.137022,22.492842,22.34944,21.597197,22.230868
674,30.87564,30.494643,29.447348,28.273822,27.999636,27.179626,26.824892,26.270255,25.12474,24.137022,22.492842,22.34944,21.597197,22.230868,21.766153
675,30.494643,29.447348,28.273822,27.999636,27.179626,26.824892,26.270255,25.12474,24.137022,22.492842,22.34944,21.597197,22.230868,21.766153,22.37659
676,29.447348,28.273822,27.999636,27.179626,26.824892,26.270255,25.12474,24.137022,22.492842,22.34944,21.597197,22.230868,21.766153,22.37659,22.074726
677,28.273822,27.999636,27.179626,26.824892,26.270255,25.12474,24.137022,22.492842,22.34944,21.597197,22.230868,21.766153,22.37659,22.074726,22.172749
678,27.999636,27.179626,26.824892,26.270255,25.12474,24.137022,22.492842,22.34944,21.597197,22.230868,21.766153,22.37659,22.074726,22.172749,21.812782
679,27.179626,26.824892,26.270255,25.12474,24.137022,22.492842,22.34944,21.597197,22.230868,21.766153,22.37659,22.074726,22.172749,21.812782,22.460152
680,26.824892,26.270255,25.12474,24.137022,22.492842,22.34944,21.597197,22.230868,21.766153,22.37659,22.074726,22.172749,21.812782,22.460152,22.452059
681,26.270255,25.12474,24.137022,22.492842,22.34944,21.597197,22.230868,21.766153,22.37659,22.074726,22.172749,21.812782,22.460152,22.452059,22.413076
682,25.12474,24.137022,22.492842,22.34944,21.597197,22.230868,21.766153,22.37659,22.074726,22.172749,21.812782,22.460152,22.452059,22.413076,21.763724
683,24.137022,22.492842,22.34944,21.597197,22.230868,21.766153,22.37659,22.074726,22.172749,21.812782,22.460152,22.452059,22.413076,21.763724,21.438413
684,22.492842,22.34944,21.597197,22.230868,21.766153,22.37659,22.074726,22.172749,21.812782,22.460152,22.452059,22.413076,21.763724,21.438413,20.821799
685,22.34944,21.597197,22.230868,21.766153,22.37659,22.074726,22.172749,21.812782,22.460152,22.452059,22.413076,21.763724,21.438413,20.821799,20.303214
686,21.597197,22.230868,21.766153,22.37659,22.074726,22.172749,21.812782,22.460152,22.452059,22.413076,21.763724,21.438413,20.821799,20.303214,19.740676
687,22.230868,21.766153,22.37659,22.074726,22.172749,21.812782,22.460152,22.452059,22.413076,21.763724,21.438413,20.821799,20.303214,19.740676,19.916961
688,21.766153,22.37659,22.074726,22.172749,21.812782,22.460152,22.452059,22.413076,21.763724,21.438413,20.821799,20.303214,19.740676,19.916961,20.303823
689,22.37659,22.074726,22.172749,21.812782,22.460152,22.452059,22.413076,21.763724,21.438413,20.821799,20.303214,19.740676,19.916961,20.303823,20.490051
690,22.074726,22.172749,21.812782,22.460152,22.452059,22.413076,21.763724,21.438413,20.821799,20.303214,19.740676,19.916961,20.303823,20.490051,18.893058
691,22.172749,21.812782,22.460152,22.452059,22.413076,21.763724,21.438413,20.821799,20.303214,19.740676,19.916961,20.303823,20.490051,18.893058,18.518834
692,21.812782,22.460152,22.452059,22.413076,21.763724,21.438413,20.821799,20.303214,19.740676,19.916961,20.303823,20.490051,18.893058,18.518834,17.624476
693,22.460152,22.452059,22.413076,21.763724,21.438413,20.821799,20.303214,19.740676,19.916961,20.303823,20.490051,18.893058,18.518834,17.624476,16.959233
694,22.452059,22.413076,21.763724,21.438413,20.821799,20.303214,19.740676,19.916961,20.303823,20.490051,18.893058,18.518834,17.624476,16.959233,17.37986
695,22.413076,21.763724,21.438413,20.821799,20.303214,19.740676,19.916961,20.303823,20.490051,18.893058,18.518834,17.624476,16.959233,17.37986,17.234435
696,21.763724,21.438413,20.821799,20.303214,19.740676,19.916961,20.303823,20.490051,18.893058,18.518834,17.624476,16.959233,17.37986,17.234435,18.230537
697,21.438413,20.821799,20.303214,19.740676,19.916961,20.303823,20.490051,18.893058,18.518834,17.624476,16.959233,17.37986,17.234435,18.230537,17.772676
698,20.821799,20.303214,19.740676,19.916961,20.303823,20.490051,18.893058,18.518834,17.624476,16.959233,17.37986,17.234435,18.230537,17.772676,16.653708
699,20.303214,19.740676,19.916961,20.303823,20.490051,18.893058,18.518834,17.624476,16.959233,17.37986,17.234435,18.230537,17.772676,16.653708,17.499436
700,19.740676,19.916961,20.303823,20.490051,18.893058,18.518834,17.624476,16.959233,17.37986,17.234435,18.230537,17.772676,16.653708,17.499436,18.001284
701,19.916961,20.303823,20.490051,18.893058,18.518834,17.624476,16.959233,17.37986,17.234435,18.230537,17.772676,16.653708,17.499436,18.001284,17.855241
702,20.303823,20.490051,18.893058,18.518834,17.624476,16.959233,17.37986,17.234435,18.230537,17.772676,16.653708,17.499436,18.001284,17.855241,17.217045
703,20.490051,18.893058,18.518834,17.624476,16.959233,17.37986,17.234435,18.230537,17.772676,16.653708,17.499436,18.001284,17.855241,17.217045,16.807191
704,18.893058,18.518834,17.624476,16.959233,17.37986,17.234435,18.230537,17.772676,16.653708,17.499436,18.001284,17.855241,17.217045,16.807191,15.79268
705,18.518834,17.624476,16.959233,17.37986,17.234435,18.230537,17.772676,16.653708,17.499436,18.001284,17.855241,17.217045,16.807191,15.79268,15.362293
706,17.624476,16.959233,17.37986,17.234435,18.230537,17.772676,16.653708,17.499436,18.001284,17.855241,17.217045,16.807191,15.79268,15.362293,16.211213
707,16.959233,17.37986,17.234435,18.230537,17.772676,16.653708,17.499436,18.001284,17.855241,17.217045,16.807191,15.79268,15.362293,16.211213,16.795215
708,17.37986,17.234435,18.230537,17.772676,16.653708,17.499436,18.001284,17.855241,17.217045,16.807191,15.79268,15.362293,16.211213,16.795215,16.47692
709,17.234435,18.230537,17.772676,16.653708,17.499436,18.001284,17.855241,17.217045,16.807191,15.79268,15.362293,16.211213,16.795215,16.47692,17.804592
710,18.230537,17.772676,16.653708,17.499436,18.001284,17.855241,17.217045,16.807191,15.79268,15.362293,16.211213,16.795215,16.47692,17.804592,17.653038
711,17.772676,16.653708,17.499436,18.001284,17.855241,17.217045,16.807191,15.79268,15.362293,16.211213,16.795215,16.47692,17.804592,17.653038,17.268834
712,16.653708,17.499436,18.001284,17.855241,17.217045,16.807191,15.79268,15.362293,16.211213,16.795215,16.47692,17.804592,17.653038,17.268834,17.996338
713,17.499436,18.001284,17.855241,17.217045,16.807191,15.79268,15.362293,16.211213,16.795215,16.47692,17.804592,17.653038,17.268834,17.996338,18.38815
714,18.001284,17.855241,17.217045,16.807191,15.79268,15.362293,16.211213,16.795215,16.47692,17.804592,17.653038,17.268834,17.996338,18.38815,18.125917
715,17.855241,17.217045,16.807191,15.79268,15.362293,16.211213,16.795215,16.47692,17.804592,17.653038,17.268834,17.996338,18.38815,18.125917,18.640274
716,17.217045,16.807191,15.79268,15.362293,16.211213,16.795215,16.47692,17.804592,17.653038,17.268834,17.996338,18.38815,18.125917,18.640274,16.653506
717,16.807191,15.79268,15.362293,16.211213,16.795215,16.47692,17.804592,17.653038,17.268834,17.996338,18.38815,18.125917,18.640274,16.653506,17.220389
718,15.79268,15.362293,16.211213,16.795215,16.47692,17.804592,17.653038,17.268834,17.996338,18.38815,18.125917,18.640274,16.653506,17.220389,16.461287
719,15.362293,16.211213,16.795215,16.47692,17.804592,17.653038,17.268834,17.996338,18.38815,18.125917,18.640274,16.653506,17.220389,16.461287,17.833603
720,16.211213,16.795215,16.47692,17.804592,17.653038,17.268834,17.996338,18.38815,18.125917,18.640274,16.653506,17.220389,16.461287,17.833603,19.058979
721,16.795215,16.47692,17.804592,17.653038,17.268834,17.996338,18.38815,18.125917,18.640274,16.653506,17.220389,16.461287,17.833603,19.058979,18.160627
722,16.47692,17.804592,17.653038,17.268834,17.996338,18.38815,18.125917,18.640274,16.653506,17.220389,16.461287,17.833603,19.058979,18.160627,17.675874
723,17.804592,17.653038,17.268834,17.996338,18.38815,18.125917,18.640274,16.653506,17.220389,16.461287,17.833603,19.058979,18.160627,17.675874,17.046156
724,17.653038,17.268834,17.996338,18.38815,18.125917,18.640274,16.653506,17.220389,16.461287,17.833603,19.058979,18.160627,17.675874,17.046156,16.304274
725,17.268834,17.996338,18.38815,18.125917,18.640274,16.653506,17.220389,16.461287,17.833603,19.058979,18.160627,17.675874,17.046156,16.304274,16.355249
726,17.996338,18.38815,18.125917,18.640274,16.653506,17.220389,16.461287,17.833603,19.058979,18.160627,17.675874,17.046156,16.304274,16.355249,16.034936
727,18.38815,18.125917,18.640274,16.653506,17.220389,16.461287,17.833603,19.058979,18.160627,17.675874,17.046156,16.304274,16.355249,16.034936,17.131368
728,18.125917,18.640274,16.653506,17.220389,16.461287,17.833603,19.058979,18.160627,17.675874,17.046156,16.304274,16.355249,16.034936,17.131368,19.162141
729,18.640274,16.653506,17.220389,16.461287,17.833603,19.058979,18.160627,17.675874,17.046156,16.304274,16.355249,16.034936,17.131368,19.162141,20.595072
730,16.653506,17.220389,16.461287,17.833603,19.058979,18.160627,17.675874,17.046156,16.304274,16.355249,16.034936,17.131368,19.162141,20.595072,20.90569
731,17.220389,16.461287,17.833603,19.058979,18.160627,17.675874,17.046156,16.304274,16.355249,16.034936,17.131368,19.162141,20.595072,20.90569,20.504011
732,16.461287,17.833603,19.058979,18.160627,17.675874,17.046156,16.304274,16.355249,16.034936,17.131368,19.162141,20.595072,20.90569,20.504011,20.67096
733,17.833603,19.058979,18.160627,17.675874,17.046156,16.304274,16.355249,16.034936,17.131368,19.162141,20.595072,20.90569,20.504011,20.67096,19.74031
734,19.058979,18.160627,17.675874,17.046156,16.304274,16.355249,16.034936,17.131368,19.162141,20.595072,20.90569,20.504011,20.67096,19.74031,18.709231
735,18.160627,17.675874,17.046156,16.304274,16.355249,16.034936,17.131368,19.162141,20.595072,20.90569,20.504011,20.67096,19.74031,18.709231,17.511925
736,17.675874,17.046156,16.304274,16.355249,16.034936,17.131368,19.162141,20.595072,20.90569,20.504011,20.67096,19.74031,18.709231,17.511925,18.252361
737,17.046156,16.304274,16.355249,16.034936,17.131368,19.162141,20.595072,20.90569,20.504011,20.67096,19.74031,18.709231,17.511925,18.252361,15.647236
738,16.304274,16.355249,16.034936,17.131368,19.162141,20.595072,20.90569,20.504011,20.67096,19.74031,18.709231,17.511925,18.252361,15.647236,18.215537
739,16.355249,16.034936,17.131368,19.162141,20.595072,20.90569,20.504011,20.67096,19.74031,18.709231,17.511925,18.252361,15.647236,18.215537,19.374583
740,16.034936,17.131368,19.162141,20.595072,20.90569,20.504011,20.67096,19.74031,18.709231,17.511925,18.252361,15.647236,18.215537,19.374583,21.88064
741,17.131368,19.162141,20.595072,20.90569,20.504011,20.67096,19.74031,18.709231,17.511925,18.252361,15.647236,18.215537,19.374583,21.88064,21.505338
742,19.162141,20.595072,20.90569,20.504011,20.67096,19.74031,18.709231,17.511925,18.252361,15.647236,18.215537,19.374583,21.88064,21.505338,20.613061
743,20.595072,20.90569,20.504011,20.67096,19.74031,18.709231,17.511925,18.252361,15.647236,18.215537,19.374583,21.88064,21.505338,20.613061,20.113779
744,20.90569,20.504011,20.67096,19.74031,18.709231,17.511925,18.252361,15.647236,18.215537,19.374583,21.88064,21.505338,20.613061,20.113779,21.969087
745,20.504011,20.67096,19.74031,18.709231,17.511925,18.252361,15.647236,18.215537,19.374583,21.88064,21.505338,20.613061,20.113779,21.969087,21.850028
746,20.67096,19.74031,18.709231,17.511925,18.252361,15.647236,18.215537,19.374583,21.88064,21.505338,20.613061,20.113779,21.969087,21.850028,20.780263
747,19.74031,18.709231,17.511925,18.252361,15.647236,18.215537,19.374583,21.88064,21.505338,20.613061,20.113779,21.969087,21.850028,20.780263,19.719829
748,18.709231,17.511925,18.252361,15.647236,18.215537,19.374583,21.88064,21.505338,20.613061,20.113779,21.969087,21.850028,20.780263,19.719829,19.22085
749,17.511925,18.252361,15.647236,18.215537,19.374583,21.88064,21.505338,20.613061,20.113779,21.969087,21.850028,20.780263,19.719829,19.22085,19.329499
750,18.252361,15.647236,18.215537,19.374583,21.88064,21.505338,20.613061,20.113779,21.969087,21.850028,20.780263,19.719829,19.22085,19.329499,18.896025
751,15.647236,18.215537,19.374583,21.88064,21.505338,20.613061,20.113779,21.969087,21.850028,20.780263,19.719829,19.22085,19.329499,18.896025,18.581024
752,18.215537,19.374583,21.88064,21.505338,20.613061,20.113779,21.969087,21.850028,20.780263,19.719829,19.22085,19.329499,18.896025,18.581024,17.985659
753,19.374583,21.88064,21.505338,20.613061,20.113779,21.969087,21.850028,20.780263,19.719829,19.22085,19.329499,18.896025,18.581024,17.985659,18.159345
754,21.88064,21.505338,20.613061,20.113779,21.969087,21.850028,20.780263,19.719829,19.22085,19.329499,18.896025,18.581024,17.985659,18.159345,16.937158
755,21.505338,20.613061,20.113779,21.969087,21.850028,20.780263,19.719829,19.22085,19.329499,18.896025,18.581024,17.985659,18.159345,16.937158,16.569319
756,20.613061,20.113779,21.969087,21.850028,20.780263,19.719829,19.22085,19.329499,18.896025,18.581024,17.985659,18.159345,16.937158,16.569319,19.165784
757,20.113779,21.969087,21.850028,20.780263,19.719829,19.22085,19.329499,18.896025,18.581024,17.985659,18.159345,16.937158,16.569319,19.165784,20.765848
758,21.969087,21.850028,20.780263,19.719829,19.22085,19.329499,18.896025,18.581024,17.985659,18.159345,16.937158,16.569319,19.165784,20.765848,18.820938
759,21.850028,20.780263,19.719829,19.22085,19.329499,18.896025,18.581024,17.985659,18.159345,16.937158,16.569319,19.165784,20.765848,18.820938,21.742522
760,20.780263,19.719829,19.22085,19.329499,18.896025,18.581024,17.985659,18.159345,16.937158,16.569319,19.165784,20.765848,18.820938,21.742522,19.735981
761,19.719829,19.22085,19.329499,18.896025,18.581024,17.985659,18.159345,16.937158,16.569319,19.165784,20.765848,18.820938,21.742522,19.735981,20.946896
762,19.22085,19.329499,18.896025,18.581024,17.985659,18.159345,16.937158,16.569319,19.165784,20.765848,18.820938,21.742522,19.735981,20.946896,21.514108
763,19.329499,18.896025,18.581024,17.985659,18.159345,16.937158,16.569319,19.165784,20.765848,18.820938,21.742522,19.735981,20.946896,21.514108,25.852043
764,18.896025,18.581024,17.985659,18.159345,16.937158,16.569319,19.165784,20.765848,18.820938,21.742522,19.735981,20.946896,21.514108,25.852043,25.409251
765,18.581024,17.985659,18.159345,16.937158,16.569319,19.165784,20.765848,18.820938,21.742522,19.735981,20.946896,21.514108,25.852043,25.409251,24.866199
766,17.985659,18.159345,16.937158,16.569319,19.165784,20.765848,18.820938,21.742522,19.735981,20.946896,21.514108,25.852043,25.409251,24.866199,23.659459
767,18.159345,16.937158,16.569319,19.165784,20.765848,18.820938,21.742522,19.735981,20.946896,21.514108,25.852043,25.409251,24.866199,23.659459,23.45827
768,16.937158,16.569319,19.165784,20.765848,18.820938,21.742522,19.735981,20.946896,21.514108,25.852043,25.409251,24.866199,23.659459,23.45827,23.66194
769,16.569319,19.165784,20.765848,18.820938,21.742522,19.735981,20.946896,21.514108,25.852043,25.409251,24.866199,23.659459,23.45827,23.66194,23.999878
770,19.165784,20.765848,18.820938,21.742522,19.735981,20.946896,21.514108,25.852043,25.409251,24.866199,23.659459,23.45827,23.66194,23.999878,25.259551
771,20.765848,18.820938,21.742522,19.735981,20.946896,21.514108,25.852043,25.409251,24.866199,23.659459,23.45827,23.66194,23.999878,25.259551,26.26649
772,18.820938,21.742522,19.735981,20.946896,21.514108,25.852043,25.409251,24.866199,23.659459,23.45827,23.66194,23.999878,25.259551,26.26649,25.112742
773,21.742522,19.735981,20.946896,21.514108,25.852043,25.409251,24.866199,23.659459,23.45827,23.66194,23.999878,25.259551,26.26649,25.112742,24.456895
774,19.735981,20.946896,21.514108,25.852043,25.409251,24.866199,23.659459,23.45827,23.66194,23.999878,25.259551,26.26649,25.112742,24.456895,23.140458
775,20.946896,21.514108,25.852043,25.409251,24.866199,23.659459,23.45827,23.66194,23.999878,25.259551,26.26649,25.112742,24.456895,23.140458,23.239284
776,21.514108,25.852043,25.409251,24.866199,23.659459,23.45827,23.66194,23.999878,25.259551,26.26649,25.112742,24.456895,23.140458,23.239284,22.413078
777,25.852043,25.409251,24.866199,23.659459,23.45827,23.66194,23.999878,25.259551,26.26649,25.112742,24.456895,23.140458,23.239284,22.413078,20.904674
778,25.409251,24.866199,23.659459,23.45827,23.66194,23.999878,25.259551,26.26649,25.112742,24.456895,23.140458,23.239284,22.413078,20.904674,20.019831
779,24.866199,23.659459,23.45827,23.66194,23.999878,25.259551,26.26649,25.112742,24.456895,23.140458,23.239284,22.413078,20.904674,20.019831,18.614061
780,23.659459,23.45827,23.66194,23.999878,25.259551,26.26649,25.112742,24.456895,23.140458,23.239284,22.413078,20.904674,20.019831,18.614061,19.294239
781,23.45827,23.66194,23.999878,25.259551,26.26649,25.112742,24.456895,23.140458,23.239284,22.413078,20.904674,20.019831,18.614061,19.294239,20.373006
782,23.66194,23.999878,25.259551,26.26649,25.112742,24.456895,23.140458,23.239284,22.413078,20.904674,20.019831,18.614061,19.294239,20.373006,22.77025
783,23.999878,25.259551,26.26649,25.112742,24.456895,23.140458,23.239284,22.413078,20.904674,20.019831,18.614061,19.294239,20.373006,22.77025,19.73672
784,25.259551,26.26649,25.112742,24.456895,23.140458,23.239284,22.413078,20.904674,20.019831,18.614061,19.294239,20.373006,22.77025,19.73672,21.557888
785,26.26649,25.112742,24.456895,23.140458,23.239284,22.413078,20.904674,20.019831,18.614061,19.294239,20.373006,22.77025,19.73672,21.557888,21.498314
786,25.112742,24.456895,23.140458,23.239284,22.413078,20.904674,20.019831,18.614061,19.294239,20.373006,22.77025,19.73672,21.557888,21.498314,19.638673
787,24.456895,23.140458,23.239284,22.413078,20.904674,20.019831,18.614061,19.294239,20.373006,22.77025,19.73672,21.557888,21.498314,19.638673,19.992027
788,23.140458,23.239284,22.413078,20.904674,20.019831,18.614061,19.294239,20.373006,22.77025,19.73672,21.557888,21.498314,19.638673,19.992027,20.133906
789,23.239284,22.413078,20.904674,20.019831,18.614061,19.294239,20.373006,22.77025,19.73672,21.557888,21.498314,19.638673,19.992027,20.133906,18.007155
790,22.413078,20.904674,20.019831,18.614061,19.294239,20.373006,22.77025,19.73672,21.557888,21.498314,19.638673,19.992027,20.133906,18.007155,18.624962
791,20.904674,20.019831,18.614061,19.294239,20.373006,22.77025,19.73672,21.557888,21.498314,19.638673,19.992027,20.133906,18.007155,18.624962,17.937564
792,20.019831,18.614061,19.294239,20.373006,22.77025,19.73672,21.557888,21.498314,19.638673,19.992027,20.133906,18.007155,18.624962,17.937564,17.687207
793,18.614061,19.294239,20.373006,22.77025,19.73672,21.557888,21.498314,19.638673,19.992027,20.133906,18.007155,18.624962,17.937564,17.687207,20.396513
794,19.294239,20.373006,22.77025,19.73672,21.557888,21.498314,19.638673,19.992027,20.133906,18.007155,18.624962,17.937564,17.687207,20.396513,20.763636
795,20.373006,22.77025,19.73672,21.557888,21.498314,19.638673,19.992027,20.133906,18.007155,18.624962,17.937564,17.687207,20.396513,20.763636,21.613168
796,22.77025,19.73672,21.557888,21.498314,19.638673,19.992027,20.133906,18.007155,18.624962,17.937564,17.687207,20.396513,20.763636,21.613168,21.530805
797,19.73672,21.557888,21.498314,19.638673,19.992027,20.133906,18.007155,18.624962,17.937564,17.687207,20.396513,20.763636,21.613168,21.530805,22.030334
798,21.557888,21.498314,19.638673,19.992027,20.133906,18.007155,18.624962,17.937564,17.687207,20.396513,20.763636,21.613168,21.530805,22.030334,22.642225
799,21.498314,19.638673,19.992027,20.133906,18.007155,18.624962,17.937564,17.687207,20.396513,20.763636,21.613168,21.530805,22.030334,22.642225,22.1585
800,19.638673,19.992027,20.133906,18.007155,18.624962,17.937564,17.687207,20.396513,20.763636,21.613168,21.530805,22.030334,22.642225,22.1585,21.29854
801,19.992027,20.133906,18.007155,18.624962,17.937564,17.687207,20.396513,20.763636,21.613168,21.530805,22.030334,22.642225,22.1585,21.29854,24.33007
802,20.133906,18.007155,18.624962,17.937564,17.687207,20.396513,20.763636,21.613168,21.530805,22.030334,22.642225,22.1585,21.29854,24.33007,23.219588
803,18.007155,18.624962,17.937564,17.687207,20.396513,20.763636,21.613168,21.530805,22.030334,22.642225,22.1585,21.29854,24.33007,23.219588,22.606191
804,18.624962,17.937564,17.687207,20.396513,20.763636,21.613168,21.530805,22.030334,22.642225,22.1585,21.29854,24.33007,23.219588,22.606191,21.472104
805,17.937564,17.687207,20.396513,20.763636,21.613168,21.530805,22.030334,22.642225,22.1585,21.29854,24.33007,23.219588,22.606191,21.472104,22.01779
806,17.687207,20.396513,20.763636,21.613168,21.530805,22.030334,22.642225,22.1585,21.29854,24.33007,23.219588,22.606191,21.472104,22.01779,21.034644
807,20.396513,20.763636,21.613168,21.530805,22.030334,22.642225,22.1585,21.29854,24.33007,23.219588,22.606191,21.472104,22.01779,21.034644,22.676222
808,20.763636,21.613168,21.530805,22.030334,22.642225,22.1585,21.29854,24.33007,23.219588,22.606191,21.472104,22.01779,21.034644,22.676222,22.354279
809,21.613168,21.530805,22.030334,22.642225,22.1585,21.29854,24.33007,23.219588,22.606191,21.472104,22.01779,21.034644,22.676222,22.354279,21.935018
810,21.530805,22.030334,22.642225,22.1585,21.29854,24.33007,23.219588,22.606191,21.472104,22.01779,21.034644,22.676222,22.354279,21.935018,22.340607
811,22.030334,22.642225,22.1585,21.29854,24.33007,23.219588,22.606191,21.472104,22.01779,21.034644,22.676222,22.354279,21.935018,22.340607,22.36396
812,22.642225,22.1585,21.29854,24.33007,23.219588,22.606191,21.472104,22.01779,21.034644,22.676222,22.354279,21.935018,22.340607,22.36396,21.481847
813,22.1585,21.29854,24.33007,23.219588,22.606191,21.472104,22.01779,21.034644,22.676222,22.354279,21.935018,22.340607,22.36396,21.481847,22.380623
814,21.29854,24.33007,23.219588,22.606191,21.472104,22.01779,21.034644,22.676222,22.354279,21.935018,22.340607,22.36396,21.481847,22.380623,21.553494
815,24.33007,23.219588,22.606191,21.472104,22.01779,21.034644,22.676222,22.354279,21.935018,22.340607,22.36396,21.481847,22.380623,21.553494,21.881759
816,23.219588,22.606191,21.472104,22.01779,21.034644,22.676222,22.354279,21.935018,22.340607,22.36396,21.481847,22.380623,21.553494,21.881759,21.15849
817,22.606191,21.472104,22.01779,21.034644,22.676222,22.354279,21.935018,22.340607,22.36396,21.481847,22.380623,21.553494,21.881759,21.15849,21.071618
818,21.472104,22.01779,21.034644,22.676222,22.354279,21.935018,22.340607,22.36396,21.481847,22.380623,21.553494,21.881759,21.15849,21.071618,19.342707
819,22.01779,21.034644,22.676222,22.354279,21.935018,22.340607,22.36396,21.481847,22.380623,21.553494,21.881759,21.15849,21.071618,19.342707,19.564916
820,21.034644,22.676222,22.354279,21.935018,22.340607,22.36396,21.481847,22.380623,21.553494,21.881759,21.15849,21.071618,19.342707,19.564916,20.505706
821,22.676222,22.354279,21.935018,22.340607,22.36396,21.481847,22.380623,21.553494,21.881759,21.15849,21.071618,19.342707,19.564916,20.505706,21.017134
822,22.354279,21.935018,22.340607,22.36396,21.481847,22.380623,21.553494,21.881759,21.15849,21.071618,19.342707,19.564916,20.505706,21.017134,22.206896
823,21.935018,22.340607,22.36396,21.481847,22.380623,21.553494,21.881759,21.15849,21.071618,19.342707,19.564916,20.505706,21.017134,22.206896,22.897602
824,22.340607,22.36396,21.481847,22.380623,21.553494,21.881759,21.15849,21.071618,19.342707,19.564916,20.505706,21.017134,22.206896,22.897602,21.803225
825,22.36396,21.481847,22.380623,21.553494,21.881759,21.15849,21.071618,19.342707,19.564916,20.505706,21.017134,22.206896,22.897602,21.803225,20.741918
826,21.481847,22.380623,21.553494,21.881759,21.15849,21.071618,19.342707,19.564916,20.505706,21.017134,22.206896,22.897602,21.803225,20.741918,20.750308
827,22.380623,21.553494,21.881759,21.15849,21.071618,19.342707,19.564916,20.505706,21.017134,22.206896,22.897602,21.803225,20.741918,20.750308,20.853814
828,21.553494,21.881759,21.15849,21.071618,19.342707,19.564916,20.505706,21.017134,22.206896,22.897602,21.803225,20.741918,20.750308,20.853814,21.423503
829,21.881759,21.15849,21.071618,19.342707,19.564916,20.505706,21.017134,22.206896,22.897602,21.803225,20.741918,20.750308,20.853814,21.423503,20.588021
830,21.15849,21.071618,19.342707,19.564916,20.505706,21.017134,22.206896,22.897602,21.803225,20.741918,20.750308,20.853814,21.423503,20.588021,21.482783
831,21.071618,19.342707,19.564916,20.505706,21.017134,22.206896,22.897602,21.803225,20.741918,20.750308,20.853814,21.423503,20.588021,21.482783,21.881006
832,19.342707,19.564916,20.505706,21.017134,22.206896,22.897602,21.803225,20.741918,20.750308,20.853814,21.423503,20.588021,21.482783,21.881006,23.136174
833,19.564916,20.505706,21.017134,22.206896,22.897602,21.803225,20.741918,20.750308,20.853814,21.423503,20.588021,21.482783,21.881006,23.136174,23.15892
834,20.505706,21.017134,22.206896,22.897602,21.803225,20.741918,20.750308,20.853814,21.423503,20.588021,21.482783,21.881006,23.136174,23.15892,23.176789
835,21.017134,22.206896,22.897602,21.803225,20.741918,20.750308,20.853814,21.423503,20.588021,21.482783,21.881006,23.136174,23.15892,23.176789,22.91557
836,22.206896,22.897602,21.803225,20.741918,20.750308,20.853814,21.423503,20.588021,21.482783,21.881006,23.136174,23.15892,23.176789,22.91557,23.376803
837,22.897602,21.803225,20.741918,20.750308,20.853814,21.423503,20.588021,21.482783,21.881006,23.136174,23.15892,23.176789,22.91557,23.376803,28.597309
838,21.803225,20.741918,20.750308,20.853814,21.423503,20.588021,21.482783,21.881006,23.136174,23.15892,23.176789,22.91557,23.376803,28.597309,33.128284
839,20.741918,20.750308,20.853814,21.423503,20.588021,21.482783,21.881006,23.136174,23.15892,23.176789,22.91557,23.376803,28.597309,33.128284,35.511127
840,20.750308,20.853814,21.423503,20.588021,21.482783,21.881006,23.136174,23.15892,23.176789,22.91557,23.376803,28.597309,33.128284,35.511127,32.551126
841,20.853814,21.423503,20.588021,21.482783,21.881006,23.136174,23.15892,23.176789,22.91557,23.376803,28.597309,33.128284,35.511127,32.551126,30.644254
842,21.423503,20.588021,21.482783,21.881006,23.136174,23.15892,23.176789,22.91557,23.376803,28.597309,33.128284,35.511127,32.551126,30.644254,32.229849
843,20.588021,21.482783,21.881006,23.136174,23.15892,23.176789,22.91557,23.376803,28.597309,33.128284,35.511127,32.551126,30.644254,32.229849,31.243921
844,21.482783,21.881006,23.136174,23.15892,23.176789,22.91557,23.376803,28.597309,33.128284,35.511127,32.551126,30.644254,32.229849,31.243921,31.416874
845,21.881006,23.136174,23.15892,23.176789,22.91557,23.376803,28.597309,33.128284,35.511127,32.551126,30.644254,32.229849,31.243921,31.416874,34.39039
846,23.136174,23.15892,23.176789,22.91557,23.376803,28.597309,33.128284,35.511127,32.551126,30.644254,32.229849,31.243921,31.416874,34.39039,30.253868
847,23.15892,23.176789,22.91557,23.376803,28.597309,33.128284,35.511127,32.551126,30.644254,32.229849,31.243921,31.416874,34.39039,30.253868,24.523178
848,23.176789,22.91557,23.376803,28.597309,33.128284,35.511127,32.551126,30.644254,32.229849,31.243921,31.416874,34.39039,30.253868,24.523178,27.288468
849,22.91557,23.376803,28.597309,33.128284,35.511127,32.551126,30.644254,32.229849,31.243921,31.416874,34.39039,30.253868,24.523178,27.288468,32.787699
850,23.376803,28.597309,33.128284,35.511127,32.551126,30.644254,32.229849,31.243921,31.416874,34.39039,30.253868,24.523178,27.288468,32.787699,33.560966
851,28.597309,33.128284,35.511127,32.551126,30.644254,32.229849,31.243921,31.416874,34.39039,30.253868,24.523178,27.288468,32.787699,33.560966,28.560707
852,33.128284,35.511127,32.551126,30.644254,32.229849,31.243921,31.416874,34.39039,30.253868,24.523178,27.288468,32.787699,33.560966,28.560707,20.222954
853,35.511127,32.551126,30.644254,32.229849,31.243921,31.416874,34.39039,30.253868,24.523178,27.288468,32.787699,33.560966,28.560707,20.222954,20.792628
854,32.551126,30.644254,32.229849,31.243921,31.416874,34.39039,30.253868,24.523178,27.288468,32.787699,33.560966,28.560707,20.222954,20.792628,21.053827
855,30.644254,32.229849,31.243921,31.416874,34.39039,30.253868,24.523178,27.288468,32.787699,33.560966,28.560707,20.222954,20.792628,21.053827,21.83048
856,32.229849,31.243921,31.416874,34.39039,30.253868,24.523178,27.288468,32.787699,33.560966,28.560707,20.222954,20.792628,21.053827,21.83048,22.348263
857,31.243921,31.416874,34.39039,30.253868,24.523178,27.288468,32.787699,33.560966,28.560707,20.222954,20.792628,21.053827,21.83048,22.348263,21.500152
858,31.416874,34.39039,30.253868,24.523178,27.288468,32.787699,33.560966,28.560707,20.222954,20.792628,21.053827,21.83048,22.348263,21.500152,21.433887
859,34.39039,30.253868,24.523178,27.288468,32.787699,33.560966,28.560707,20.222954,20.792628,21.053827,21.83048,22.348263,21.500152,21.433887,21.017544
860,30.253868,24.523178,27.288468,32.787699,33.560966,28.560707,20.222954,20.792628,21.053827,21.83048,22.348263,21.500152,21.433887,21.017544,22.663245
861,24.523178,27.288468,32.787699,33.560966,28.560707,20.222954,20.792628,21.053827,21.83048,22.348263,21.500152,21.433887,21.017544,22.663245,24.251208
862,27.288468,32.787699,33.560966,28.560707,20.222954,20.792628,21.053827,21.83048,22.348263,21.500152,21.433887,21.017544,22.663245,24.251208,22.257212
863,32.787699,33.560966,28.560707,20.222954,20.792628,21.053827,21.83048,22.348263,21.500152,21.433887,21.017544,22.663245,24.251208,22.257212,21.825091
864,33.560966,28.560707,20.222954,20.792628,21.053827,21.83048,22.348263,21.500152,21.433887,21.017544,22.663245,24.251208,22.257212,21.825091,24.360403
865,28.560707,20.222954,20.792628,21.053827,21.83048,22.348263,21.500152,21.433887,21.017544,22.663245,24.251208,22.257212,21.825091,24.360403,24.201285
866,20.222954,20.792628,21.053827,21.83048,22.348263,21.500152,21.433887,21.017544,22.663245,24.251208,22.257212,21.825091,24.360403,24.201285,26.11427
867,20.792628,21.053827,21.83048,22.348263,21.500152,21.433887,21.017544,22.663245,24.251208,22.257212,21.825091,24.360403,24.201285,26.11427,27.970105
868,21.053827,21.83048,22.348263,21.500152,21.433887,21.017544,22.663245,24.251208,22.257212,21.825091,24.360403,24.201285,26.11427,27.970105,30.580983
869,21.83048,22.348263,21.500152,21.433887,21.017544,22.663245,24.251208,22.257212,21.825091,24.360403,24.201285,26.11427,27.970105,30.580983,33.67209
870,22.348263,21.500152,21.433887,21.017544,22.663245,24.251208,22.257212,21.825091,24.360403,24.201285,26.11427,27.970105,30.580983,33.67209,36.818225
871,21.500152,21.433887,21.017544,22.663245,24.251208,22.257212,21.825091,24.360403,24.201285,26.11427,27.970105,30.580983,33.67209,36.818225,40.191709
872,21.433887,21.017544,22.663245,24.251208,22.257212,21.825091,24.360403,24.201285,26.11427,27.970105,30.580983,33.67209,36.818225,40.191709,46.773799
873,21.017544,22.663245,24.251208,22.257212,21.825091,24.360403,24.201285,26.11427,27.970105,30.580983,33.67209,36.818225,40.191709,46.773799,47.605266
874,22.663245,24.251208,22.257212,21.825091,24.360403,24.201285,26.11427,27.970105,30.580983,33.67209,36.818225,40.191709,46.773799,47.605266,47.777685
875,24.251208,22.257212,21.825091,24.360403,24.201285,26.11427,27.970105,30.580983,33.67209,36.818225,40.191709,46.773799,47.605266,47.777685,52.784038
876,22.257212,21.825091,24.360403,24.201285,26.11427,27.970105,30.580983,33.67209,36.818225,40.191709,46.773799,47.605266,47.777685,52.784038,58.644715
877,21.825091,24.360403,24.201285,26.11427,27.970105,30.580983,33.67209,36.818225,40.191709,46.773799,47.605266,47.777685,52.784038,58.644715,59.118862
878,24.360403,24.201285,26.11427,27.970105,30.580983,33.67209,36.818225,40.191709,46.773799,47.605266,47.777685,52.784038,58.644715,59.118862,58.125261
879,24.201285,26.11427,27.970105,30.580983,33.67209,36.818225,40.191709,46.773799,47.605266,47.777685,52.784038,58.644715,59.118862,58.125261,62.691437
880,26.11427,27.970105,30.580983,33.67209,36.818225,40.191709,46.773799,47.605266,47.777685,52.784038,58.644715,59.118862,58.125261,62.691437,64.579034
881,27.970105,30.580983,33.67209,36.818225,40.191709,46.773799,47.605266,47.777685,52.784038,58.644715,59.118862,58.125261,62.691437,64.579034,67.589618
882,30.580983,33.67209,36.818225,40.191709,46.773799,47.605266,47.777685,52.784038,58.644715,59.118862,58.125261,62.691437,64.579034,67.589618,68.189652
883,33.67209,36.818225,40.191709,46.773799,47.605266,47.777685,52.784038,58.644715,59.118862,58.125261,62.691437,64.579034,67.589618,68.189652,65.498014
884,36.818225,40.191709,46.773799,47.605266,47.777685,52.784038,58.644715,59.118862,58.125261,62.691437,64.579034,67.589618,68.189652,65.498014,63.226831
885,40.191709,46.773799,47.605266,47.777685,52.784038,58.644715,59.118862,58.125261,62.691437,64.579034,67.589618,68.189652,65.498014,63.226831,64.497177
886,46.773799,47.605266,47.777685,52.784038,58.644715,59.118862,58.125261,62.691437,64.579034,67.589618,68.189652,65.498014,63.226831,64.497177,63.538769
887,47.605266,47.777685,52.784038,58.644715,59.118862,58.125261,62.691437,64.579034,67.589618,68.189652,65.498014,63.226831,64.497177,63.538769,61.667238
888,47.777685,52.784038,58.644715,59.118862,58.125261,62.691437,64.579034,67.589618,68.189652,65.498014,63.226831,64.497177,63.538769,61.667238,61.785908
889,52.784038,58.644715,59.118862,58.125261,62.691437,64.579034,67.589618,68.189652,65.498014,63.226831,64.497177,63.538769,61.667238,61.785908,63.559741
890,58.644715,59.118862,58.125261,62.691437,64.579034,67.589618,68.189652,65.498014,63.226831,64.497177,63.538769,61.667238,61.785908,63.559741,62.285016
891,59.118862,58.125261,62.691437,64.579034,67.589618,68.189652,65.498014,63.226831,64.497177,63.538769,61.667238,61.785908,63.559741,62.285016,62.35741
892,58.125261,62.691437,64.579034,67.589618,68.189652,65.498014,63.226831,64.497177,63.538769,61.667238,61.785908,63.559741,62.285016,62.35741,63.18781
893,62.691437,64.579034,67.589618,68.189652,65.498014,63.226831,64.497177,63.538769,61.667238,61.785908,63.559741,62.285016,62.35741,63.18781,66.146347
894,64.579034,67.589618,68.189652,65.498014,63.226831,64.497177,63.538769,61.667238,61.785908,63.559741,62.285016,62.35741,63.18781,66.146347,66.950347
895,67.589618,68.189652,65.498014,63.226831,64.497177,63.538769,61.667238,61.785908,63.559741,62.285016,62.35741,63.18781,66.146347,66.950347,65.460324
896,68.189652,65.498014,63.226831,64.497177,63.538769,61.667238,61.785908,63.559741,62.285016,62.35741,63.18781,66.146347,66.950347,65.460324,69.644362
897,65.498014,63.226831,64.497177,63.538769,61.667238,61.785908,63.559741,62.285016,62.35741,63.18781,66.146347,66.950347,65.460324,69.644362,65.957594
898,63.226831,64.497177,63.538769,61.667238,61.785908,63.559741,62.285016,62.35741,63.18781,66.146347,66.950347,65.460324,69.644362,65.957594,66.36274
899,64.497177,63.538769,61.667238,61.785908,63.559741,62.285016,62.35741,63.18781,66.146347,66.950347,65.460324,69.644362,65.957594,66.36274,67.717145
900,63.538769,61.667238,61.785908,63.559741,62.285016,62.35741,63.18781,66.146347,66.950347,65.460324,69.644362,65.957594,66.36274,67.717145,61.407013
901,61.667238,61.785908,63.559741,62.285016,62.35741,63.18781,66.146347,66.950347,65.460324,69.644362,65.957594,66.36274,67.717145,61.407013,62.662495
902,61.785908,63.559741,62.285016,62.35741,63.18781,66.146347,66.950347,65.460324,69.644362,65.957594,66.36274,67.717145,61.407013,62.662495,63.490895
903,63.559741,62.285016,62.35741,63.18781,66.146347,66.950347,65.460324,69.644362,65.957594,66.36274,67.717145,61.407013,62.662495,63.490895,64.539528
904,62.285016,62.35741,63.18781,66.146347,66.950347,65.460324,69.644362,65.957594,66.36274,67.717145,61.407013,62.662495,63.490895,64.539528,64.909964
905,62.35741,63.18781,66.146347,66.950347,65.460324,69.644362,65.957594,66.36274,67.717145,61.407013,62.662495,63.490895,64.539528,64.909964,63.041102
906,63.18781,66.146347,66.950347,65.460324,69.644362,65.957594,66.36274,67.717145,61.407013,62.662495,63.490895,64.539528,64.909964,63.041102,61.38298
907,66.146347,66.950347,65.460324,69.644362,65.957594,66.36274,67.717145,61.407013,62.662495,63.490895,64.539528,64.909964,63.041102,61.38298,60.697305
908,66.950347,65.460324,69.644362,65.957594,66.36274,67.717145,61.407013,62.662495,63.490895,64.539528,64.909964,63.041102,61.38298,60.697305,59.796498
909,65.460324,69.644362,65.957594,66.36274,67.717145,61.407013,62.662495,63.490895,64.539528,64.909964,63.041102,61.38298,60.697305,59.796498,58.739028
910,69.644362,65.957594,66.36274,67.717145,61.407013,62.662495,63.490895,64.539528,64.909964,63.041102,61.38298,60.697305,59.796498,58.739028,56.855794
911,65.957594,66.36274,67.717145,61.407013,62.662495,63.490895,64.539528,64.909964,63.041102,61.38298,60.697305,59.796498,58.739028,56.855794,54.847086
912,66.36274,67.717145,61.407013,62.662495,63.490895,64.539528,64.909964,63.041102,61.38298,60.697305,59.796498,58.739028,56.855794,54.847086,53.982924
913,67.717145,61.407013,62.662495,63.490895,64.539528,64.909964,63.041102,61.38298,60.697305,59.796498,58.739028,56.855794,54.847086,53.982924,54.979306
914,61.407013,62.662495,63.490895,64.539528,64.909964,63.041102,61.38298,60.697305,59.796498,58.739028,56.855794,54.847086,53.982924,54.979306,56.091008
915,62.662495,63.490895,64.539528,64.909964,63.041102,61.38298,60.697305,59.796498,58.739028,56.855794,54.847086,53.982924,54.979306,56.091008,55.102216
916,63.490895,64.539528,64.909964,63.041102,61.38298,60.697305,59.796498,58.739028,56.855794,54.847086,53.982924,54.979306,56.091008,55.102216,54.314116
917,64.539528,64.909964,63.041102,61.38298,60.697305,59.796498,58.739028,56.855794,54.847086,53.982924,54.979306,56.091008,55.102216,54.314116,53.102072
918,64.909964,63.041102,61.38298,60.697305,59.796498,58.739028,56.855794,54.847086,53.982924,54.979306,56.091008,55.102216,54.314116,53.102072,51.429389
919,63.041102,61.38298,60.697305,59.796498,58.739028,56.855794,54.847086,53.982924,54.979306,56.091008,55.102216,54.314116,53.102072,51.429389,50.955343
920,61.38298,60.697305,59.796498,58.739028,56.855794,54.847086,53.982924,54.979306,56.091008,55.102216,54.314116,53.102072,51.429389,50.955343,50.039827
921,60.697305,59.796498,58.739028,56.855794,54.847086,53.982924,54.979306,56.091008,55.102216,54.314116,53.102072,51.429389,50.955343,50.039827,49.974475
922,59.796498,58.739028,56.855794,54.847086,53.982924,54.979306,56.091008,55.102216,54.314116,53.102072,51.429389,50.955343,50.039827,49.974475,48.111717
923,58.739028,56.855794,54.847086,53.982924,54.979306,56.091008,55.102216,54.314116,53.102072,51.429389,50.955343,50.039827,49.974475,48.111717,45.782929
924,56.855794,54.847086,53.982924,54.979306,56.091008,55.102216,54.314116,53.102072,51.429389,50.955343,50.039827,49.974475,48.111717,45.782929,42.898606
925,54.847086,53.982924,54.979306,56.091008,55.102216,54.314116,53.102072,51.429389,50.955343,50.039827,49.974475,48.111717,45.782929,42.898606,41.404784
926,53.982924,54.979306,56.091008,55.102216,54.314116,53.102072,51.429389,50.955343,50.039827,49.974475,48.111717,45.782929,42.898606,41.404784,40.901878
927,54.979306,56.091008,55.102216,54.314116,53.102072,51.429389,50.955343,50.039827,49.974475,48.111717,45.782929,42.898606,41.404784,40.901878,40.378949
928,56.091008,55.102216,54.314116,53.102072,51.429389,50.955343,50.039827,49.974475,48.111717,45.782929,42.898606,41.404784,40.901878,40.378949,39.134923
929,55.102216,54.314116,53.102072,51.429389,50.955343,50.039827,49.974475,48.111717,45.782929,42.898606,41.404784,40.901878,40.378949,39.134923,40.141541
930,54.314116,53.102072,51.429389,50.955343,50.039827,49.974475,48.111717,45.782929,42.898606,41.404784,40.901878,40.378949,39.134923,40.141541,41.256269
931,53.102072,51.429389,50.955343,50.039827,49.974475,48.111717,45.782929,42.898606,41.404784,40.901878,40.378949,39.134923,40.141541,41.256269,40.28323
932,51.429389,50.955343,50.039827,49.974475,48.111717,45.782929,42.898606,41.404784,40.901878,40.378949,39.134923,40.141541,41.256269,40.28323,41.25701
933,50.955343,50.039827,49.974475,48.111717,45.782929,42.898606,41.404784,40.901878,40.378949,39.134923,40.141541,41.256269,40.28323,41.25701,39.202388
934,50.039827,49.974475,48.111717,45.782929,42.898606,41.404784,40.901878,40.378949,39.134923,40.141541,41.256269,40.28323,41.25701,39.202388,37.17074
935,49.974475,48.111717,45.782929,42.898606,41.404784,40.901878,40.378949,39.134923,40.141541,41.256269,40.28323,41.25701,39.202388,37.17074,35.699265
936,48.111717,45.782929,42.898606,41.404784,40.901878,40.378949,39.134923,40.141541,41.256269,40.28323,41.25701,39.202388,37.17074,35.699265,33.417475
937,45.782929,42.898606,41.404784,40.901878,40.378949,39.134923,40.141541,41.256269,40.28323,41.25701,39.202388,37.17074,35.699265,33.417475,31.426616
938,42.898606,41.404784,40.901878,40.378949,39.134923,40.141541,41.256269,40.28323,41.25701,39.202388,37.17074,35.699265,33.417475,31.426616,30.385118
939,41.404784,40.901878,40.378949,39.134923,40.141541,41.256269,40.28323,41.25701,39.202388,37.17074,35.699265,33.417475,31.426616,30.385118,29.863355
940,40.901878,40.378949,39.134923,40.141541,41.256269,40.28323,41.25701,39.202388,37.17074,35.699265,33.417475,31.426616,30.385118,29.863355,29.786402
941,40.378949,39.134923,40.141541,41.256269,40.28323,41.25701,39.202388,37.17074,35.699265,33.417475,31.426616,30.385118,29.863355,29.786402,29.998269
942,39.134923,40.141541,41.256269,40.28323,41.25701,39.202388,37.17074,35.699265,33.417475,31.426616,30.385118,29.863355,29.786402,29.998269,27.975493
943,40.141541,41.256269,40.28323,41.25701,39.202388,37.17074,35.699265,33.417475,31.426616,30.385118,29.863355,29.786402,29.998269,27.975493,27.570756
944,41.256269,40.28323,41.25701,39.202388,37.17074,35.699265,33.417475,31.426616,30.385118,29.863355,29.786402,29.998269,27.975493,27.570756,26.131073
945,40.28323,41.25701,39.202388,37.17074,35.699265,33.417475,31.426616,30.385118,29.863355,29.786402,29.998269,27.975493,27.570756,26.131073,24.549222
946,41.25701,39.202388,37.17074,35.699265,33.417475,31.426616,30.385118,29.863355,29.786402,29.998269,27.975493,27.570756,26.131073,24.549222,23.65077
947,39.202388,37.17074,35.699265,33.417475,31.426616,30.385118,29.863355,29.786402,29.998269,27.975493,27.570756,26.131073,24.549222,23.65077,24.218408
948,37.17074,35.699265,33.417475,31.426616,30.385118,29.863355,29.786402,29.998269,27.975493,27.570756,26.131073,24.549222,23.65077,24.218408,23.096885
949,35.699265,33.417475,31.426616,30.385118,29.863355,29.786402,29.998269,27.975493,27.570756,26.131073,24.549222,23.65077,24.218408,23.096885,23.838376
950,33.417475,31.426616,30.385118,29.863355,29.786402,29.998269,27.975493,27.570756,26.131073,24.549222,23.65077,24.218408,23.096885,23.838376,24.948425
951,31.426616,30.385118,29.863355,29.786402,29.998269,27.975493,27.570756,26.131073,24.549222,23.65077,24.218408,23.096885,23.838376,24.948425,23.772687
952,30.385118,29.863355,29.786402,29.998269,27.975493,27.570756,26.131073,24.549222,23.65077,24.218408,23.096885,23.838376,24.948425,23.772687,22.858544
953,29.863355,29.786402,29.998269,27.975493,27.570756,26.131073,24.549222,23.65077,24.218408,23.096885,23.838376,24.948425,23.772687,22.858544,22.035341
954,29.786402,29.998269,27.975493,27.570756,26.131073,24.549222,23.65077,24.218408,23.096885,23.838376,24.948425,23.772687,22.858544,22.035341,22.176932
955,29.998269,27.975493,27.570756,26.131073,24.549222,23.65077,24.218408,23.096885,23.838376,24.948425,23.772687,22.858544,22.035341,22.176932,21.952793
956,27.975493,27.570756,26.131073,24.549222,23.65077,24.218408,23.096885,23.838376,24.948425,23.772687,22.858544,22.035341,22.176932,21.952793,22.080711
957,27.570756,26.131073,24.549222,23.65077,24.218408,23.096885,23.838376,24.948425,23.772687,22.858544,22.035341,22.176932,21.952793,22.080711,21.758154
958,26.131073,24.549222,23.65077,24.218408,23.096885,23.838376,24.948425,23.772687,22.858544,22.035341,22.176932,21.952793,22.080711,21.758154,20.87988
959,24.549222,23.65077,24.218408,23.096885,23.838376,24.948425,23.772687,22.858544,22.035341,22.176932,21.952793,22.080711,21.758154,20.87988,20.453159
960,23.65077,24.218408,23.096885,23.838376,24.948425,23.772687,22.858544,22.035341,22.176932,21.952793,22.080711,21.758154,20.87988,20.453159,20.89544
961,24.218408,23.096885,23.838376,24.948425,23.772687,22.858544,22.035341,22.176932,21.952793,22.080711,21.758154,20.87988,20.453159,20.89544,20.819016
962,23.096885,23.838376,24.948425,23.772687,22.858544,22.035341,22.176932,21.952793,22.080711,21.758154,20.87988,20.453159,20.89544,20.819016,20.013342
963,23.838376,24.948425,23.772687,22.858544,22.035341,22.176932,21.952793,22.080711,21.758154,20.87988,20.453159,20.89544,20.819016,20.013342,20.210896
964,24.948425,23.772687,22.858544,22.035341,22.176932,21.952793,22.080711,21.758154,20.87988,20.453159,20.89544,20.819016,20.013342,20.210896,19.5324
965,23.772687,22.858544,22.035341,22.176932,21.952793,22.080711,21.758154,20.87988,20.453159,20.89544,20.819016,20.013342,20.210896,19.5324,19.223286
966,22.858544,22.035341,22.176932,21.952793,22.080711,21.758154,20.87988,20.453159,20.89544,20.819016,20.013342,20.210896,19.5324,19.223286,19.654956
967,22.035341,22.176932,21.952793,22.080711,21.758154,20.87988,20.453159,20.89544,20.819016,20.013342,20.210896,19.5324,19.223286,19.654956,19.435592
968,22.176932,21.952793,22.080711,21.758154,20.87988,20.453159,20.89544,20.819016,20.013342,20.210896,19.5324,19.223286,19.654956,19.435592,19.732518
969,21.952793,22.080711,21.758154,20.87988,20.453159,20.89544,20.819016,20.013342,20.210896,19.5324,19.223286,19.654956,19.435592,19.732518,19.659224
970,22.080711,21.758154,20.87988,20.453159,20.89544,20.819016,20.013342,20.210896,19.5324,19.223286,19.654956,19.435592,19.732518,19.659224,19.249179
971,21.758154,20.87988,20.453159,20.89544,20.819016,20.013342,20.210896,19.5324,19.223286,19.654956,19.435592,19.732518,19.659224,19.249179,19.027633
972,20.87988,20.453159,20.89544,20.819016,20.013342,20.210896,19.5324,19.223286,19.654956,19.435592,19.732518,19.659224,19.249179,19.027633,17.978497
973,20.453159,20.89544,20.819016,20.013342,20.210896,19.5324,19.223286,19.654956,19.435592,19.732518,19.659224,19.249179,19.027633,17.978497,16.769736
974,20.89544,20.819016,20.013342,20.210896,19.5324,19.223286,19.654956,19.435592,19.732518,19.659224,19.249179,19.027633,17.978497,16.769736,16.941279
975,20.819016,20.013342,20.210896,19.5324,19.223286,19.654956,19.435592,19.732518,19.659224,19.249179,19.027633,17.978497,16.769736,16.941279,16.187487
976,20.013342,20.210896,19.5324,19.223286,19.654956,19.435592,19.732518,19.659224,19.249179,19.027633,17.978497,16.769736,16.941279,16.187487,15.64175
977,20.210896,19.5324,19.223286,19.654956,19.435592,19.732518,19.659224,19.249179,19.027633,17.978497,16.769736,16.941279,16.187487,15.64175,16.560391
978,19.5324,19.223286,19.654956,19.435592,19.732518,19.659224,19.249179,19.027633,17.978497,16.769736,16.941279,16.187487,15.64175,16.560391,15.480266
979,19.223286,19.654956,19.435592,19.732518,19.659224,19.249179,19.027633,17.978497,16.769736,16.941279,16.187487,15.64175,16.560391,15.480266,15.502735
980,19.654956,19.435592,19.732518,19.659224,19.249179,19.027633,17.978497,16.769736,16.941279,16.187487,15.64175,16.560391,15.480266,15.502735,15.30746
981,19.435592,19.732518,19.659224,19.249179,19.027633,17.978497,16.769736,16.941279,16.187487,15.64175,16.560391,15.480266,15.502735,15.30746,15.35608
982,19.732518,19.659224,19.249179,19.027633,17.978497,16.769736,16.941279,16.187487,15.64175,16.560391,15.480266,15.502735,15.30746,15.35608,15.24803
983,19.659224,19.249179,19.027633,17.978497,16.769736,16.941279,16.187487,15.64175,16.560391,15.480266,15.502735,15.30746,15.35608,15.24803,15.388056
984,19.249179,19.027633,17.978497,16.769736,16.941279,16.187487,15.64175,16.560391,15.480266,15.502735,15.30746,15.35608,15.24803,15.388056,14.985866
985,19.027633,17.978497,16.769736,16.941279,16.187487,15.64175,16.560391,15.480266,15.502735,15.30746,15.35608,15.24803,15.388056,14.985866,14.008845
986,17.978497,16.769736,16.941279,16.187487,15.64175,16.560391,15.480266,15.502735,15.30746,15.35608,15.24803,15.388056,14.985866,14.008845,14.41217
987,16.769736,16.941279,16.187487,15.64175,16.560391,15.480266,15.502735,15.30746,15.35608,15.24803,15.388056,14.985866,14.008845,14.41217,14.298169
988,16.941279,16.187487,15.64175,16.560391,15.480266,15.502735,15.30746,15.35608,15.24803,15.388056,14.985866,14.008845,14.41217,14.298169,14.501443
989,16.187487,15.64175,16.560391,15.480266,15.502735,15.30746,15.35608,15.24803,15.388056,14.985866,14.008845,14.41217,14.298169,14.501443,14.622879
990,15.64175,16.560391,15.480266,15.502735,15.30746,15.35608,15.24803,15.388056,14.985866,14.008845,14.41217,14.298169,14.501443,14.622879,14.123485
991,16.560391,15.480266,15.502735,15.30746,15.35608,15.24803,15.388056,14.985866,14.008845,14.41217,14.298169,14.501443,14.622879,14.123485,13.094267
992,15.480266,15.502735,15.30746,15.35608,15.24803,15.388056,14.985866,14.008845,14.41217,14.298169,14.501443,14.622879,14.123485,13.094267,12.501841
993,15.502735,15.30746,15.35608,15.24803,15.388056,14.985866,14.008845,14.41217,14.298169,14.501443,14.622879,14.123485,13.094267,12.501841,12.890029
994,15.30746,15.35608,15.24803,15.388056,14.985866,14.008845,14.41217,14.298169,14.501443,14.622879,14.123485,13.094267,12.501841,12.890029,12.261578
995,15.35608,15.24803,15.388056,14.985866,14.008845,14.41217,14.298169,14.501443,14.622879,14.123485,13.094267,12.501841,12.890029,12.261578,13.012883
996,15.24803,15.388056,14.985866,14.008845,14.41217,14.298169,14.501443,14.622879,14.123485,13.094267,12.501841,12.890029,12.261578,13.012883,13.812676
997,15.388056,14.985866,14.008845,14.41217,14.298169,14.501443,14.622879,14.123485,13.094267,12.501841,12.890029,12.261578,13.012883,13.812676,12.826822
998,14.985866,14.008845,14.41217,14.298169,14.501443,14.622879,14.123485,13.094267,12.501841,12.890029,12.261578,13.012883,13.812676,12.826822,12.455075
999,14.008845,14.41217,14.298169,14.501443,14.622879,14.123485,13.094267,12.501841,12.890029,12.261578,13.012883,13.812676,12.826822,12.455075,12.917898
1000,14.41217,14.298169,14.501443,14.622879,14.123485,13.094267,12.501841,12.890029,12.261578,13.012883,13.812676,12.826822,12.455075,12.917898,14.007106
1001,14.298169,14.501443,14.622879,14.123485,13.094267,12.501841,12.890029,12.261578,13.012883,13.812676,12.826822,12.455075,12.917898,14.007106,14.107412
1002,14.501443,14.622879,14.123485,13.094267,12.501841,12.890029,12.261578,13.012883,13.812676,12.826822,12.455075,12.917898,14.007106,14.107412,14.561736
1003,14.622879,14.123485,13.094267,12.501841,12.890029,12.261578,13.012883,13.812676,12.826822,12.455075,12.917898,14.007106,14.107412,14.561736,15.373771
1004,14.123485,13.094267,12.501841,12.890029,12.261578,13.012883,13.812676,12.826822,12.455075,12.917898,14.007106,14.107412,14.561736,15.373771,14.4143
1005,13.094267,12.501841,12.890029,12.261578,13.012883,13.812676,12.826822,12.455075,12.917898,14.007106,14.107412,14.561736,15.373771,14.4143,14.404384
1006,12.501841,12.890029,12.261578,13.012883,13.812676,12.826822,12.455075,12.917898,14.007106,14.107412,14.561736,15.373771,14.4143,14.404384,15.167044
1007,12.890029,12.261578,13.012883,13.812676,12.826822,12.455075,12.917898,14.007106,14.107412,14.561736,15.373771,14.4143,14.404384,15.167044,15.184955
1008,12.261578,13.012883,13.812676,12.826822,12.455075,12.917898,14.007106,14.107412,14.561736,15.373771,14.4143,14.404384,15.167044,15.184955,14.689181
1009,13.012883,13.812676,12.826822,12.455075,12.917898,14.007106,14.107412,14.561736,15.373771,14.4143,14.404384,15.167044,15.184955,14.689181,14.916618
1010,13.812676,12.826822,12.455075,12.917898,14.007106,14.107412,14.561736,15.373771,14.4143,14.404384,15.167044,15.184955,14.689181,14.916618,16.071731
1011,12.826822,12.455075,12.917898,14.007106,14.107412,14.561736,15.373771,14.4143,14.404384,15.167044,15.184955,14.689181,14.916618,16.071731,14.682926
1012,12.455075,12.917898,14.007106,14.107412,14.561736,15.373771,14.4143,14.404384,15.167044,15.184955,14.689181,14.916618,16.071731,14.682926,16.062136
1013,12.917898,14.007106,14.107412,14.561736,15.373771,14.4143,14.404384,15.167044,15.184955,14.689181,14.916618,16.071731,14.682926,16.062136,16.851082
1014,14.007106,14.107412,14.561736,15.373771,14.4143,14.404384,15.167044,15.184955,14.689181,14.916618,16.071731,14.682926,16.062136,16.851082,16.743584
1015,14.107412,14.561736,15.373771,14.4143,14.404384,15.167044,15.184955,14.689181,14.916618,16.071731,14.682926,16.062136,16.851082,16.743584,17.298409
1016,14.561736,15.373771,14.4143,14.404384,15.167044,15.184955,14.689181,14.916618,16.071731,14.682926,16.062136,16.851082,16.743584,17.298409,17.001209
1017,15.373771,14.4143,14.404384,15.167044,15.184955,14.689181,14.916618,16.071731,14.682926,16.062136,16.851082,16.743584,17.298409,17.001209,17.156753
1018,14.4143,14.404384,15.167044,15.184955,14.689181,14.916618,16.071731,14.682926,16.062136,16.851082,16.743584,17.298409,17.001209,17.156753,18.100453
1019,14.404384,15.167044,15.184955,14.689181,14.916618,16.071731,14.682926,16.062136,16.851082,16.743584,17.298409,17.001209,17.156753,18.100453,19.08247
1020,15.167044,15.184955,14.689181,14.916618,16.071731,14.682926,16.062136,16.851082,16.743584,17.298409,17.001209,17.156753,18.100453,19.08247,17.88555
1021,15.184955,14.689181,14.916618,16.071731,14.682926,16.062136,16.851082,16.743584,17.298409,17.001209,17.156753,18.100453,19.08247,17.88555,19.872992
1022,14.689181,14.916618,16.071731,14.682926,16.062136,16.851082,16.743584,17.298409,17.001209,17.156753,18.100453,19.08247,17.88555,19.872992,20.571787
1023,14.916618,16.071731,14.682926,16.062136,16.851082,16.743584,17.298409,17.001209,17.156753,18.100453,19.08247,17.88555,19.872992,20.571787,17.041888
1024,16.071731,14.682926,16.062136,16.851082,16.743584,17.298409,17.001209,17.156753,18.100453,19.08247,17.88555,19.872992,20.571787,17.041888,18.761085
1025,14.682926,16.062136,16.851082,16.743584,17.298409,17.001209,17.156753,18.100453,19.08247,17.88555,19.872992,20.571787,17.041888,18.761085,18.379924
1026,16.062136,16.851082,16.743584,17.298409,17.001209,17.156753,18.100453,19.08247,17.88555,19.872992,20.571787,17.041888,18.761085,18.379924,17.611929
1027,16.851082,16.743584,17.298409,17.001209,17.156753,18.100453,19.08247,17.88555,19.872992,20.571787,17.041888,18.761085,18.379924,17.611929,16.17196
1028,16.743584,17.298409,17.001209,17.156753,18.100453,19.08247,17.88555,19.872992,20.571787,17.041888,18.761085,18.379924,17.611929,16.17196,15.516151
1029,17.298409,17.001209,17.156753,18.100453,19.08247,17.88555,19.872992,20.571787,17.041888,18.761085,18.379924,17.611929,16.17196,15.516151,17.017208
1030,17.001209,17.156753,18.100453,19.08247,17.88555,19.872992,20.571787,17.041888,18.761085,18.379924,17.611929,16.17196,15.516151,17.017208,16.611682
1031,17.156753,18.100453,19.08247,17.88555,19.872992,20.571787,17.041888,18.761085,18.379924,17.611929,16.17196,15.516151,17.017208,16.611682,21.794915
1032,18.100453,19.08247,17.88555,19.872992,20.571787,17.041888,18.761085,18.379924,17.611929,16.17196,15.516151,17.017208,16.611682,21.794915,18.652536
1033,19.08247,17.88555,19.872992,20.571787,17.041888,18.761085,18.379924,17.611929,16.17196,15.516151,17.017208,16.611682,21.794915,18.652536,17.720708
1034,17.88555,19.872992,20.571787,17.041888,18.761085,18.379924,17.611929,16.17196,15.516151,17.017208,16.611682,21.794915,18.652536,17.720708,18.502888
1035,19.872992,20.571787,17.041888,18.761085,18.379924,17.611929,16.17196,15.516151,17.017208,16.611682,21.794915,18.652536,17.720708,18.502888,19.408732
1036,20.571787,17.041888,18.761085,18.379924,17.611929,16.17196,15.516151,17.017208,16.611682,21.794915,18.652536,17.720708,18.502888,19.408732,18.401734
1037,17.041888,18.761085,18.379924,17.611929,16.17196,15.516151,17.017208,16.611682,21.794915,18.652536,17.720708,18.502888,19.408732,18.401734,20.959111
1038,18.761085,18.379924,17.611929,16.17196,15.516151,17.017208,16.611682,21.794915,18.652536,17.720708,18.502888,19.408732,18.401734,20.959111,20.059616
1039,18.379924,17.611929,16.17196,15.516151,17.017208,16.611682,21.794915,18.652536,17.720708,18.502888,19.408732,18.401734,20.959111,20.059616,20.834218
1040,17.611929,16.17196,15.516151,17.017208,16.611682,21.794915,18.652536,17.720708,18.502888,19.408732,18.401734,20.959111,20.059616,20.834218,21.400189
1041,16.17196,15.516151,17.017208,16.611682,21.794915,18.652536,17.720708,18.502888,19.408732,18.401734,20.959111,20.059616,20.834218,21.400189,18.718345
1042,15.516151,17.017208,16.611682,21.794915,18.652536,17.720708,18.502888,19.408732,18.401734,20.959111,20.059616,20.834218,21.400189,18.718345,19.193252
1043,17.017208,16.611682,21.794915,18.652536,17.720708,18.502888,19.408732,18.401734,20.959111,20.059616,20.834218,21.400189,18.718345,19.193252,21.518397
1044,16.611682,21.794915,18.652536,17.720708,18.502888,19.408732,18.401734,20.959111,20.059616,20.834218,21.400189,18.718345,19.193252,21.518397,20.032625
1045,21.794915,18.652536,17.720708,18.502888,19.408732,18.401734,20.959111,20.059616,20.834218,21.400189,18.718345,19.193252,21.518397,20.032625,21.908546
1046,18.652536,17.720708,18.502888,19.408732,18.401734,20.959111,20.059616,20.834218,21.400189,18.718345,19.193252,21.518397,20.032625,21.908546,22.148725
1047,17.720708,18.502888,19.408732,18.401734,20.959111,20.059616,20.834218,21.400189,18.718345,19.193252,21.518397,20.032625,21.908546,22.148725,21.54695
1048,18.502888,19.408732,18.401734,20.959111,20.059616,20.834218,21.400189,18.718345,19.193252,21.518397,20.032625,21.908546,22.148725,21.54695,22.629349
1049,19.408732,18.401734,20.959111,20.059616,20.834218,21.400189,18.718345,19.193252,21.518397,20.032625,21.908546,22.148725,21.54695,22.629349,21.049431
1050,18.401734,20.959111,20.059616,20.834218,21.400189,18.718345,19.193252,21.518397,20.032625,21.908546,22.148725,21.54695,22.629349,21.049431,20.585347
1051,20.959111,20.059616,20.834218,21.400189,18.718345,19.193252,21.518397,20.032625,21.908546,22.148725,21.54695,22.629349,21.049431,20.585347,20.117493
1052,20.059616,20.834218,21.400189,18.718345,19.193252,21.518397,20.032625,21.908546,22.148725,21.54695,22.629349,21.049431,20.585347,20.117493,22.218334
1053,20.834218,21.400189,18.718345,19.193252,21.518397,20.032625,21.908546,22.148725,21.54695,22.629349,21.049431,20.585347,20.117493,22.218334,21.154116
1054,21.400189,18.718345,19.193252,21.518397,20.032625,21.908546,22.148725,21.54695,22.629349,21.049431,20.585347,20.117493,22.218334,21.154116,23.780207
1055,18.718345,19.193252,21.518397,20.032625,21.908546,22.148725,21.54695,22.629349,21.049431,20.585347,20.117493,22.218334,21.154116,23.780207,20.231696
1056,19.193252,21.518397,20.032625,21.908546,22.148725,21.54695,22.629349,21.049431,20.585347,20.117493,22.218334,21.154116,23.780207,20.231696,20.994365
1057,21.518397,20.032625,21.908546,22.148725,21.54695,22.629349,21.049431,20.585347,20.117493,22.218334,21.154116,23.780207,20.231696,20.994365,20.524568
1058,20.032625,21.908546,22.148725,21.54695,22.629349,21.049431,20.585347,20.117493,22.218334,21.154116,23.780207,20.231696,20.994365,20.524568,19.662057
1059,21.908546,22.148725,21.54695,22.629349,21.049431,20.585347,20.117493,22.218334,21.154116,23.780207,20.231696,20.994365,20.524568,19.662057,18.921441
1060,22.148725,21.54695,22.629349,21.049431,20.585347,20.117493,22.218334,21.154116,23.780207,20.231696,20.994365,20.524568,19.662057,18.921441,19.081466
1061,21.54695,22.629349,21.049431,20.585347,20.117493,22.218334,21.154116,23.780207,20.231696,20.994365,20.524568,19.662057,18.921441,19.081466,21.221235
1062,22.629349,21.049431,20.585347,20.117493,22.218334,21.154116,23.780207,20.231696,20.994365,20.524568,19.662057,18.921441,19.081466,21.221235,20.08475
1063,21.049431,20.585347,20.117493,22.218334,21.154116,23.780207,20.231696,20.994365,20.524568,19.662057,18.921441,19.081466,21.221235,20.08475,19.827034
1064,20.585347,20.117493,22.218334,21.154116,23.780207,20.231696,20.994365,20.524568,19.662057,18.921441,19.081466,21.221235,20.08475,19.827034,20.542076
1065,20.117493,22.218334,21.154116,23.780207,20.231696,20.994365,20.524568,19.662057,18.921441,19.081466,21.221235,20.08475,19.827034,20.542076,20.238327
1066,22.218334,21.154116,23.780207,20.231696,20.994365,20.524568,19.662057,18.921441,19.081466,21.221235,20.08475,19.827034,20.542076,20.238327,19.82961
1067,21.154116,23.780207,20.231696,20.994365,20.524568,19.662057,18.921441,19.081466,21.221235,20.08475,19.827034,20.542076,20.238327,19.82961,20.079789
1068,23.780207,20.231696,20.994365,20.524568,19.662057,18.921441,19.081466,21.221235,20.08475,19.827034,20.542076,20.238327,19.82961,20.079789,22.457035
1069,20.231696,20.994365,20.524568,19.662057,18.921441,19.081466,21.221235,20.08475,19.827034,20.542076,20.238327,19.82961,20.079789,22.457035,21.304586
1070,20.994365,20.524568,19.662057,18.921441,19.081466,21.221235,20.08475,19.827034,20.542076,20.238327,19.82961,20.079789,22.457035,21.304586,20.852979
1071,20.524568,19.662057,18.921441,19.081466,21.221235,20.08475,19.827034,20.542076,20.238327,19.82961,20.079789,22.457035,21.304586,20.852979,21.202145
1072,19.662057,18.921441,19.081466,21.221235,20.08475,19.827034,20.542076,20.238327,19.82961,20.079789,22.457035,21.304586,20.852979,21.202145,20.084819
1073,18.921441,19.081466,21.221235,20.08475,19.827034,20.542076,20.238327,19.82961,20.079789,22.457035,21.304586,20.852979,21.202145,20.084819,20.427593
1074,19.081466,21.221235,20.08475,19.827034,20.542076,20.238327,19.82961,20.079789,22.457035,21.304586,20.852979,21.202145,20.084819,20.427593,20.119832
1075,21.221235,20.08475,19.827034,20.542076,20.238327,19.82961,20.079789,22.457035,21.304586,20.852979,21.202145,20.084819,20.427593,20.119832,21.307213
1076,20.08475,19.827034,20.542076,20.238327,19.82961,20.079789,22.457035,21.304586,20.852979,21.202145,20.084819,20.427593,20.119832,21.307213,21.133193
1077,19.827034,20.542076,20.238327,19.82961,20.079789,22.457035,21.304586,20.852979,21.202145,20.084819,20.427593,20.119832,21.307213,21.133193,21.13883
1078,20.542076,20.238327,19.82961,20.079789,22.457035,21.304586,20.852979,21.202145,20.084819,20.427593,20.119832,21.307213,21.133193,21.13883,21.782584
1079,20.238327,19.82961,20.079789,22.457035,21.304586,20.852979,21.202145,20.084819,20.427593,20.119832,21.307213,21.133193,21.13883,21.782584,22.162726
1080,19.82961,20.079789,22.457035,21.304586,20.852979,21.202145,20.084819,20.427593,20.119832,21.307213,21.133193,21.13883,21.782584,22.162726,23.23883
1081,20.079789,22.457035,21.304586,20.852979,21.202145,20.084819,20.427593,20.119832,21.307213,21.133193,21.13883,21.782584,22.162726,23.23883,25.102176
1082,22.457035,21.304586,20.852979,21.202145,20.084819,20.427593,20.119832,21.307213,21.133193,21.13883,21.782584,22.162726,23.23883,25.102176,25.123926
1083,21.304586,20.852979,21.202145,20.084819,20.427593,20.119832,21.307213,21.133193,21.13883,21.782584,22.162726,23.23883,25.102176,25.123926,24.691904
1084,20.852979,21.202145,20.084819,20.427593,20.119832,21.307213,21.133193,21.13883,21.782584,22.162726,23.23883,25.102176,25.123926,24.691904,22.718926
1085,21.202145,20.084819,20.427593,20.119832,21.307213,21.133193,21.13883,21.782584,22.162726,23.23883,25.102176,25.123926,24.691904,22.718926,22.877228
1086,20.084819,20.427593,20.119832,21.307213,21.133193,21.13883,21.782584,22.162726,23.23883,25.102176,25.123926,24.691904,22.718926,22.877228,23.150835
1087,20.427593,20.119832,21.307213,21.133193,21.13883,21.782584,22.162726,23.23883,25.102176,25.123926,24.691904,22.718926,22.877228,23.150835,24.278254
1088,20.119832,21.307213,21.133193,21.13883,21.782584,22.162726,23.23883,25.102176,25.123926,24.691904,22.718926,22.877228,23.150835,24.278254,23.825428
1089,21.307213,21.133193,21.13883,21.782584,22.162726,23.23883,25.102176,25.123926,24.691904,22.718926,22.877228,23.150835,24.278254,23.825428,22.243591
1090,21.133193,21.13883,21.782584,22.162726,23.23883,25.102176,25.123926,24.691904,22.718926,22.877228,23.150835,24.278254,23.825428,22.243591,31.796366
1091,21.13883,21.782584,22.162726,23.23883,25.102176,25.123926,24.691904,22.718926,22.877228,23.150835,24.278254,23.825428,22.243591,31.796366,36.520422
1092,21.782584,22.162726,23.23883,25.102176,25.123926,24.691904,22.718926,22.877228,23.150835,24.278254,23.825428,22.243591,31.796366,36.520422,36.157972
1093,22.162726,23.23883,25.102176,25.123926,24.691904,22.718926,22.877228,23.150835,24.278254,23.825428,22.243591,31.796366,36.520422,36.157972,36.797529
1094,23.23883,25.102176,25.123926,24.691904,22.718926,22.877228,23.150835,24.278254,23.825428,22.243591,31.796366,36.520422,36.157972,36.797529,36.758226
1095,25.102176,25.123926,24.691904,22.718926,22.877228,23.150835,24.278254,23.825428,22.243591,31.796366,36.520422,36.157972,36.797529,36.758226,37.932833
1096,25.123926,24.691904,22.718926,22.877228,23.150835,24.278254,23.825428,22.243591,31.796366,36.520422,36.157972,36.797529,36.758226,37.932833,41.080946
1097,24.691904,22.718926,22.877228,23.150835,24.278254,23.825428,22.243591,31.796366,36.520422,36.157972,36.797529,36.758226,37.932833,41.080946,37.842507
1098,22.718926,22.877228,23.150835,24.278254,23.825428,22.243591,31.796366,36.520422,36.157972,36.797529,36.758226,37.932833,41.080946,37.842507,34.865735
1099,22.877228,23.150835,24.278254,23.825428,22.243591,31.796366,36.520422,36.157972,36.797529,36.758226,37.932833,41.080946,37.842507,34.865735,36.517902
1100,23.150835,24.278254,23.825428,22.243591,31.796366,36.520422,36.157972,36.797529,36.758226,37.932833,41.080946,37.842507,34.865735,36.517902,37.340857
1101,24.278254,23.825428,22.243591,31.796366,36.520422,36.157972,36.797529,36.758226,37.932833,41.080946,37.842507,34.865735,36.517902,37.340857,36.349269
1102,23.825428,22.243591,31.796366,36.520422,36.157972,36.797529,36.758226,37.932833,41.080946,37.842507,34.865735,36.517902,37.340857,36.349269,35.350563
1103,22.243591,31.796366,36.520422,36.157972,36.797529,36.758226,37.932833,41.080946,37.842507,34.865735,36.517902,37.340857,36.349269,35.350563,35.395058
1104,31.796366,36.520422,36.157972,36.797529,36.758226,37.932833,41.080946,37.842507,34.865735,36.517902,37.340857,36.349269,35.350563,35.395058,36.208176
1105,36.520422,36.157972,36.797529,36.758226,37.932833,41.080946,37.842507,34.865735,36.517902,37.340857,36.349269,35.350563,35.395058,36.208176,34.496404
1106,36.157972,36.797529,36.758226,37.932833,41.080946,37.842507,34.865735,36.517902,37.340857,36.349269,35.350563,35.395058,36.208176,34.496404,34.414817
1107,36.797529,36.758226,37.932833,41.080946,37.842507,34.865735,36.517902,37.340857,36.349269,35.350563,35.395058,36.208176,34.496404,34.414817,33.732405
1108,36.758226,37.932833,41.080946,37.842507,34.865735,36.517902,37.340857,36.349269,35.350563,35.395058,36.208176,34.496404,34.414817,33.732405,31.748004
1109,37.932833,41.080946,37.842507,34.865735,36.517902,37.340857,36.349269,35.350563,35.395058,36.208176,34.496404,34.414817,33.732405,31.748004,30.695268
1110,41.080946,37.842507,34.865735,36.517902,37.340857,36.349269,35.350563,35.395058,36.208176,34.496404,34.414817,33.732405,31.748004,30.695268,31.92088
1111,37.842507,34.865735,36.517902,37.340857,36.349269,35.350563,35.395058,36.208176,34.496404,34.414817,33.732405,31.748004,30.695268,31.92088,33.122138
1112,34.865735,36.517902,37.340857,36.349269,35.350563,35.395058,36.208176,34.496404,34.414817,33.732405,31.748004,30.695268,31.92088,33.122138,32.965072
1113,36.517902,37.340857,36.349269,35.350563,35.395058,36.208176,34.496404,34.414817,33.732405,31.748004,30.695268,31.92088,33.122138,32.965072,32.667257
1114,37.340857,36.349269,35.350563,35.395058,36.208176,34.496404,34.414817,33.732405,31.748004,30.695268,31.92088,33.122138,32.965072,32.667257,31.62535
1115,36.349269,35.350563,35.395058,36.208176,34.496404,34.414817,33.732405,31.748004,30.695268,31.92088,33.122138,32.965072,32.667257,31.62535,30.847946
1116,35.350563,35.395058,36.208176,34.496404,34.414817,33.732405,31.748004,30.695268,31.92088,33.122138,32.965072,32.667257,31.62535,30.847946,30.955714
1117,35.395058,36.208176,34.496404,34.414817,33.732405,31.748004,30.695268,31.92088,33.122138,32.965072,32.667257,31.62535,30.847946,30.955714,28.096416
1118,36.208176,34.496404,34.414817,33.732405,31.748004,30.695268,31.92088,33.122138,32.965072,32.667257,31.62535,30.847946,30.955714,28.096416,26.910988
1119,34.496404,34.414817,33.732405,31.748004,30.695268,31.92088,33.122138,32.965072,32.667257,31.62535,30.847946,30.955714,28.096416,26.910988,25.484767
1120,34.414817,33.732405,31.748004,30.695268,31.92088,33.122138,32.965072,32.667257,31.62535,30.847946,30.955714,28.096416,26.910988,25.484767,24.078608
1121,33.732405,31.748004,30.695268,31.92088,33.122138,32.965072,32.667257,31.62535,30.847946,30.955714,28.096416,26.910988,25.484767,24.078608,23.735442
1122,31.748004,30.695268,31.92088,33.122138,32.965072,32.667257,31.62535,30.847946,30.955714,28.096416,26.910988,25.484767,24.078608,23.735442,23.072682
1123,30.695268,31.92088,33.122138,32.965072,32.667257,31.62535,30.847946,30.955714,28.096416,26.910988,25.484767,24.078608,23.735442,23.072682,20.482654
1124,31.92088,33.122138,32.965072,32.667257,31.62535,30.847946,30.955714,28.096416,26.910988,25.484767,24.078608,23.735442,23.072682,20.482654,19.689433
1125,33.122138,32.965072,32.667257,31.62535,30.847946,30.955714,28.096416,26.910988,25.484767,24.078608,23.735442,23.072682,20.482654,19.689433,17.007556
1126,32.965072,32.667257,31.62535,30.847946,30.955714,28.096416,26.910988,25.484767,24.078608,23.735442,23.072682,20.482654,19.689433,17.007556,14.783714
1127,32.667257,31.62535,30.847946,30.955714,28.096416,26.910988,25.484767,24.078608,23.735442,23.072682,20.482654,19.689433,17.007556,14.783714,15.50873
1128,31.62535,30.847946,30.955714,28.096416,26.910988,25.484767,24.078608,23.735442,23.072682,20.482654,19.689433,17.007556,14.783714,15.50873,17.439108
1129,30.847946,30.955714,28.096416,26.910988,25.484767,24.078608,23.735442,23.072682,20.482654,19.689433,17.007556,14.783714,15.50873,17.439108,17.785012
1130,30.955714,28.096416,26.910988,25.484767,24.078608,23.735442,23.072682,20.482654,19.689433,17.007556,14.783714,15.50873,17.439108,17.785012,17.509302
1131,28.096416,26.910988,25.484767,24.078608,23.735442,23.072682,20.482654,19.689433,17.007556,14.783714,15.50873,17.439108,17.785012,17.509302,18.012577
1132,26.910988,25.484767,24.078608,23.735442,23.072682,20.482654,19.689433,17.007556,14.783714,15.50873,17.439108,17.785012,17.509302,18.012577,18.66526
1133,25.484767,24.078608,23.735442,23.072682,20.482654,19.689433,17.007556,14.783714,15.50873,17.439108,17.785012,17.509302,18.012577,18.66526,18.830078
1134,24.078608,23.735442,23.072682,20.482654,19.689433,17.007556,14.783714,15.50873,17.439108,17.785012,17.509302,18.012577,18.66526,18.830078,17.066895
1135,23.735442,23.072682,20.482654,19.689433,17.007556,14.783714,15.50873,17.439108,17.785012,17.509302,18.012577,18.66526,18.830078,17.066895,18.330477
1136,23.072682,20.482654,19.689433,17.007556,14.783714,15.50873,17.439108,17.785012,17.509302,18.012577,18.66526,18.830078,17.066895,18.330477,18.655786
1137,20.482654,19.689433,17.007556,14.783714,15.50873,17.439108,17.785012,17.509302,18.012577,18.66526,18.830078,17.066895,18.330477,18.655786,19.064634
1138,19.689433,17.007556,14.783714,15.50873,17.439108,17.785012,17.509302,18.012577,18.66526,18.830078,17.066895,18.330477,18.655786,19.064634,18.478369
1139,17.007556,14.783714,15.50873,17.439108,17.785012,17.509302,18.012577,18.66526,18.830078,17.066895,18.330477,18.655786,19.064634,18.478369,18.489175
1140,14.783714,15.50873,17.439108,17.785012,17.509302,18.012577,18.66526,18.830078,17.066895,18.330477,18.655786,19.064634,18.478369,18.489175,19.902105
1141,15.50873,17.439108,17.785012,17.509302,18.012577,18.66526,18.830078,17.066895,18.330477,18.655786,19.064634,18.478369,18.489175,19.902105,19.4577
1142,17.439108,17.785012,17.509302,18.012577,18.66526,18.830078,17.066895,18.330477,18.655786,19.064634,18.478369,18.489175,19.902105,19.4577,20.267654
1143,17.785012,17.509302,18.012577,18.66526,18.830078,17.066895,18.330477,18.655786,19.064634,18.478369,18.489175,19.902105,19.4577,20.267654,19.094132
1144,17.509302,18.012577,18.66526,18.830078,17.066895,18.330477,18.655786,19.064634,18.478369,18.489175,19.902105,19.4577,20.267654,19.094132,17.889873
1145,18.012577,18.66526,18.830078,17.066895,18.330477,18.655786,19.064634,18.478369,18.489175,19.902105,19.4577,20.267654,19.094132,17.889873,16.429525
1146,18.66526,18.830078,17.066895,18.330477,18.655786,19.064634,18.478369,18.489175,19.902105,19.4577,20.267654,19.094132,17.889873,16.429525,19.957208
1147,18.830078,17.066895,18.330477,18.655786,19.064634,18.478369,18.489175,19.902105,19.4577,20.267654,19.094132,17.889873,16.429525,19.957208,20.716754
1148,17.066895,18.330477,18.655786,19.064634,18.478369,18.489175,19.902105,19.4577,20.267654,19.094132,17.889873,16.429525,19.957208,20.716754,21.402812
1149,18.330477,18.655786,19.064634,18.478369,18.489175,19.902105,19.4577,20.267654,19.094132,17.889873,16.429525,19.957208,20.716754,21.402812,22.583733
1150,18.655786,19.064634,18.478369,18.489175,19.902105,19.4577,20.267654,19.094132,17.889873,16.429525,19.957208,20.716754,21.402812,22.583733,23.028048
1151,19.064634,18.478369,18.489175,19.902105,19.4577,20.267654,19.094132,17.889873,16.429525,19.957208,20.716754,21.402812,22.583733,23.028048,24.235116
1152,18.478369,18.489175,19.902105,19.4577,20.267654,19.094132,17.889873,16.429525,19.957208,20.716754,21.402812,22.583733,23.028048,24.235116,25.273605
1153,18.489175,19.902105,19.4577,20.267654,19.094132,17.889873,16.429525,19.957208,20.716754,21.402812,22.583733,23.028048,24.235116,25.273605,27.048143
1154,19.902105,19.4577,20.267654,19.094132,17.889873,16.429525,19.957208,20.716754,21.402812,22.583733,23.028048,24.235116,25.273605,27.048143,28.191658
1155,19.4577,20.267654,19.094132,17.889873,16.429525,19.957208,20.716754,21.402812,22.583733,23.028048,24.235116,25.273605,27.048143,28.191658,28.686866
1156,20.267654,19.094132,17.889873,16.429525,19.957208,20.716754,21.402812,22.583733,23.028048,24.235116,25.273605,27.048143,28.191658,28.686866,28.614779
1157,19.094132,17.889873,16.429525,19.957208,20.716754,21.402812,22.583733,23.028048,24.235116,25.273605,27.048143,28.191658,28.686866,28.614779,30.093608
1158,17.889873,16.429525,19.957208,20.716754,21.402812,22.583733,23.028048,24.235116,25.273605,27.048143,28.191658,28.686866,28.614779,30.093608,30.72839
1159,16.429525,19.957208,20.716754,21.402812,22.583733,23.028048,24.235116,25.273605,27.048143,28.191658,28.686866,28.614779,30.093608,30.72839,34.583819
1160,19.957208,20.716754,21.402812,22.583733,23.028048,24.235116,25.273605,27.048143,28.191658,28.686866,28.614779,30.093608,30.72839,34.583819,41.365588
1161,20.716754,21.402812,22.583733,23.028048,24.235116,25.273605,27.048143,28.191658,28.686866,28.614779,30.093608,30.72839,34.583819,41.365588,45.943768
1162,21.402812,22.583733,23.028048,24.235116,25.273605,27.048143,28.191658,28.686866,28.614779,30.093608,30.72839,34.583819,41.365588,45.943768,52.824733
1163,22.583733,23.028048,24.235116,25.273605,27.048143,28.191658,28.686866,28.614779,30.093608,30.72839,34.583819,41.365588,45.943768,52.824733,52.888172
1164,23.028048,24.235116,25.273605,27.048143,28.191658,28.686866,28.614779,30.093608,30.72839,34.583819,41.365588,45.943768,52.824733,52.888172,53.031568
1165,24.235116,25.273605,27.048143,28.191658,28.686866,28.614779,30.093608,30.72839,34.583819,41.365588,45.943768,52.824733,52.888172,53.031568,54.645579
1166,25.273605,27.048143,28.191658,28.686866,28.614779,30.093608,30.72839,34.583819,41.365588,45.943768,52.824733,52.888172,53.031568,54.645579,56.425067
1167,27.048143,28.191658,28.686866,28.614779,30.093608,30.72839,34.583819,41.365588,45.943768,52.824733,52.888172,53.031568,54.645579,56.425067,59.324632
1168,28.191658,28.686866,28.614779,30.093608,30.72839,34.583819,41.365588,45.943768,52.824733,52.888172,53.031568,54.645579,56.425067,59.324632,61.558085
1169,28.686866,28.614779,30.093608,30.72839,34.583819,41.365588,45.943768,52.824733,52.888172,53.031568,54.645579,56.425067,59.324632,61.558085,60.809749
1170,28.614779,30.093608,30.72839,34.583819,41.365588,45.943768,52.824733,52.888172,53.031568,54.645579,56.425067,59.324632,61.558085,60.809749,63.437912
1171,30.093608,30.72839,34.583819,41.365588,45.943768,52.824733,52.888172,53.031568,54.645579,56.425067,59.324632,61.558085,60.809749,63.437912,65.157918
1172,30.72839,34.583819,41.365588,45.943768,52.824733,52.888172,53.031568,54.645579,56.425067,59.324632,61.558085,60.809749,63.437912,65.157918,63.825956
1173,34.583819,41.365588,45.943768,52.824733,52.888172,53.031568,54.645579,56.425067,59.324632,61.558085,60.809749,63.437912,65.157918,63.825956,63.745447
1174,41.365588,45.943768,52.824733,52.888172,53.031568,54.645579,56.425067,59.324632,61.558085,60.809749,63.437912,65.157918,63.825956,63.745447,62.338731
1175,45.943768,52.824733,52.888172,53.031568,54.645579,56.425067,59.324632,61.558085,60.809749,63.437912,65.157918,63.825956,63.745447,62.338731,61.970308
1176,52.824733,52.888172,53.031568,54.645579,56.425067,59.324632,61.558085,60.809749,63.437912,65.157918,63.825956,63.745447,62.338731,61.970308,61.817308
1177,52.888172,53.031568,54.645579,56.425067,59.324632,61.558085,60.809749,63.437912,65.157918,63.825956,63.745447,62.338731,61.970308,61.817308,64.579147
1178,53.031568,54.645579,56.425067,59.324632,61.558085,60.809749,63.437912,65.157918,63.825956,63.745447,62.338731,61.970308,61.817308,64.579147,64.639769
1179,54.645579,56.425067,59.324632,61.558085,60.809749,63.437912,65.157918,63.825956,63.745447,62.338731,61.970308,61.817308,64.579147,64.639769,63.513654
1180,56.425067,59.324632,61.558085,60.809749,63.437912,65.157918,63.825956,63.745447,62.338731,61.970308,61.817308,64.579147,64.639769,63.513654,62.103233
1181,59.324632,61.558085,60.809749,63.437912,65.157918,63.825956,63.745447,62.338731,61.970308,61.817308,64.579147,64.639769,63.513654,62.103233,62.521372
1182,61.558085,60.809749,63.437912,65.157918,63.825956,63.745447,62.338731,61.970308,61.817308,64.579147,64.639769,63.513654,62.103233,62.521372,63.376068
1183,60.809749,63.437912,65.157918,63.825956,63.745447,62.338731,61.970308,61.817308,64.579147,64.639769,63.513654,62.103233,62.521372,63.376068,61.64757
1184,63.437912,65.157918,63.825956,63.745447,62.338731,61.970308,61.817308,64.579147,64.639769,63.513654,62.103233,62.521372,63.376068,61.64757,63.026408
1185,65.157918,63.825956,63.745447,62.338731,61.970308,61.817308,64.579147,64.639769,63.513654,62.103233,62.521372,63.376068,61.64757,63.026408,63.428033
1186,63.825956,63.745447,62.338731,61.970308,61.817308,64.579147,64.639769,63.513654,62.103233,62.521372,63.376068,61.64757,63.026408,63.428033,60.444176
1187,63.745447,62.338731,61.970308,61.817308,64.579147,64.639769,63.513654,62.103233,62.521372,63.376068,61.64757,63.026408,63.428033,60.444176,61.851117
1188,62.338731,61.970308,61.817308,64.579147,64.639769,63.513654,62.103233,62.521372,63.376068,61.64757,63.026408,63.428033,60.444176,61.851117,63.082705
1189,61.970308,61.817308,64.579147,64.639769,63.513654,62.103233,62.521372,63.376068,61.64757,63.026408,63.428033,60.444176,61.851117,63.082705,60.807636
1190,61.817308,64.579147,64.639769,63.513654,62.103233,62.521372,63.376068,61.64757,63.026408,63.428033,60.444176,61.851117,63.082705,60.807636,59.427801
1191,64.579147,64.639769,63.513654,62.103233,62.521372,63.376068,61.64757,63.026408,63.428033,60.444176,61.851117,63.082705,60.807636,59.427801,58.745828
1192,64.639769,63.513654,62.103233,62.521372,63.376068,61.64757,63.026408,63.428033,60.444176,61.851117,63.082705,60.807636,59.427801,58.745828,59.294905
1193,63.513654,62.103233,62.521372,63.376068,61.64757,63.026408,63.428033,60.444176,61.851117,63.082705,60.807636,59.427801,58.745828,59.294905,59.770215
1194,62.103233,62.521372,63.376068,61.64757,63.026408,63.428033,60.444176,61.851117,63.082705,60.807636,59.427801,58.745828,59.294905,59.770215,57.318375
1195,62.521372,63.376068,61.64757,63.026408,63.428033,60.444176,61.851117,63.082705,60.807636,59.427801,58.745828,59.294905,59.770215,57.318375,55.387983
1196,63.376068,61.64757,63.026408,63.428033,60.444176,61.851117,63.082705,60.807636,59.427801,58.745828,59.294905,59.770215,57.318375,55.387983,56.085412
1197,61.64757,63.026408,63.428033,60.444176,61.851117,63.082705,60.807636,59.427801,58.745828,59.294905,59.770215,57.318375,55.387983,56.085412,56.647572
1198,63.026408,63.428033,60.444176,61.851117,63.082705,60.807636,59.427801,58.745828,59.294905,59.770215,57.318375,55.387983,56.085412,56.647572,56.209915
1199,63.428033,60.444176,61.851117,63.082705,60.807636,59.427801,58.745828,59.294905,59.770215,57.318375,55.387983,56.085412,56.647572,56.209915,54.287265
1200,60.444176,61.851117,63.082705,60.807636,59.427801,58.745828,59.294905,59.770215,57.318375,55.387983,56.085412,56.647572,56.209915,54.287265,55.011478
1201,61.851117,63.082705,60.807636,59.427801,58.745828,59.294905,59.770215,57.318375,55.387983,56.085412,56.647572,56.209915,54.287265,55.011478,53.850528
1202,63.082705,60.807636,59.427801,58.745828,59.294905,59.770215,57.318375,55.387983,56.085412,56.647572,56.209915,54.287265,55.011478,53.850528,53.261491
1203,60.807636,59.427801,58.745828,59.294905,59.770215,57.318375,55.387983,56.085412,56.647572,56.209915,54.287265,55.011478,53.850528,53.261491,52.013569
1204,59.427801,58.745828,59.294905,59.770215,57.318375,55.387983,56.085412,56.647572,56.209915,54.287265,55.011478,53.850528,53.261491,52.013569,50.789708
1205,58.745828,59.294905,59.770215,57.318375,55.387983,56.085412,56.647572,56.209915,54.287265,55.011478,53.850528,53.261491,52.013569,50.789708,50.927153
1206,59.294905,59.770215,57.318375,55.387983,56.085412,56.647572,56.209915,54.287265,55.011478,53.850528,53.261491,52.013569,50.789708,50.927153,50.236781
1207,59.770215,57.318375,55.387983,56.085412,56.647572,56.209915,54.287265,55.011478,53.850528,53.261491,52.013569,50.789708,50.927153,50.236781,50.384452
1208,57.318375,55.387983,56.085412,56.647572,56.209915,54.287265,55.011478,53.850528,53.261491,52.013569,50.789708,50.927153,50.236781,50.384452,50.668217
1209,55.387983,56.085412,56.647572,56.209915,54.287265,55.011478,53.850528,53.261491,52.013569,50.789708,50.927153,50.236781,50.384452,50.668217,50.555269
1210,56.085412,56.647572,56.209915,54.287265,55.011478,53.850528,53.261491,52.013569,50.789708,50.927153,50.236781,50.384452,50.668217,50.555269,48.349711
1211,56.647572,56.209915,54.287265,55.011478,53.850528,53.261491,52.013569,50.789708,50.927153,50.236781,50.384452,50.668217,50.555269,48.349711,48.294884
1212,56.209915,54.287265,55.011478,53.850528,53.261491,52.013569,50.789708,50.927153,50.236781,50.384452,50.668217,50.555269,48.349711,48.294884,47.521805
1213,54.287265,55.011478,53.850528,53.261491,52.013569,50.789708,50.927153,50.236781,50.384452,50.668217,50.555269,48.349711,48.294884,47.521805,45.922223
1214,55.011478,53.850528,53.261491,52.013569,50.789708,50.927153,50.236781,50.384452,50.668217,50.555269,48.349711,48.294884,47.521805,45.922223,45.415775
1215,53.850528,53.261491,52.013569,50.789708,50.927153,50.236781,50.384452,50.668217,50.555269,48.349711,48.294884,47.521805,45.922223,45.415775,43.768652
1216,53.261491,52.013569,50.789708,50.927153,50.236781,50.384452,50.668217,50.555269,48.349711,48.294884,47.521805,45.922223,45.415775,43.768652,42.090085
1217,52.013569,50.789708,50.927153,50.236781,50.384452,50.668217,50.555269,48.349711,48.294884,47.521805,45.922223,45.415775,43.768652,42.090085,40.114959
1218,50.789708,50.927153,50.236781,50.384452,50.668217,50.555269,48.349711,48.294884,47.521805,45.922223,45.415775,43.768652,42.090085,40.114959,39.246213
1219,50.927153,50.236781,50.384452,50.668217,50.555269,48.349711,48.294884,47.521805,45.922223,45.415775,43.768652,42.090085,40.114959,39.246213,40.826298
1220,50.236781,50.384452,50.668217,50.555269,48.349711,48.294884,47.521805,45.922223,45.415775,43.768652,42.090085,40.114959,39.246213,40.826298,39.60963
1221,50.384452,50.668217,50.555269,48.349711,48.294884,47.521805,45.922223,45.415775,43.768652,42.090085,40.114959,39.246213,40.826298,39.60963,37.610468
1222,50.668217,50.555269,48.349711,48.294884,47.521805,45.922223,45.415775,43.768652,42.090085,40.114959,39.246213,40.826298,39.60963,37.610468,36.917994
1223,50.555269,48.349711,48.294884,47.521805,45.922223,45.415775,43.768652,42.090085,40.114959,39.246213,40.826298,39.60963,37.610468,36.917994,34.960593
1224,48.349711,48.294884,47.521805,45.922223,45.415775,43.768652,42.090085,40.114959,39.246213,40.826298,39.60963,37.610468,36.917994,34.960593,34.320264
1225,48.294884,47.521805,45.922223,45.415775,43.768652,42.090085,40.114959,39.246213,40.826298,39.60963,37.610468,36.917994,34.960593,34.320264,33.665046
1226,47.521805,45.922223,45.415775,43.768652,42.090085,40.114959,39.246213,40.826298,39.60963,37.610468,36.917994,34.960593,34.320264,33.665046,31.270263
1227,45.922223,45.415775,43.768652,42.090085,40.114959,39.246213,40.826298,39.60963,37.610468,36.917994,34.960593,34.320264,33.665046,31.270263,30.72375
1228,45.415775,43.768652,42.090085,40.114959,39.246213,40.826298,39.60963,37.610468,36.917994,34.960593,34.320264,33.665046,31.270263,30.72375,30.501483
1229,43.768652,42.090085,40.114959,39.246213,40.826298,39.60963,37.610468,36.917994,34.960593,34.320264,33.665046,31.270263,30.72375,30.501483,29.809405
1230,42.090085,40.114959,39.246213,40.826298,39.60963,37.610468,36.917994,34.960593,34.320264,33.665046,31.270263,30.72375,30.501483,29.809405,28.763623
1231,40.114959,39.246213,40.826298,39.60963,37.610468,36.917994,34.960593,34.320264,33.665046,31.270263,30.72375,30.501483,29.809405,28.763623,28.463995
1232,39.246213,40.826298,39.60963,37.610468,36.917994,34.960593,34.320264,33.665046,31.270263,30.72375,30.501483,29.809405,28.763623,28.463995,28.653836
1233,40.826298,39.60963,37.610468,36.917994,34.960593,34.320264,33.665046,31.270263,30.72375,30.501483,29.809405,28.763623,28.463995,28.653836,27.788018
1234,39.60963,37.610468,36.917994,34.960593,34.320264,33.665046,31.270263,30.72375,30.501483,29.809405,28.763623,28.463995,28.653836,27.788018,26.645052
1235,37.610468,36.917994,34.960593,34.320264,33.665046,31.270263,30.72375,30.501483,29.809405,28.763623,28.463995,28.653836,27.788018,26.645052,25.222962
1236,36.917994,34.960593,34.320264,33.665046,31.270263,30.72375,30.501483,29.809405,28.763623,28.463995,28.653836,27.788018,26.645052,25.222962,25.541355
1237,34.960593,34.320264,33.665046,31.270263,30.72375,30.501483,29.809405,28.763623,28.463995,28.653836,27.788018,26.645052,25.222962,25.541355,24.504439
1238,34.320264,33.665046,31.270263,30.72375,30.501483,29.809405,28.763623,28.463995,28.653836,27.788018,26.645052,25.222962,25.541355,24.504439,23.799115
1239,33.665046,31.270263,30.72375,30.501483,29.809405,28.763623,28.463995,28.653836,27.788018,26.645052,25.222962,25.541355,24.504439,23.799115,23.185705
1240,31.270263,30.72375,30.501483,29.809405,28.763623,28.463995,28.653836,27.788018,26.645052,25.222962,25.541355,24.504439,23.799115,23.185705,23.444639
1241,30.72375,30.501483,29.809405,28.763623,28.463995,28.653836,27.788018,26.645052,25.222962,25.541355,24.504439,23.799115,23.185705,23.444639,23.158018
1242,30.501483,29.809405,28.763623,28.463995,28.653836,27.788018,26.645052,25.222962,25.541355,24.504439,23.799115,23.185705,23.444639,23.158018,23.383167
1243,29.809405,28.763623,28.463995,28.653836,27.788018,26.645052,25.222962,25.541355,24.504439,23.799115,23.185705,23.444639,23.158018,23.383167,23.291268
1244,28.763623,28.463995,28.653836,27.788018,26.645052,25.222962,25.541355,24.504439,23.799115,23.185705,23.444639,23.158018,23.383167,23.291268,22.477182
1245,28.463995,28.653836,27.788018,26.645052,25.222962,25.541355,24.504439,23.799115,23.185705,23.444639,23.158018,23.383167,23.291268,22.477182,20.977131
1246,28.653836,27.788018,26.645052,25.222962,25.541355,24.504439,23.799115,23.185705,23.444639,23.158018,23.383167,23.291268,22.477182,20.977131,20.988376
1247,27.788018,26.645052,25.222962,25.541355,24.504439,23.799115,23.185705,23.444639,23.158018,23.383167,23.291268,22.477182,20.977131,20.988376,20.813286
1248,26.645052,25.222962,25.541355,24.504439,23.799115,23.185705,23.444639,23.158018,23.383167,23.291268,22.477182,20.977131,20.988376,20.813286,21.224705
1249,25.222962,25.541355,24.504439,23.799115,23.185705,23.444639,23.158018,23.383167,23.291268,22.477182,20.977131,20.988376,20.813286,21.224705,22.078547
1250,25.541355,24.504439,23.799115,23.185705,23.444639,23.158018,23.383167,23.291268,22.477182,20.977131,20.988376,20.813286,21.224705,22.078547,21.921579
1251,24.504439,23.799115,23.185705,23.444639,23.158018,23.383167,23.291268,22.477182,20.977131,20.988376,20.813286,21.224705,22.078547,21.921579,21.418133
1252,23.799115,23.185705,23.444639,23.158018,23.383167,23.291268,22.477182,20.977131,20.988376,20.813286,21.224705,22.078547,21.921579,21.418133,21.542658
1253,23.185705,23.444639,23.158018,23.383167,23.291268,22.477182,20.977131,20.988376,20.813286,21.224705,22.078547,21.921579,21.418133,21.542658,21.78423
1254,23.444639,23.158018,23.383167,23.291268,22.477182,20.977131,20.988376,20.813286,21.224705,22.078547,21.921579,21.418133,21.542658,21.78423,20.653695
1255,23.158018,23.383167,23.291268,22.477182,20.977131,20.988376,20.813286,21.224705,22.078547,21.921579,21.418133,21.542658,21.78423,20.653695,20.192284
1256,23.383167,23.291268,22.477182,20.977131,20.988376,20.813286,21.224705,22.078547,21.921579,21.418133,21.542658,21.78423,20.653695,20.192284,20.209029
1257,23.291268,22.477182,20.977131,20.988376,20.813286,21.224705,22.078547,21.921579,21.418133,21.542658,21.78423,20.653695,20.192284,20.209029,21.193429
1258,22.477182,20.977131,20.988376,20.813286,21.224705,22.078547,21.921579,21.418133,21.542658,21.78423,20.653695,20.192284,20.209029,21.193429,21.233585
1259,20.977131,20.988376,20.813286,21.224705,22.078547,21.921579,21.418133,21.542658,21.78423,20.653695,20.192284,20.209029,21.193429,21.233585,20.479031
1260,20.988376,20.813286,21.224705,22.078547,21.921579,21.418133,21.542658,21.78423,20.653695,20.192284,20.209029,21.193429,21.233585,20.479031,21.25429
1261,20.813286,21.224705,22.078547,21.921579,21.418133,21.542658,21.78423,20.653695,20.192284,20.209029,21.193429,21.233585,20.479031,21.25429,21.659482
1262,21.224705,22.078547,21.921579,21.418133,21.542658,21.78423,20.653695,20.192284,20.209029,21.193429,21.233585,20.479031,21.25429,21.659482,20.7283
1263,22.078547,21.921579,21.418133,21.542658,21.78423,20.653695,20.192284,20.209029,21.193429,21.233585,20.479031,21.25429,21.659482,20.7283,20.77695
1264,21.921579,21.418133,21.542658,21.78423,20.653695,20.192284,20.209029,21.193429,21.233585,20.479031,21.25429,21.659482,20.7283,20.77695,20.134652
1265,21.418133,21.542658,21.78423,20.653695,20.192284,20.209029,21.193429,21.233585,20.479031,21.25429,21.659482,20.7283,20.77695,20.134652,19.989806
1266,21.542658,21.78423,20.653695,20.192284,20.209029,21.193429,21.233585,20.479031,21.25429,21.659482,20.7283,20.77695,20.134652,19.989806,18.359966
1267,21.78423,20.653695,20.192284,20.209029,21.193429,21.233585,20.479031,21.25429,21.659482,20.7283,20.77695,20.134652,19.989806,18.359966,18.804967
1268,20.653695,20.192284,20.209029,21.193429,21.233585,20.479031,21.25429,21.659482,20.7283,20.77695,20.134652,19.989806,18.359966,18.804967,17.714401
1269,20.192284,20.209029,21.193429,21.233585,20.479031,21.25429,21.659482,20.7283,20.77695,20.134652,19.989806,18.359966,18.804967,17.714401,17.74391
1270,20.209029,21.193429,21.233585,20.479031,21.25429,21.659482,20.7283,20.77695,20.134652,19.989806,18.359966,18.804967,17.714401,17.74391,16.519661
1271,21.193429,21.233585,20.479031,21.25429,21.659482,20.7283,20.77695,20.134652,19.989806,18.359966,18.804967,17.714401,17.74391,16.519661,16.482372
1272,21.233585,20.479031,21.25429,21.659482,20.7283,20.77695,20.134652,19.989806,18.359966,18.804967,17.714401,17.74391,16.519661,16.482372,15.550527
1273,20.479031,21.25429,21.659482,20.7283,20.77695,20.134652,19.989806,18.359966,18.804967,17.714401,17.74391,16.519661,16.482372,15.550527,16.708314
1274,21.25429,21.659482,20.7283,20.77695,20.134652,19.989806,18.359966,18.804967,17.714401,17.74391,16.519661,16.482372,15.550527,16.708314,16.406232
1275,21.659482,20.7283,20.77695,20.134652,19.989806,18.359966,18.804967,17.714401,17.74391,16.519661,16.482372,15.550527,16.708314,16.406232,17.039531
1276,20.7283,20.77695,20.134652,19.989806,18.359966,18.804967,17.714401,17.74391,16.519661,16.482372,15.550527,16.708314,16.406232,17.039531,16.309002
1277,20.77695,20.134652,19.989806,18.359966,18.804967,17.714401,17.74391,16.519661,16.482372,15.550527,16.708314,16.406232,17.039531,16.309002,15.4715
1278,20.134652,19.989806,18.359966,18.804967,17.714401,17.74391,16.519661,16.482372,15.550527,16.708314,16.406232,17.039531,16.309002,15.4715,16.560837
1279,19.989806,18.359966,18.804967,17.714401,17.74391,16.519661,16.482372,15.550527,16.708314,16.406232,17.039531,16.309002,15.4715,16.560837,16.232642
1280,18.359966,18.804967,17.714401,17.74391,16.519661,16.482372,15.550527,16.708314,16.406232,17.039531,16.309002,15.4715,16.560837,16.232642,15.494757
1281,18.804967,17.714401,17.74391,16.519661,16.482372,15.550527,16.708314,16.406232,17.039531,16.309002,15.4715,16.560837,16.232642,15.494757,13.644386
1282,17.714401,17.74391,16.519661,16.482372,15.550527,16.708314,16.406232,17.039531,16.309002,15.4715,16.560837,16.232642,15.494757,13.644386,14.654391
1283,17.74391,16.519661,16.482372,15.550527,16.708314,16.406232,17.039531,16.309002,15.4715,16.560837,16.232642,15.494757,13.644386,14.654391,14.188535
1284,16.519661,16.482372,15.550527,16.708314,16.406232,17.039531,16.309002,15.4715,16.560837,16.232642,15.494757,13.644386,14.654391,14.188535,13.874463
1285,16.482372,15.550527,16.708314,16.406232,17.039531,16.309002,15.4715,16.560837,16.232642,15.494757,13.644386,14.654391,14.188535,13.874463,14.570889
1286,15.550527,16.708314,16.406232,17.039531,16.309002,15.4715,16.560837,16.232642,15.494757,13.644386,14.654391,14.188535,13.874463,14.570889,15.091917
1287,16.708314,16.406232,17.039531,16.309002,15.4715,16.560837,16.232642,15.494757,13.644386,14.654391,14.188535,13.874463,14.570889,15.091917,14.461019
1288,16.406232,17.039531,16.309002,15.4715,16.560837,16.232642,15.494757,13.644386,14.654391,14.188535,13.874463,14.570889,15.091917,14.461019,15.021115
1289,17.039531,16.309002,15.4715,16.560837,16.232642,15.494757,13.644386,14.654391,14.188535,13.874463,14.570889,15.091917,14.461019,15.021115,14.031771
1290,16.309002,15.4715,16.560837,16.232642,15.494757,13.644386,14.654391,14.188535,13.874463,14.570889,15.091917,14.461019,15.021115,14.031771,13.373168
1291,15.4715,16.560837,16.232642,15.494757,13.644386,14.654391,14.188535,13.874463,14.570889,15.091917,14.461019,15.021115,14.031771,13.373168,13.646553
1292,16.560837,16.232642,15.494757,13.644386,14.654391,14.188535,13.874463,14.570889,15.091917,14.461019,15.021115,14.031771,13.373168,13.646553,15.421598
1293,16.232642,15.494757,13.644386,14.654391,14.188535,13.874463,14.570889,15.091917,14.461019,15.021115,14.031771,13.373168,13.646553,15.421598,14.701215
1294,15.494757,13.644386,14.654391,14.188535,13.874463,14.570889,15.091917,14.461019,15.021115,14.031771,13.373168,13.646553,15.421598,14.701215,14.985009
1295,13.644386,14.654391,14.188535,13.874463,14.570889,15.091917,14.461019,15.021115,14.031771,13.373168,13.646553,15.421598,14.701215,14.985009,15.065211
1296,14.654391,14.188535,13.874463,14.570889,15.091917,14.461019,15.021115,14.031771,13.373168,13.646553,15.421598,14.701215,14.985009,15.065211,14.722209
1297,14.188535,13.874463,14.570889,15.091917,14.461019,15.021115,14.031771,13.373168,13.646553,15.421598,14.701215,14.985009,15.065211,14.722209,15.881547
1298,13.874463,14.570889,15.091917,14.461019,15.021115,14.031771,13.373168,13.646553,15.421598,14.701215,14.985009,15.065211,14.722209,15.881547,17.021325
1299,14.570889,15.091917,14.461019,15.021115,14.031771,13.373168,13.646553,15.421598,14.701215,14.985009,15.065211,14.722209,15.881547,17.021325,18.636827
1300,15.091917,14.461019,15.021115,14.031771,13.373168,13.646553,15.421598,14.701215,14.985009,15.065211,14.722209,15.881547,17.021325,18.636827,17.798214
1301,14.461019,15.021115,14.031771,13.373168,13.646553,15.421598,14.701215,14.985009,15.065211,14.722209,15.881547,17.021325,18.636827,17.798214,18.143996
1302,15.021115,14.031771,13.373168,13.646553,15.421598,14.701215,14.985009,15.065211,14.722209,15.881547,17.021325,18.636827,17.798214,18.143996,18.380328
1303,14.031771,13.373168,13.646553,15.421598,14.701215,14.985009,15.065211,14.722209,15.881547,17.021325,18.636827,17.798214,18.143996,18.380328,18.025366
1304,13.373168,13.646553,15.421598,14.701215,14.985009,15.065211,14.722209,15.881547,17.021325,18.636827,17.798214,18.143996,18.380328,18.025366,19.712178
1305,13.646553,15.421598,14.701215,14.985009,15.065211,14.722209,15.881547,17.021325,18.636827,17.798214,18.143996,18.380328,18.025366,19.712178,20.449535
1306,15.421598,14.701215,14.985009,15.065211,14.722209,15.881547,17.021325,18.636827,17.798214,18.143996,18.380328,18.025366,19.712178,20.449535,19.825245
1307,14.701215,14.985009,15.065211,14.722209,15.881547,17.021325,18.636827,17.798214,18.143996,18.380328,18.025366,19.712178,20.449535,19.825245,19.707382
1308,14.985009,15.065211,14.722209,15.881547,17.021325,18.636827,17.798214,18.143996,18.380328,18.025366,19.712178,20.449535,19.825245,19.707382,19.572602
1309,15.065211,14.722209,15.881547,17.021325,18.636827,17.798214,18.143996,18.380328,18.025366,19.712178,20.449535,19.825245,19.707382,19.572602,19.067046
1310,14.722209,15.881547,17.021325,18.636827,17.798214,18.143996,18.380328,18.025366,19.712178,20.449535,19.825245,19.707382,19.572602,19.067046,21.489126
1311,15.881547,17.021325,18.636827,17.798214,18.143996,18.380328,18.025366,19.712178,20.449535,19.825245,19.707382,19.572602,19.067046,21.489126,20.791171
1312,17.021325,18.636827,17.798214,18.143996,18.380328,18.025366,19.712178,20.449535,19.825245,19.707382,19.572602,19.067046,21.489126,20.791171,20.255274
1313,18.636827,17.798214,18.143996,18.380328,18.025366,19.712178,20.449535,19.825245,19.707382,19.572602,19.067046,21.489126,20.791171,20.255274,22.091945
1314,17.798214,18.143996,18.380328,18.025366,19.712178,20.449535,19.825245,19.707382,19.572602,19.067046,21.489126,20.791171,20.255274,22.091945,16.844023
1315,18.143996,18.380328,18.025366,19.712178,20.449535,19.825245,19.707382,19.572602,19.067046,21.489126,20.791171,20.255274,22.091945,16.844023,17.734537
1316,18.380328,18.025366,19.712178,20.449535,19.825245,19.707382,19.572602,19.067046,21.489126,20.791171,20.255274,22.091945,16.844023,17.734537,20.560972
1317,18.025366,19.712178,20.449535,19.825245,19.707382,19.572602,19.067046,21.489126,20.791171,20.255274,22.091945,16.844023,17.734537,20.560972,17.624814
1318,19.712178,20.449535,19.825245,19.707382,19.572602,19.067046,21.489126,20.791171,20.255274,22.091945,16.844023,17.734537,20.560972,17.624814,18.601851
1319,20.449535,19.825245,19.707382,19.572602,19.067046,21.489126,20.791171,20.255274,22.091945,16.844023,17.734537,20.560972,17.624814,18.601851,17.05981
1320,19.825245,19.707382,19.572602,19.067046,21.489126,20.791171,20.255274,22.091945,16.844023,17.734537,20.560972,17.624814,18.601851,17.05981,19.629913
1321,19.707382,19.572602,19.067046,21.489126,20.791171,20.255274,22.091945,16.844023,17.734537,20.560972,17.624814,18.601851,17.05981,19.629913,19.114812
1322,19.572602,19.067046,21.489126,20.791171,20.255274,22.091945,16.844023,17.734537,20.560972,17.624814,18.601851,17.05981,19.629913,19.114812,19.521389
1323,19.067046,21.489126,20.791171,20.255274,22.091945,16.844023,17.734537,20.560972,17.624814,18.601851,17.05981,19.629913,19.114812,19.521389,19.233481
1324,21.489126,20.791171,20.255274,22.091945,16.844023,17.734537,20.560972,17.624814,18.601851,17.05981,19.629913,19.114812,19.521389,19.233481,18.80133
1325,20.791171,20.255274,22.091945,16.844023,17.734537,20.560972,17.624814,18.601851,17.05981,19.629913,19.114812,19.521389,19.233481,18.80133,18.727187
1326,20.255274,22.091945,16.844023,17.734537,20.560972,17.624814,18.601851,17.05981,19.629913,19.114812,19.521389,19.233481,18.80133,18.727187,18.20376
1327,22.091945,16.844023,17.734537,20.560972,17.624814,18.601851,17.05981,19.629913,19.114812,19.521389,19.233481,18.80133,18.727187,18.20376,17.230904
1328,16.844023,17.734537,20.560972,17.624814,18.601851,17.05981,19.629913,19.114812,19.521389,19.233481,18.80133,18.727187,18.20376,17.230904,17.045894
1329,17.734537,20.560972,17.624814,18.601851,17.05981,19.629913,19.114812,19.521389,19.233481,18.80133,18.727187,18.20376,17.230904,17.045894,19.794911
1330,20.560972,17.624814,18.601851,17.05981,19.629913,19.114812,19.521389,19.233481,18.80133,18.727187,18.20376,17.230904,17.045894,19.794911,20.25366
1331,17.624814,18.601851,17.05981,19.629913,19.114812,19.521389,19.233481,18.80133,18.727187,18.20376,17.230904,17.045894,19.794911,20.25366,19.206653
1332,18.601851,17.05981,19.629913,19.114812,19.521389,19.233481,18.80133,18.727187,18.20376,17.230904,17.045894,19.794911,20.25366,19.206653,19.324661
1333,17.05981,19.629913,19.114812,19.521389,19.233481,18.80133,18.727187,18.20376,17.230904,17.045894,19.794911,20.25366,19.206653,19.324661,22.534373
1334,19.629913,19.114812,19.521389,19.233481,18.80133,18.727187,18.20376,17.230904,17.045894,19.794911,20.25366,19.206653,19.324661,22.534373,21.712563
1335,19.114812,19.521389,19.233481,18.80133,18.727187,18.20376,17.230904,17.045894,19.794911,20.25366,19.206653,19.324661,22.534373,21.712563,20.076932
1336,19.521389,19.233481,18.80133,18.727187,18.20376,17.230904,17.045894,19.794911,20.25366,19.206653,19.324661,22.534373,21.712563,20.076932,20.342796
1337,19.233481,18.80133,18.727187,18.20376,17.230904,17.045894,19.794911,20.25366,19.206653,19.324661,22.534373,21.712563,20.076932,20.342796,19.018978
1338,18.80133,18.727187,18.20376,17.230904,17.045894,19.794911,20.25366,19.206653,19.324661,22.534373,21.712563,20.076932,20.342796,19.018978,20.650743
1339,18.727187,18.20376,17.230904,17.045894,19.794911,20.25366,19.206653,19.324661,22.534373,21.712563,20.076932,20.342796,19.018978,20.650743,23.020084
1340,18.20376,17.230904,17.045894,19.794911,20.25366,19.206653,19.324661,22.534373,21.712563,20.076932,20.342796,19.018978,20.650743,23.020084,23.94838
1341,17.230904,17.045894,19.794911,20.25366,19.206653,19.324661,22.534373,21.712563,20.076932,20.342796,19.018978,20.650743,23.020084,23.94838,23.405505
1342,17.045894,19.794911,20.25366,19.206653,19.324661,22.534373,21.712563,20.076932,20.342796,19.018978,20.650743,23.020084,23.94838,23.405505,25.167957
1343,19.794911,20.25366,19.206653,19.324661,22.534373,21.712563,20.076932,20.342796,19.018978,20.650743,23.020084,23.94838,23.405505,25.167957,25.493685
1344,20.25366,19.206653,19.324661,22.534373,21.712563,20.076932,20.342796,19.018978,20.650743,23.020084,23.94838,23.405505,25.167957,25.493685,23.784086
1345,19.206653,19.324661,22.534373,21.712563,20.076932,20.342796,19.018978,20.650743,23.020084,23.94838,23.405505,25.167957,25.493685,23.784086,23.704061
1346,19.324661,22.534373,21.712563,20.076932,20.342796,19.018978,20.650743,23.020084,23.94838,23.405505,25.167957,25.493685,23.784086,23.704061,21.581032
1347,22.534373,21.712563,20.076932,20.342796,19.018978,20.650743,23.020084,23.94838,23.405505,25.167957,25.493685,23.784086,23.704061,21.581032,21.22452
1348,21.712563,20.076932,20.342796,19.018978,20.650743,23.020084,23.94838,23.405505,25.167957,25.493685,23.784086,23.704061,21.581032,21.22452,20.042896
1349,20.076932,20.342796,19.018978,20.650743,23.020084,23.94838,23.405505,25.167957,25.493685,23.784086,23.704061,21.581032,21.22452,20.042896,18.966438
1350,20.342796,19.018978,20.650743,23.020084,23.94838,23.405505,25.167957,25.493685,23.784086,23.704061,21.581032,21.22452,20.042896,18.966438,22.939854
1351,19.018978,20.650743,23.020084,23.94838,23.405505,25.167957,25.493685,23.784086,23.704061,21.581032,21.22452,20.042896,18.966438,22.939854,22.346925
1352,20.650743,23.020084,23.94838,23.405505,25.167957,25.493685,23.784086,23.704061,21.581032,21.22452,20.042896,18.966438,22.939854,22.346925,21.365603
1353,23.020084,23.94838,23.405505,25.167957,25.493685,23.784086,23.704061,21.581032,21.22452,20.042896,18.966438,22.939854,22.346925,21.365603,22.675869
1354,23.94838,23.405505,25.167957,25.493685,23.784086,23.704061,21.581032,21.22452,20.042896,18.966438,22.939854,22.346925,21.365603,22.675869,22.75682
1355,23.405505,25.167957,25.493685,23.784086,23.704061,21.581032,21.22452,20.042896,18.966438,22.939854,22.346925,21.365603,22.675869,22.75682,22.244808
1356,25.167957,25.493685,23.784086,23.704061,21.581032,21.22452,20.042896,18.966438,22.939854,22.346925,21.365603,22.675869,22.75682,22.244808,20.966916
1357,25.493685,23.784086,23.704061,21.581032,21.22452,20.042896,18.966438,22.939854,22.346925,21.365603,22.675869,22.75682,22.244808,20.966916,21.182861
1358,23.784086,23.704061,21.581032,21.22452,20.042896,18.966438,22.939854,22.346925,21.365603,22.675869,22.75682,22.244808,20.966916,21.182861,21.951658
1359,23.704061,21.581032,21.22452,20.042896,18.966438,22.939854,22.346925,21.365603,22.675869,22.75682,22.244808,20.966916,21.182861,21.951658,22.817428
1360,21.581032,21.22452,20.042896,18.966438,22.939854,22.346925,21.365603,22.675869,22.75682,22.244808,20.966916,21.182861,21.951658,22.817428,23.226521
1361,21.22452,20.042896,18.966438,22.939854,22.346925,21.365603,22.675869,22.75682,22.244808,20.966916,21.182861,21.951658,22.817428,23.226521,24.108806
1362,20.042896,18.966438,22.939854,22.346925,21.365603,22.675869,22.75682,22.244808,20.966916,21.182861,21.951658,22.817428,23.226521,24.108806,26.768402
1363,18.966438,22.939854,22.346925,21.365603,22.675869,22.75682,22.244808,20.966916,21.182861,21.951658,22.817428,23.226521,24.108806,26.768402,23.256751
1364,22.939854,22.346925,21.365603,22.675869,22.75682,22.244808,20.966916,21.182861,21.951658,22.817428,23.226521,24.108806,26.768402,23.256751,22.961391
1365,22.346925,21.365603,22.675869,22.75682,22.244808,20.966916,21.182861,21.951658,22.817428,23.226521,24.108806,26.768402,23.256751,22.961391,22.496625
1366,21.365603,22.675869,22.75682,22.244808,20.966916,21.182861,21.951658,22.817428,23.226521,24.108806,26.768402,23.256751,22.961391,22.496625,22.871995
1367,22.675869,22.75682,22.244808,20.966916,21.182861,21.951658,22.817428,23.226521,24.108806,26.768402,23.256751,22.961391,22.496625,22.871995,22.672267
1368,22.75682,22.244808,20.966916,21.182861,21.951658,22.817428,23.226521,24.108806,26.768402,23.256751,22.961391,22.496625,22.871995,22.672267,21.950071
1369,22.244808,20.966916,21.182861,21.951658,22.817428,23.226521,24.108806,26.768402,23.256751,22.961391,22.496625,22.871995,22.672267,21.950071,21.35917
1370,20.966916,21.182861,21.951658,22.817428,23.226521,24.108806,26.768402,23.256751,22.961391,22.496625,22.871995,22.672267,21.950071,21.35917,22.576963
1371,21.182861,21.951658,22.817428,23.226521,24.108806,26.768402,23.256751,22.961391,22.496625,22.871995,22.672267,21.950071,21.35917,22.576963,22.788221
1372,21.951658,22.817428,23.226521,24.108806,26.768402,23.256751,22.961391,22.496625,22.871995,22.672267,21.950071,21.35917,22.576963,22.788221,25.09825
1373,22.817428,23.226521,24.108806,26.768402,23.256751,22.961391,22.496625,22.871995,22.672267,21.950071,21.35917,22.576963,22.788221,25.09825,27.996643
1374,23.226521,24.108806,26.768402,23.256751,22.961391,22.496625,22.871995,22.672267,21.950071,21.35917,22.576963,22.788221,25.09825,27.996643,27.719928
1375,24.108806,26.768402,23.256751,22.961391,22.496625,22.871995,22.672267,21.950071,21.35917,22.576963,22.788221,25.09825,27.996643,27.719928,27.34829
1376,26.768402,23.256751,22.961391,22.496625,22.871995,22.672267,21.950071,21.35917,22.576963,22.788221,25.09825,27.996643,27.719928,27.34829,27.934992
1377,23.256751,22.961391,22.496625,22.871995,22.672267,21.950071,21.35917,22.576963,22.788221,25.09825,27.996643,27.719928,27.34829,27.934992,26.071479
1378,22.961391,22.496625,22.871995,22.672267,21.950071,21.35917,22.576963,22.788221,25.09825,27.996643,27.719928,27.34829,27.934992,26.071479,29.086677
1379,22.496625,22.871995,22.672267,21.950071,21.35917,22.576963,22.788221,25.09825,27.996643,27.719928,27.34829,27.934992,26.071479,29.086677,26.790009
1380,22.871995,22.672267,21.950071,21.35917,22.576963,22.788221,25.09825,27.996643,27.719928,27.34829,27.934992,26.071479,29.086677,26.790009,24.759061
1381,22.672267,21.950071,21.35917,22.576963,22.788221,25.09825,27.996643,27.719928,27.34829,27.934992,26.071479,29.086677,26.790009,24.759061,27.31282
1382,21.950071,21.35917,22.576963,22.788221,25.09825,27.996643,27.719928,27.34829,27.934992,26.071479,29.086677,26.790009,24.759061,27.31282,26.768935
1383,21.35917,22.576963,22.788221,25.09825,27.996643,27.719928,27.34829,27.934992,26.071479,29.086677,26.790009,24.759061,27.31282,26.768935,26.746056
1384,22.576963,22.788221,25.09825,27.996643,27.719928,27.34829,27.934992,26.071479,29.086677,26.790009,24.759061,27.31282,26.768935,26.746056,28.236731
1385,22.788221,25.09825,27.996643,27.719928,27.34829,27.934992,26.071479,29.086677,26.790009,24.759061,27.31282,26.768935,26.746056,28.236731,31.196563
1386,25.09825,27.996643,27.719928,27.34829,27.934992,26.071479,29.086677,26.790009,24.759061,27.31282,26.768935,26.746056,28.236731,31.196563,30.495295
1387,27.996643,27.719928,27.34829,27.934992,26.071479,29.086677,26.790009,24.759061,27.31282,26.768935,26.746056,28.236731,31.196563,30.495295,28.260214
1388,27.719928,27.34829,27.934992,26.071479,29.086677,26.790009,24.759061,27.31282,26.768935,26.746056,28.236731,31.196563,30.495295,28.260214,27.966287
1389,27.34829,27.934992,26.071479,29.086677,26.790009,24.759061,27.31282,26.768935,26.746056,28.236731,31.196563,30.495295,28.260214,27.966287,30.00557
1390,27.934992,26.071479,29.086677,26.790009,24.759061,27.31282,26.768935,26.746056,28.236731,31.196563,30.495295,28.260214,27.966287,30.00557,28.42712
1391,26.071479,29.086677,26.790009,24.759061,27.31282,26.768935,26.746056,28.236731,31.196563,30.495295,28.260214,27.966287,30.00557,28.42712,28.047379
1392,29.086677,26.790009,24.759061,27.31282,26.768935,26.746056,28.236731,31.196563,30.495295,28.260214,27.966287,30.00557,28.42712,28.047379,26.278344
1393,26.790009,24.759061,27.31282,26.768935,26.746056,28.236731,31.196563,30.495295,28.260214,27.966287,30.00557,28.42712,28.047379,26.278344,24.061888
1394,24.759061,27.31282,26.768935,26.746056,28.236731,31.196563,30.495295,28.260214,27.966287,30.00557,28.42712,28.047379,26.278344,24.061888,23.278966
1395,27.31282,26.768935,26.746056,28.236731,31.196563,30.495295,28.260214,27.966287,30.00557,28.42712,28.047379,26.278344,24.061888,23.278966,24.000053
1396,26.768935,26.746056,28.236731,31.196563,30.495295,28.260214,27.966287,30.00557,28.42712,28.047379,26.278344,24.061888,23.278966,24.000053,28.995897
1397,26.746056,28.236731,31.196563,30.495295,28.260214,27.966287,30.00557,28.42712,28.047379,26.278344,24.061888,23.278966,24.000053,28.995897,24.660281
1398,28.236731,31.196563,30.495295,28.260214,27.966287,30.00557,28.42712,28.047379,26.278344,24.061888,23.278966,24.000053,28.995897,24.660281,23.934176
1399,31.196563,30.495295,28.260214,27.966287,30.00557,28.42712,28.047379,26.278344,24.061888,23.278966,24.000053,28.995897,24.660281,23.934176,24.178454
1400,30.495295,28.260214,27.966287,30.00557,28.42712,28.047379,26.278344,24.061888,23.278966,24.000053,28.995897,24.660281,23.934176,24.178454,23.847209
1401,28.260214,27.966287,30.00557,28.42712,28.047379,26.278344,24.061888,23.278966,24.000053,28.995897,24.660281,23.934176,24.178454,23.847209,24.019856
1402,27.966287,30.00557,28.42712,28.047379,26.278344,24.061888,23.278966,24.000053,28.995897,24.660281,23.934176,24.178454,23.847209,24.019856,23.331062
1403,30.00557,28.42712,28.047379,26.278344,24.061888,23.278966,24.000053,28.995897,24.660281,23.934176,24.178454,23.847209,24.019856,23.331062,22.624634
1404,28.42712,28.047379,26.278344,24.061888,23.278966,24.000053,28.995897,24.660281,23.934176,24.178454,23.847209,24.019856,23.331062,22.624634,21.997718
1405,28.047379,26.278344,24.061888,23.278966,24.000053,28.995897,24.660281,23.934176,24.178454,23.847209,24.019856,23.331062,22.624634,21.997718,21.919922
1406,26.278344,24.061888,23.278966,24.000053,28.995897,24.660281,23.934176,24.178454,23.847209,24.019856,23.331062,22.624634,21.997718,21.919922,24.233311
1407,24.061888,23.278966,24.000053,28.995897,24.660281,23.934176,24.178454,23.847209,24.019856,23.331062,22.624634,21.997718,21.919922,24.233311,23.893739
1408,23.278966,24.000053,28.995897,24.660281,23.934176,24.178454,23.847209,24.019856,23.331062,22.624634,21.997718,21.919922,24.233311,23.893739,24.425623
1409,24.000053,28.995897,24.660281,23.934176,24.178454,23.847209,24.019856,23.331062,22.624634,21.997718,21.919922,24.233311,23.893739,24.425623,22.907689
1410,28.995897,24.660281,23.934176,24.178454,23.847209,24.019856,23.331062,22.624634,21.997718,21.919922,24.233311,23.893739,24.425623,22.907689,21.293383
1411,24.660281,23.934176,24.178454,23.847209,24.019856,23.331062,22.624634,21.997718,21.919922,24.233311,23.893739,24.425623,22.907689,21.293383,19.728635
1412,23.934176,24.178454,23.847209,24.019856,23.331062,22.624634,21.997718,21.919922,24.233311,23.893739,24.425623,22.907689,21.293383,19.728635,20.748132
1413,24.178454,23.847209,24.019856,23.331062,22.624634,21.997718,21.919922,24.233311,23.893739,24.425623,22.907689,21.293383,19.728635,20.748132,20.622073
1414,23.847209,24.019856,23.331062,22.624634,21.997718,21.919922,24.233311,23.893739,24.425623,22.907689,21.293383,19.728635,20.748132,20.622073,20.952779
1415,24.019856,23.331062,22.624634,21.997718,21.919922,24.233311,23.893739,24.425623,22.907689,21.293383,19.728635,20.748132,20.622073,20.952779,22.9761
1416,23.331062,22.624634,21.997718,21.919922,24.233311,23.893739,24.425623,22.907689,21.293383,19.728635,20.748132,20.622073,20.952779,22.9761,22.247895
1417,22.624634,21.997718,21.919922,24.233311,23.893739,24.425623,22.907689,21.293383,19.728635,20.748132,20.622073,20.952779,22.9761,22.247895,21.256963
1418,21.997718,21.919922,24.233311,23.893739,24.425623,22.907689,21.293383,19.728635,20.748132,20.622073,20.952779,22.9761,22.247895,21.256963,21.112627
1419,21.919922,24.233311,23.893739,24.425623,22.907689,21.293383,19.728635,20.748132,20.622073,20.952779,22.9761,22.247895,21.256963,21.112627,20.203581
1420,24.233311,23.893739,24.425623,22.907689,21.293383,19.728635,20.748132,20.622073,20.952779,22.9761,22.247895,21.256963,21.112627,20.203581,19.181909
1421,23.893739,24.425623,22.907689,21.293383,19.728635,20.748132,20.622073,20.952779,22.9761,22.247895,21.256963,21.112627,20.203581,19.181909,18.799082
1422,24.425623,22.907689,21.293383,19.728635,20.748132,20.622073,20.952779,22.9761,22.247895,21.256963,21.112627,20.203581,19.181909,18.799082,18.312532
1423,22.907689,21.293383,19.728635,20.748132,20.622073,20.952779,22.9761,22.247895,21.256963,21.112627,20.203581,19.181909,18.799082,18.312532,18.156885
1424,21.293383,19.728635,20.748132,20.622073,20.952779,22.9761,22.247895,21.256963,21.112627,20.203581,19.181909,18.799082,18.312532,18.156885,19.890422
1425,19.728635,20.748132,20.622073,20.952779,22.9761,22.247895,21.256963,21.112627,20.203581,19.181909,18.799082,18.312532,18.156885,19.890422,19.943594
1426,20.748132,20.622073,20.952779,22.9761,22.247895,21.256963,21.112627,20.203581,19.181909,18.799082,18.312532,18.156885,19.890422,19.943594,21.99687
1427,20.622073,20.952779,22.9761,22.247895,21.256963,21.112627,20.203581,19.181909,18.799082,18.312532,18.156885,19.890422,19.943594,21.99687,21.54074
1428,20.952779,22.9761,22.247895,21.256963,21.112627,20.203581,19.181909,18.799082,18.312532,18.156885,19.890422,19.943594,21.99687,21.54074,21.777153
1429,22.9761,22.247895,21.256963,21.112627,20.203581,19.181909,18.799082,18.312532,18.156885,19.890422,19.943594,21.99687,21.54074,21.777153,20.879112
1430,22.247895,21.256963,21.112627,20.203581,19.181909,18.799082,18.312532,18.156885,19.890422,19.943594,21.99687,21.54074,21.777153,20.879112,20.379701
1431,21.256963,21.112627,20.203581,19.181909,18.799082,18.312532,18.156885,19.890422,19.943594,21.99687,21.54074,21.777153,20.879112,20.379701,20.134762
1432,21.112627,20.203581,19.181909,18.799082,18.312532,18.156885,19.890422,19.943594,21.99687,21.54074,21.777153,20.879112,20.379701,20.134762,22.19771
1433,20.203581,19.181909,18.799082,18.312532,18.156885,19.890422,19.943594,21.99687,21.54074,21.777153,20.879112,20.379701,20.134762,22.19771,23.104942
1434,19.181909,18.799082,18.312532,18.156885,19.890422,19.943594,21.99687,21.54074,21.777153,20.879112,20.379701,20.134762,22.19771,23.104942,26.308696
1435,18.799082,18.312532,18.156885,19.890422,19.943594,21.99687,21.54074,21.777153,20.879112,20.379701,20.134762,22.19771,23.104942,26.308696,28.668738
1436,18.312532,18.156885,19.890422,19.943594,21.99687,21.54074,21.777153,20.879112,20.379701,20.134762,22.19771,23.104942,26.308696,28.668738,28.767998
1437,18.156885,19.890422,19.943594,21.99687,21.54074,21.777153,20.879112,20.379701,20.134762,22.19771,23.104942,26.308696,28.668738,28.767998,30.220553
1438,19.890422,19.943594,21.99687,21.54074,21.777153,20.879112,20.379701,20.134762,22.19771,23.104942,26.308696,28.668738,28.767998,30.220553,30.759951
1439,19.943594,21.99687,21.54074,21.777153,20.879112,20.379701,20.134762,22.19771,23.104942,26.308696,28.668738,28.767998,30.220553,30.759951,30.401718
1440,21.99687,21.54074,21.777153,20.879112,20.379701,20.134762,22.19771,23.104942,26.308696,28.668738,28.767998,30.220553,30.759951,30.401718,29.31098
1441,21.54074,21.777153,20.879112,20.379701,20.134762,22.19771,23.104942,26.308696,28.668738,28.767998,30.220553,30.759951,30.401718,29.31098,27.33499
1442,21.777153,20.879112,20.379701,20.134762,22.19771,23.104942,26.308696,28.668738,28.767998,30.220553,30.759951,30.401718,29.31098,27.33499,29.804261
1443,20.879112,20.379701,20.134762,22.19771,23.104942,26.308696,28.668738,28.767998,30.220553,30.759951,30.401718,29.31098,27.33499,29.804261,31.059189
1444,20.379701,20.134762,22.19771,23.104942,26.308696,28.668738,28.767998,30.220553,30.759951,30.401718,29.31098,27.33499,29.804261,31.059189,35.624498
1445,20.134762,22.19771,23.104942,26.308696,28.668738,28.767998,30.220553,30.759951,30.401718,29.31098,27.33499,29.804261,31.059189,35.624498,33.892937
1446,22.19771,23.104942,26.308696,28.668738,28.767998,30.220553,30.759951,30.401718,29.31098,27.33499,29.804261,31.059189,35.624498,33.892937,35.759152
1447,23.104942,26.308696,28.668738,28.767998,30.220553,30.759951,30.401718,29.31098,27.33499,29.804261,31.059189,35.624498,33.892937,35.759152,38.413274
1448,26.308696,28.668738,28.767998,30.220553,30.759951,30.401718,29.31098,27.33499,29.804261,31.059189,35.624498,33.892937,35.759152,38.413274,42.86673
1449,28.668738,28.767998,30.220553,30.759951,30.401718,29.31098,27.33499,29.804261,31.059189,35.624498,33.892937,35.759152,38.413274,42.86673,44.859749
1450,28.767998,30.220553,30.759951,30.401718,29.31098,27.33499,29.804261,31.059189,35.624498,33.892937,35.759152,38.413274,42.86673,44.859749,47.380662
1451,30.220553,30.759951,30.401718,29.31098,27.33499,29.804261,31.059189,35.624498,33.892937,35.759152,38.413274,42.86673,44.859749,47.380662,52.221456
1452,30.759951,30.401718,29.31098,27.33499,29.804261,31.059189,35.624498,33.892937,35.759152,38.413274,42.86673,44.859749,47.380662,52.221456,51.380448
1453,30.401718,29.31098,27.33499,29.804261,31.059189,35.624498,33.892937,35.759152,38.413274,42.86673,44.859749,47.380662,52.221456,51.380448,56.398652
1454,29.31098,27.33499,29.804261,31.059189,35.624498,33.892937,35.759152,38.413274,42.86673,44.859749,47.380662,52.221456,51.380448,56.398652,59.055358
1455,27.33499,29.804261,31.059189,35.624498,33.892937,35.759152,38.413274,42.86673,44.859749,47.380662,52.221456,51.380448,56.398652,59.055358,62.124754
1456,29.804261,31.059189,35.624498,33.892937,35.759152,38.413274,42.86673,44.859749,47.380662,52.221456,51.380448,56.398652,59.055358,62.124754,64.686369
1457,31.059189,35.624498,33.892937,35.759152,38.413274,42.86673,44.859749,47.380662,52.221456,51.380448,56.398652,59.055358,62.124754,64.686369,60.804883
1458,35.624498,33.892937,35.759152,38.413274,42.86673,44.859749,47.380662,52.221456,51.380448,56.398652,59.055358,62.124754,64.686369,60.804883,64.121026
1459,33.892937,35.759152,38.413274,42.86673,44.859749,47.380662,52.221456,51.380448,56.398652,59.055358,62.124754,64.686369,60.804883,64.121026,60.794287
1460,35.759152,38.413274,42.86673,44.859749,47.380662,52.221456,51.380448,56.398652,59.055358,62.124754,64.686369,60.804883,64.121026,60.794287,60.177778
1461,38.413274,42.86673,44.859749,47.380662,52.221456,51.380448,56.398652,59.055358,62.124754,64.686369,60.804883,64.121026,60.794287,60.177778,59.812755
1462,42.86673,44.859749,47.380662,52.221456,51.380448,56.398652,59.055358,62.124754,64.686369,60.804883,64.121026,60.794287,60.177778,59.812755,61.530885
1463,44.859749,47.380662,52.221456,51.380448,56.398652,59.055358,62.124754,64.686369,60.804883,64.121026,60.794287,60.177778,59.812755,61.530885,59.347609
1464,47.380662,52.221456,51.380448,56.398652,59.055358,62.124754,64.686369,60.804883,64.121026,60.794287,60.177778,59.812755,61.530885,59.347609,60.717507
1465,52.221456,51.380448,56.398652,59.055358,62.124754,64.686369,60.804883,64.121026,60.794287,60.177778,59.812755,61.530885,59.347609,60.717507,60.650011
1466,51.380448,56.398652,59.055358,62.124754,64.686369,60.804883,64.121026,60.794287,60.177778,59.812755,61.530885,59.347609,60.717507,60.650011,56.667283
1467,56.398652,59.055358,62.124754,64.686369,60.804883,64.121026,60.794287,60.177778,59.812755,61.530885,59.347609,60.717507,60.650011,56.667283,57.929676
1468,59.055358,62.124754,64.686369,60.804883,64.121026,60.794287,60.177778,59.812755,61.530885,59.347609,60.717507,60.650011,56.667283,57.929676,59.834336
1469,62.124754,64.686369,60.804883,64.121026,60.794287,60.177778,59.812755,61.530885,59.347609,60.717507,60.650011,56.667283,57.929676,59.834336,61.962281
1470,64.686369,60.804883,64.121026,60.794287,60.177778,59.812755,61.530885,59.347609,60.717507,60.650011,56.667283,57.929676,59.834336,61.962281,60.396115
1471,60.804883,64.121026,60.794287,60.177778,59.812755,61.530885,59.347609,60.717507,60.650011,56.667283,57.929676,59.834336,61.962281,60.396115,61.872577
1472,64.121026,60.794287,60.177778,59.812755,61.530885,59.347609,60.717507,60.650011,56.667283,57.929676,59.834336,61.962281,60.396115,61.872577,60.127185
1473,60.794287,60.177778,59.812755,61.530885,59.347609,60.717507,60.650011,56.667283,57.929676,59.834336,61.962281,60.396115,61.872577,60.127185,60.74525
1474,60.177778,59.812755,61.530885,59.347609,60.717507,60.650011,56.667283,57.929676,59.834336,61.962281,60.396115,61.872577,60.127185,60.74525,61.287324
1475,59.812755,61.530885,59.347609,60.717507,60.650011,56.667283,57.929676,59.834336,61.962281,60.396115,61.872577,60.127185,60.74525,61.287324,60.983007
1476,61.530885,59.347609,60.717507,60.650011,56.667283,57.929676,59.834336,61.962281,60.396115,61.872577,60.127185,60.74525,61.287324,60.983007,59.343322
1477,59.347609,60.717507,60.650011,56.667283,57.929676,59.834336,61.962281,60.396115,61.872577,60.127185,60.74525,61.287324,60.983007,59.343322,59.135386
1478,60.717507,60.650011,56.667283,57.929676,59.834336,61.962281,60.396115,61.872577,60.127185,60.74525,61.287324,60.983007,59.343322,59.135386,60.584926
1479,60.650011,56.667283,57.929676,59.834336,61.962281,60.396115,61.872577,60.127185,60.74525,61.287324,60.983007,59.343322,59.135386,60.584926,60.489418
1480,56.667283,57.929676,59.834336,61.962281,60.396115,61.872577,60.127185,60.74525,61.287324,60.983007,59.343322,59.135386,60.584926,60.489418,58.662411
1481,57.929676,59.834336,61.962281,60.396115,61.872577,60.127185,60.74525,61.287324,60.983007,59.343322,59.135386,60.584926,60.489418,58.662411,59.912137
1482,59.834336,61.962281,60.396115,61.872577,60.127185,60.74525,61.287324,60.983007,59.343322,59.135386,60.584926,60.489418,58.662411,59.912137,59.167174
1483,61.962281,60.396115,61.872577,60.127185,60.74525,61.287324,60.983007,59.343322,59.135386,60.584926,60.489418,58.662411,59.912137,59.167174,58.68616
1484,60.396115,61.872577,60.127185,60.74525,61.287324,60.983007,59.343322,59.135386,60.584926,60.489418,58.662411,59.912137,59.167174,58.68616,59.940696
1485,61.872577,60.127185,60.74525,61.287324,60.983007,59.343322,59.135386,60.584926,60.489418,58.662411,59.912137,59.167174,58.68616,59.940696,61.858358
1486,60.127185,60.74525,61.287324,60.983007,59.343322,59.135386,60.584926,60.489418,58.662411,59.912137,59.167174,58.68616,59.940696,61.858358,62.990683
1487,60.74525,61.287324,60.983007,59.343322,59.135386,60.584926,60.489418,58.662411,59.912137,59.167174,58.68616,59.940696,61.858358,62.990683,62.419112
1488,61.287324,60.983007,59.343322,59.135386,60.584926,60.489418,58.662411,59.912137,59.167174,58.68616,59.940696,61.858358,62.990683,62.419112,62.291831
1489,60.983007,59.343322,59.135386,60.584926,60.489418,58.662411,59.912137,59.167174,58.68616,59.940696,61.858358,62.990683,62.419112,62.291831,61.418088
1490,59.343322,59.135386,60.584926,60.489418,58.662411,59.912137,59.167174,58.68616,59.940696,61.858358,62.990683,62.419112,62.291831,61.418088,63.214751
1491,59.135386,60.584926,60.489418,58.662411,59.912137,59.167174,58.68616,59.940696,61.858358,62.990683,62.419112,62.291831,61.418088,63.214751,62.973697
1492,60.584926,60.489418,58.662411,59.912137,59.167174,58.68616,59.940696,61.858358,62.990683,62.419112,62.291831,61.418088,63.214751,62.973697,61.135069
1493,60.489418,58.662411,59.912137,59.167174,58.68616,59.940696,61.858358,62.990683,62.419112,62.291831,61.418088,63.214751,62.973697,61.135069,60.22864
1494,58.662411,59.912137,59.167174,58.68616,59.940696,61.858358,62.990683,62.419112,62.291831,61.418088,63.214751,62.973697,61.135069,60.22864,60.349629
1495,59.912137,59.167174,58.68616,59.940696,61.858358,62.990683,62.419112,62.291831,61.418088,63.214751,62.973697,61.135069,60.22864,60.349629,58.967913
1496,59.167174,58.68616,59.940696,61.858358,62.990683,62.419112,62.291831,61.418088,63.214751,62.973697,61.135069,60.22864,60.349629,58.967913,58.442517
1497,58.68616,59.940696,61.858358,62.990683,62.419112,62.291831,61.418088,63.214751,62.973697,61.135069,60.22864,60.349629,58.967913,58.442517,57.598242
1498,59.940696,61.858358,62.990683,62.419112,62.291831,61.418088,63.214751,62.973697,61.135069,60.22864,60.349629,58.967913,58.442517,57.598242,56.593436
1499,61.858358,62.990683,62.419112,62.291831,61.418088,63.214751,62.973697,61.135069,60.22864,60.349629,58.967913,58.442517,57.598242,56.593436,54.788837
1500,62.990683,62.419112,62.291831,61.418088,63.214751,62.973697,61.135069,60.22864,60.349629,58.967913,58.442517,57.598242,56.593436,54.788837,54.547278
1501,62.419112,62.291831,61.418088,63.214751,62.973697,61.135069,60.22864,60.349629,58.967913,58.442517,57.598242,56.593436,54.788837,54.547278,51.823048
1502,62.291831,61.418088,63.214751,62.973697,61.135069,60.22864,60.349629,58.967913,58.442517,57.598242,56.593436,54.788837,54.547278,51.823048,51.701264
1503,61.418088,63.214751,62.973697,61.135069,60.22864,60.349629,58.967913,58.442517,57.598242,56.593436,54.788837,54.547278,51.823048,51.701264,50.16415
1504,63.214751,62.973697,61.135069,60.22864,60.349629,58.967913,58.442517,57.598242,56.593436,54.788837,54.547278,51.823048,51.701264,50.16415,47.386338
1505,62.973697,61.135069,60.22864,60.349629,58.967913,58.442517,57.598242,56.593436,54.788837,54.547278,51.823048,51.701264,50.16415,47.386338,45.491485
1506,61.135069,60.22864,60.349629,58.967913,58.442517,57.598242,56.593436,54.788837,54.547278,51.823048,51.701264,50.16415,47.386338,45.491485,43.47689
1507,60.22864,60.349629,58.967913,58.442517,57.598242,56.593436,54.788837,54.547278,51.823048,51.701264,50.16415,47.386338,45.491485,43.47689,40.811879
1508,60.349629,58.967913,58.442517,57.598242,56.593436,54.788837,54.547278,51.823048,51.701264,50.16415,47.386338,45.491485,43.47689,40.811879,42.027092
1509,58.967913,58.442517,57.598242,56.593436,54.788837,54.547278,51.823048,51.701264,50.16415,47.386338,45.491485,43.47689,40.811879,42.027092,40.682973
1510,58.442517,57.598242,56.593436,54.788837,54.547278,51.823048,51.701264,50.16415,47.386338,45.491485,43.47689,40.811879,42.027092,40.682973,39.998624
1511,57.598242,56.593436,54.788837,54.547278,51.823048,51.701264,50.16415,47.386338,45.491485,43.47689,40.811879,42.027092,40.682973,39.998624,38.92662
1512,56.593436,54.788837,54.547278,51.823048,51.701264,50.16415,47.386338,45.491485,43.47689,40.811879,42.027092,40.682973,39.998624,38.92662,38.717424
1513,54.788837,54.547278,51.823048,51.701264,50.16415,47.386338,45.491485,43.47689,40.811879,42.027092,40.682973,39.998624,38.92662,38.717424,36.904651
1514,54.547278,51.823048,51.701264,50.16415,47.386338,45.491485,43.47689,40.811879,42.027092,40.682973,39.998624,38.92662,38.717424,36.904651,35.100188
1515,51.823048,51.701264,50.16415,47.386338,45.491485,43.47689,40.811879,42.027092,40.682973,39.998624,38.92662,38.717424,36.904651,35.100188,34.245336
1516,51.701264,50.16415,47.386338,45.491485,43.47689,40.811879,42.027092,40.682973,39.998624,38.92662,38.717424,36.904651,35.100188,34.245336,34.238988
1517,50.16415,47.386338,45.491485,43.47689,40.811879,42.027092,40.682973,39.998624,38.92662,38.717424,36.904651,35.100188,34.245336,34.238988,34.157845
1518,47.386338,45.491485,43.47689,40.811879,42.027092,40.682973,39.998624,38.92662,38.717424,36.904651,35.100188,34.245336,34.238988,34.157845,33.575223
1519,45.491485,43.47689,40.811879,42.027092,40.682973,39.998624,38.92662,38.717424,36.904651,35.100188,34.245336,34.238988,34.157845,33.575223,31.927659
1520,43.47689,40.811879,42.027092,40.682973,39.998624,38.92662,38.717424,36.904651,35.100188,34.245336,34.238988,34.157845,33.575223,31.927659,32.15591
1521,40.811879,42.027092,40.682973,39.998624,38.92662,38.717424,36.904651,35.100188,34.245336,34.238988,34.157845,33.575223,31.927659,32.15591,32.60255
1522,42.027092,40.682973,39.998624,38.92662,38.717424,36.904651,35.100188,34.245336,34.238988,34.157845,33.575223,31.927659,32.15591,32.60255,32.094307
1523,40.682973,39.998624,38.92662,38.717424,36.904651,35.100188,34.245336,34.238988,34.157845,33.575223,31.927659,32.15591,32.60255,32.094307,31.175758
1524,39.998624,38.92662,38.717424,36.904651,35.100188,34.245336,34.238988,34.157845,33.575223,31.927659,32.15591,32.60255,32.094307,31.175758,30.319856
1525,38.92662,38.717424,36.904651,35.100188,34.245336,34.238988,34.157845,33.575223,31.927659,32.15591,32.60255,32.094307,31.175758,30.319856,28.065861
1526,38.717424,36.904651,35.100188,34.245336,34.238988,34.157845,33.575223,31.927659,32.15591,32.60255,32.094307,31.175758,30.319856,28.065861,26.840751
1527,36.904651,35.100188,34.245336,34.238988,34.157845,33.575223,31.927659,32.15591,32.60255,32.094307,31.175758,30.319856,28.065861,26.840751,27.378821
1528,35.100188,34.245336,34.238988,34.157845,33.575223,31.927659,32.15591,32.60255,32.094307,31.175758,30.319856,28.065861,26.840751,27.378821,28.049936
1529,34.245336,34.238988,34.157845,33.575223,31.927659,32.15591,32.60255,32.094307,31.175758,30.319856,28.065861,26.840751,27.378821,28.049936,28.295361
1530,34.238988,34.157845,33.575223,31.927659,32.15591,32.60255,32.094307,31.175758,30.319856,28.065861,26.840751,27.378821,28.049936,28.295361,27.853522
1531,34.157845,33.575223,31.927659,32.15591,32.60255,32.094307,31.175758,30.319856,28.065861,26.840751,27.378821,28.049936,28.295361,27.853522,27.967758
1532,33.575223,31.927659,32.15591,32.60255,32.094307,31.175758,30.319856,28.065861,26.840751,27.378821,28.049936,28.295361,27.853522,27.967758,27.019131
1533,31.927659,32.15591,32.60255,32.094307,31.175758,30.319856,28.065861,26.840751,27.378821,28.049936,28.295361,27.853522,27.967758,27.019131,26.378256
1534,32.15591,32.60255,32.094307,31.175758,30.319856,28.065861,26.840751,27.378821,28.049936,28.295361,27.853522,27.967758,27.019131,26.378256,25.796235
1535,32.60255,32.094307,31.175758,30.319856,28.065861,26.840751,27.378821,28.049936,28.295361,27.853522,27.967758,27.019131,26.378256,25.796235,24.362347
1536,32.094307,31.175758,30.319856,28.065861,26.840751,27.378821,28.049936,28.295361,27.853522,27.967758,27.019131,26.378256,25.796235,24.362347,22.183465
1537,31.175758,30.319856,28.065861,26.840751,27.378821,28.049936,28.295361,27.853522,27.967758,27.019131,26.378256,25.796235,24.362347,22.183465,23.211056
1538,30.319856,28.065861,26.840751,27.378821,28.049936,28.295361,27.853522,27.967758,27.019131,26.378256,25.796235,24.362347,22.183465,23.211056,23.595814
1539,28.065861,26.840751,27.378821,28.049936,28.295361,27.853522,27.967758,27.019131,26.378256,25.796235,24.362347,22.183465,23.211056,23.595814,22.042866
1540,26.840751,27.378821,28.049936,28.295361,27.853522,27.967758,27.019131,26.378256,25.796235,24.362347,22.183465,23.211056,23.595814,22.042866,21.839315
1541,27.378821,28.049936,28.295361,27.853522,27.967758,27.019131,26.378256,25.796235,24.362347,22.183465,23.211056,23.595814,22.042866,21.839315,22.090083
1542,28.049936,28.295361,27.853522,27.967758,27.019131,26.378256,25.796235,24.362347,22.183465,23.211056,23.595814,22.042866,21.839315,22.090083,22.108214
1543,28.295361,27.853522,27.967758,27.019131,26.378256,25.796235,24.362347,22.183465,23.211056,23.595814,22.042866,21.839315,22.090083,22.108214,22.710136
1544,27.853522,27.967758,27.019131,26.378256,25.796235,24.362347,22.183465,23.211056,23.595814,22.042866,21.839315,22.090083,22.108214,22.710136,21.230321
1545,27.967758,27.019131,26.378256,25.796235,24.362347,22.183465,23.211056,23.595814,22.042866,21.839315,22.090083,22.108214,22.710136,21.230321,19.995193
1546,27.019131,26.378256,25.796235,24.362347,22.183465,23.211056,23.595814,22.042866,21.839315,22.090083,22.108214,22.710136,21.230321,19.995193,19.500957
1547,26.378256,25.796235,24.362347,22.183465,23.211056,23.595814,22.042866,21.839315,22.090083,22.108214,22.710136,21.230321,19.995193,19.500957,19.158855
1548,25.796235,24.362347,22.183465,23.211056,23.595814,22.042866,21.839315,22.090083,22.108214,22.710136,21.230321,19.995193,19.500957,19.158855,18.785547
1549,24.362347,22.183465,23.211056,23.595814,22.042866,21.839315,22.090083,22.108214,22.710136,21.230321,19.995193,19.500957,19.158855,18.785547,19.126642
1550,22.183465,23.211056,23.595814,22.042866,21.839315,22.090083,22.108214,22.710136,21.230321,19.995193,19.500957,19.158855,18.785547,19.126642,19.487883
1551,23.211056,23.595814,22.042866,21.839315,22.090083,22.108214,22.710136,21.230321,19.995193,19.500957,19.158855,18.785547,19.126642,19.487883,19.655911
1552,23.595814,22.042866,21.839315,22.090083,22.108214,22.710136,21.230321,19.995193,19.500957,19.158855,18.785547,19.126642,19.487883,19.655911,18.589491
1553,22.042866,21.839315,22.090083,22.108214,22.710136,21.230321,19.995193,19.500957,19.158855,18.785547,19.126642,19.487883,19.655911,18.589491,18.163213
1554,21.839315,22.090083,22.108214,22.710136,21.230321,19.995193,19.500957,19.158855,18.785547,19.126642,19.487883,19.655911,18.589491,18.163213,17.240166
1555,22.090083,22.108214,22.710136,21.230321,19.995193,19.500957,19.158855,18.785547,19.126642,19.487883,19.655911,18.589491,18.163213,17.240166,17.208772
1556,22.108214,22.710136,21.230321,19.995193,19.500957,19.158855,18.785547,19.126642,19.487883,19.655911,18.589491,18.163213,17.240166,17.208772,17.029097
1557,22.710136,21.230321,19.995193,19.500957,19.158855,18.785547,19.126642,19.487883,19.655911,18.589491,18.163213,17.240166,17.208772,17.029097,17.336591
1558,21.230321,19.995193,19.500957,19.158855,18.785547,19.126642,19.487883,19.655911,18.589491,18.163213,17.240166,17.208772,17.029097,17.336591,17.324588
1559,19.995193,19.500957,19.158855,18.785547,19.126642,19.487883,19.655911,18.589491,18.163213,17.240166,17.208772,17.029097,17.336591,17.324588,16.744667
1560,19.500957,19.158855,18.785547,19.126642,19.487883,19.655911,18.589491,18.163213,17.240166,17.208772,17.029097,17.336591,17.324588,16.744667,15.249416
1561,19.158855,18.785547,19.126642,19.487883,19.655911,18.589491,18.163213,17.240166,17.208772,17.029097,17.336591,17.324588,16.744667,15.249416,16.299336
1562,18.785547,19.126642,19.487883,19.655911,18.589491,18.163213,17.240166,17.208772,17.029097,17.336591,17.324588,16.744667,15.249416,16.299336,16.029451
1563,19.126642,19.487883,19.655911,18.589491,18.163213,17.240166,17.208772,17.029097,17.336591,17.324588,16.744667,15.249416,16.299336,16.029451,15.716962
1564,19.487883,19.655911,18.589491,18.163213,17.240166,17.208772,17.029097,17.336591,17.324588,16.744667,15.249416,16.299336,16.029451,15.716962,14.545228
1565,19.655911,18.589491,18.163213,17.240166,17.208772,17.029097,17.336591,17.324588,16.744667,15.249416,16.299336,16.029451,15.716962,14.545228,13.671028
1566,18.589491,18.163213,17.240166,17.208772,17.029097,17.336591,17.324588,16.744667,15.249416,16.299336,16.029451,15.716962,14.545228,13.671028,13.805819
1567,18.163213,17.240166,17.208772,17.029097,17.336591,17.324588,16.744667,15.249416,16.299336,16.029451,15.716962,14.545228,13.671028,13.805819,13.661864
1568,17.240166,17.208772,17.029097,17.336591,17.324588,16.744667,15.249416,16.299336,16.029451,15.716962,14.545228,13.671028,13.805819,13.661864,14.225817
1569,17.208772,17.029097,17.336591,17.324588,16.744667,15.249416,16.299336,16.029451,15.716962,14.545228,13.671028,13.805819,13.661864,14.225817,14.993839
1570,17.029097,17.336591,17.324588,16.744667,15.249416,16.299336,16.029451,15.716962,14.545228,13.671028,13.805819,13.661864,14.225817,14.993839,15.053765
1571,17.336591,17.324588,16.744667,15.249416,16.299336,16.029451,15.716962,14.545228,13.671028,13.805819,13.661864,14.225817,14.993839,15.053765,15.954807
1572,17.324588,16.744667,15.249416,16.299336,16.029451,15.716962,14.545228,13.671028,13.805819,13.661864,14.225817,14.993839,15.053765,15.954807,14.86057
1573,16.744667,15.249416,16.299336,16.029451,15.716962,14.545228,13.671028,13.805819,13.661864,14.225817,14.993839,15.053765,15.954807,14.86057,13.981872
1574,15.249416,16.299336,16.029451,15.716962,14.545228,13.671028,13.805819,13.661864,14.225817,14.993839,15.053765,15.954807,14.86057,13.981872,13.59573
1575,16.299336,16.029451,15.716962,14.545228,13.671028,13.805819,13.661864,14.225817,14.993839,15.053765,15.954807,14.86057,13.981872,13.59573,13.627506
1576,16.029451,15.716962,14.545228,13.671028,13.805819,13.661864,14.225817,14.993839,15.053765,15.954807,14.86057,13.981872,13.59573,13.627506,13.970818
1577,15.716962,14.545228,13.671028,13.805819,13.661864,14.225817,14.993839,15.053765,15.954807,14.86057,13.981872,13.59573,13.627506,13.970818,13.984091
1578,14.545228,13.671028,13.805819,13.661864,14.225817,14.993839,15.053765,15.954807,14.86057,13.981872,13.59573,13.627506,13.970818,13.984091,14.028379
1579,13.671028,13.805819,13.661864,14.225817,14.993839,15.053765,15.954807,14.86057,13.981872,13.59573,13.627506,13.970818,13.984091,14.028379,13.282196
1580,13.805819,13.661864,14.225817,14.993839,15.053765,15.954807,14.86057,13.981872,13.59573,13.627506,13.970818,13.984091,14.028379,13.282196,13.347576
1581,13.661864,14.225817,14.993839,15.053765,15.954807,14.86057,13.981872,13.59573,13.627506,13.970818,13.984091,14.028379,13.282196,13.347576,13.171725
1582,14.225817,14.993839,15.053765,15.954807,14.86057,13.981872,13.59573,13.627506,13.970818,13.984091,14.028379,13.282196,13.347576,13.171725,14.546403
1583,14.993839,15.053765,15.954807,14.86057,13.981872,13.59573,13.627506,13.970818,13.984091,14.028379,13.282196,13.347576,13.171725,14.546403,14.561181
1584,15.053765,15.954807,14.86057,13.981872,13.59573,13.627506,13.970818,13.984091,14.028379,13.282196,13.347576,13.171725,14.546403,14.561181,14.517043
1585,15.954807,14.86057,13.981872,13.59573,13.627506,13.970818,13.984091,14.028379,13.282196,13.347576,13.171725,14.546403,14.561181,14.517043,14.609421
1586,14.86057,13.981872,13.59573,13.627506,13.970818,13.984091,14.028379,13.282196,13.347576,13.171725,14.546403,14.561181,14.517043,14.609421,14.758928
1587,13.981872,13.59573,13.627506,13.970818,13.984091,14.028379,13.282196,13.347576,13.171725,14.546403,14.561181,14.517043,14.609421,14.758928,15.121561
1588,13.59573,13.627506,13.970818,13.984091,14.028379,13.282196,13.347576,13.171725,14.546403,14.561181,14.517043,14.609421,14.758928,15.121561,15.257821
1589,13.627506,13.970818,13.984091,14.028379,13.282196,13.347576,13.171725,14.546403,14.561181,14.517043,14.609421,14.758928,15.121561,15.257821,14.932115
1590,13.970818,13.984091,14.028379,13.282196,13.347576,13.171725,14.546403,14.561181,14.517043,14.609421,14.758928,15.121561,15.257821,14.932115,13.946548
1591,13.984091,14.028379,13.282196,13.347576,13.171725,14.546403,14.561181,14.517043,14.609421,14.758928,15.121561,15.257821,14.932115,13.946548,15.937551
1592,14.028379,13.282196,13.347576,13.171725,14.546403,14.561181,14.517043,14.609421,14.758928,15.121561,15.257821,14.932115,13.946548,15.937551,16.939212
1593,13.282196,13.347576,13.171725,14.546403,14.561181,14.517043,14.609421,14.758928,15.121561,15.257821,14.932115,13.946548,15.937551,16.939212,17.420328
1594,13.347576,13.171725,14.546403,14.561181,14.517043,14.609421,14.758928,15.121561,15.257821,14.932115,13.946548,15.937551,16.939212,17.420328,16.951432
1595,13.171725,14.546403,14.561181,14.517043,14.609421,14.758928,15.121561,15.257821,14.932115,13.946548,15.937551,16.939212,17.420328,16.951432,17.66422
1596,14.546403,14.561181,14.517043,14.609421,14.758928,15.121561,15.257821,14.932115,13.946548,15.937551,16.939212,17.420328,16.951432,17.66422,15.65859
1597,14.561181,14.517043,14.609421,14.758928,15.121561,15.257821,14.932115,13.946548,15.937551,16.939212,17.420328,16.951432,17.66422,15.65859,18.169917
1598,14.517043,14.609421,14.758928,15.121561,15.257821,14.932115,13.946548,15.937551,16.939212,17.420328,16.951432,17.66422,15.65859,18.169917,17.098546
1599,14.609421,14.758928,15.121561,15.257821,14.932115,13.946548,15.937551,16.939212,17.420328,16.951432,17.66422,15.65859,18.169917,17.098546,17.715228
1600,14.758928,15.121561,15.257821,14.932115,13.946548,15.937551,16.939212,17.420328,16.951432,17.66422,15.65859,18.169917,17.098546,17.715228,18.760793
1601,15.121561,15.257821,14.932115,13.946548,15.937551,16.939212,17.420328,16.951432,17.66422,15.65859,18.169917,17.098546,17.715228,18.760793,18.580248
1602,15.257821,14.932115,13.946548,15.937551,16.939212,17.420328,16.951432,17.66422,15.65859,18.169917,17.098546,17.715228,18.760793,18.580248,16.140681
1603,14.932115,13.946548,15.937551,16.939212,17.420328,16.951432,17.66422,15.65859,18.169917,17.098546,17.715228,18.760793,18.580248,16.140681,15.78029
1604,13.946548,15.937551,16.939212,17.420328,16.951432,17.66422,15.65859,18.169917,17.098546,17.715228,18.760793,18.580248,16.140681,15.78029,15.847826
1605,15.937551,16.939212,17.420328,16.951432,17.66422,15.65859,18.169917,17.098546,17.715228,18.760793,18.580248,16.140681,15.78029,15.847826,17.19493
1606,16.939212,17.420328,16.951432,17.66422,15.65859,18.169917,17.098546,17.715228,18.760793,18.580248,16.140681,15.78029,15.847826,17.19493,17.40061
1607,17.420328,16.951432,17.66422,15.65859,18.169917,17.098546,17.715228,18.760793,18.580248,16.140681,15.78029,15.847826,17.19493,17.40061,17.704161
1608,16.951432,17.66422,15.65859,18.169917,17.098546,17.715228,18.760793,18.580248,16.140681,15.78029,15.847826,17.19493,17.40061,17.704161,16.91803
1609,17.66422,15.65859,18.169917,17.098546,17.715228,18.760793,18.580248,16.140681,15.78029,15.847826,17.19493,17.40061,17.704161,16.91803,16.157481
1610,15.65859,18.169917,17.098546,17.715228,18.760793,18.580248,16.140681,15.78029,15.847826,17.19493,17.40061,17.704161,16.91803,16.157481,14.505132
1611,18.169917,17.098546,17.715228,18.760793,18.580248,16.140681,15.78029,15.847826,17.19493,17.40061,17.704161,16.91803,16.157481,14.505132,15.853572
1612,17.098546,17.715228,18.760793,18.580248,16.140681,15.78029,15.847826,17.19493,17.40061,17.704161,16.91803,16.157481,14.505132,15.853572,15.128797
1613,17.715228,18.760793,18.580248,16.140681,15.78029,15.847826,17.19493,17.40061,17.704161,16.91803,16.157481,14.505132,15.853572,15.128797,14.686612
1614,18.760793,18.580248,16.140681,15.78029,15.847826,17.19493,17.40061,17.704161,16.91803,16.157481,14.505132,15.853572,15.128797,14.686612,13.992786
1615,18.580248,16.140681,15.78029,15.847826,17.19493,17.40061,17.704161,16.91803,16.157481,14.505132,15.853572,15.128797,14.686612,13.992786,15.772203
1616,16.140681,15.78029,15.847826,17.19493,17.40061,17.704161,16.91803,16.157481,14.505132,15.853572,15.128797,14.686612,13.992786,15.772203,17.467679
1617,15.78029,15.847826,17.19493,17.40061,17.704161,16.91803,16.157481,14.505132,15.853572,15.128797,14.686612,13.992786,15.772203,17.467679,17.868744
1618,15.847826,17.19493,17.40061,17.704161,16.91803,16.157481,14.505132,15.853572,15.128797,14.686612,13.992786,15.772203,17.467679,17.868744,19.69722
1619,17.19493,17.40061,17.704161,16.91803,16.157481,14.505132,15.853572,15.128797,14.686612,13.992786,15.772203,17.467679,17.868744,19.69722,18.326602
1620,17.40061,17.704161,16.91803,16.157481,14.505132,15.853572,15.128797,14.686612,13.992786,15.772203,17.467679,17.868744,19.69722,18.326602,17.088599
1621,17.704161,16.91803,16.157481,14.505132,15.853572,15.128797,14.686612,13.992786,15.772203,17.467679,17.868744,19.69722,18.326602,17.088599,17.060448
1622,16.91803,16.157481,14.505132,15.853572,15.128797,14.686612,13.992786,15.772203,17.467679,17.868744,19.69722,18.326602,17.088599,17.060448,16.209998
1623,16.157481,14.505132,15.853572,15.128797,14.686612,13.992786,15.772203,17.467679,17.868744,19.69722,18.326602,17.088599,17.060448,16.209998,17.33172
1624,14.505132,15.853572,15.128797,14.686612,13.992786,15.772203,17.467679,17.868744,19.69722,18.326602,17.088599,17.060448,16.209998,17.33172,18.682784
1625,15.853572,15.128797,14.686612,13.992786,15.772203,17.467679,17.868744,19.69722,18.326602,17.088599,17.060448,16.209998,17.33172,18.682784,16.494654
1626,15.128797,14.686612,13.992786,15.772203,17.467679,17.868744,19.69722,18.326602,17.088599,17.060448,16.209998,17.33172,18.682784,16.494654,18.355829
1627,14.686612,13.992786,15.772203,17.467679,17.868744,19.69722,18.326602,17.088599,17.060448,16.209998,17.33172,18.682784,16.494654,18.355829,17.715171
1628,13.992786,15.772203,17.467679,17.868744,19.69722,18.326602,17.088599,17.060448,16.209998,17.33172,18.682784,16.494654,18.355829,17.715171,16.640034
1629,15.772203,17.467679,17.868744,19.69722,18.326602,17.088599,17.060448,16.209998,17.33172,18.682784,16.494654,18.355829,17.715171,16.640034,17.789644
1630,17.467679,17.868744,19.69722,18.326602,17.088599,17.060448,16.209998,17.33172,18.682784,16.494654,18.355829,17.715171,16.640034,17.789644,22.210792
1631,17.868744,19.69722,18.326602,17.088599,17.060448,16.209998,17.33172,18.682784,16.494654,18.355829,17.715171,16.640034,17.789644,22.210792,17.903728
1632,19.69722,18.326602,17.088599,17.060448,16.209998,17.33172,18.682784,16.494654,18.355829,17.715171,16.640034,17.789644,22.210792,17.903728,17.051998
1633,18.326602,17.088599,17.060448,16.209998,17.33172,18.682784,16.494654,18.355829,17.715171,16.640034,17.789644,22.210792,17.903728,17.051998,16.564859
1634,17.088599,17.060448,16.209998,17.33172,18.682784,16.494654,18.355829,17.715171,16.640034,17.789644,22.210792,17.903728,17.051998,16.564859,16.545182
1635,17.060448,16.209998,17.33172,18.682784,16.494654,18.355829,17.715171,16.640034,17.789644,22.210792,17.903728,17.051998,16.564859,16.545182,17.395823
1636,16.209998,17.33172,18.682784,16.494654,18.355829,17.715171,16.640034,17.789644,22.210792,17.903728,17.051998,16.564859,16.545182,17.395823,17.001307
1637,17.33172,18.682784,16.494654,18.355829,17.715171,16.640034,17.789644,22.210792,17.903728,17.051998,16.564859,16.545182,17.395823,17.001307,17.551085
1638,18.682784,16.494654,18.355829,17.715171,16.640034,17.789644,22.210792,17.903728,17.051998,16.564859,16.545182,17.395823,17.001307,17.551085,16.501004
1639,16.494654,18.355829,17.715171,16.640034,17.789644,22.210792,17.903728,17.051998,16.564859,16.545182,17.395823,17.001307,17.551085,16.501004,17.034934
1640,18.355829,17.715171,16.640034,17.789644,22.210792,17.903728,17.051998,16.564859,16.545182,17.395823,17.001307,17.551085,16.501004,17.034934,18.067998
1641,17.715171,16.640034,17.789644,22.210792,17.903728,17.051998,16.564859,16.545182,17.395823,17.001307,17.551085,16.501004,17.034934,18.067998,18.390422
1642,16.640034,17.789644,22.210792,17.903728,17.051998,16.564859,16.545182,17.395823,17.001307,17.551085,16.501004,17.034934,18.067998,18.390422,18.676882
1643,17.789644,22.210792,17.903728,17.051998,16.564859,16.545182,17.395823,17.001307,17.551085,16.501004,17.034934,18.067998,18.390422,18.676882,22.300903
1644,22.210792,17.903728,17.051998,16.564859,16.545182,17.395823,17.001307,17.551085,16.501004,17.034934,18.067998,18.390422,18.676882,22.300903,20.694435
1645,17.903728,17.051998,16.564859,16.545182,17.395823,17.001307,17.551085,16.501004,17.034934,18.067998,18.390422,18.676882,22.300903,20.694435,19.403816
1646,17.051998,16.564859,16.545182,17.395823,17.001307,17.551085,16.501004,17.034934,18.067998,18.390422,18.676882,22.300903,20.694435,19.403816,19.276766
1647,16.564859,16.545182,17.395823,17.001307,17.551085,16.501004,17.034934,18.067998,18.390422,18.676882,22.300903,20.694435,19.403816,19.276766,19.596681
1648,16.545182,17.395823,17.001307,17.551085,16.501004,17.034934,18.067998,18.390422,18.676882,22.300903,20.694435,19.403816,19.276766,19.596681,20.038664
1649,17.395823,17.001307,17.551085,16.501004,17.034934,18.067998,18.390422,18.676882,22.300903,20.694435,19.403816,19.276766,19.596681,20.038664,19.448482
1650,17.001307,17.551085,16.501004,17.034934,18.067998,18.390422,18.676882,22.300903,20.694435,19.403816,19.276766,19.596681,20.038664,19.448482,17.484702
1651,17.551085,16.501004,17.034934,18.067998,18.390422,18.676882,22.300903,20.694435,19.403816,19.276766,19.596681,20.038664,19.448482,17.484702,16.62887
1652,16.501004,17.034934,18.067998,18.390422,18.676882,22.300903,20.694435,19.403816,19.276766,19.596681,20.038664,19.448482,17.484702,16.62887,18.18482
1653,17.034934,18.067998,18.390422,18.676882,22.300903,20.694435,19.403816,19.276766,19.596681,20.038664,19.448482,17.484702,16.62887,18.18482,21.116078
1654,18.067998,18.390422,18.676882,22.300903,20.694435,19.403816,19.276766,19.596681,20.038664,19.448482,17.484702,16.62887,18.18482,21.116078,20.833154
1655,18.390422,18.676882,22.300903,20.694435,19.403816,19.276766,19.596681,20.038664,19.448482,17.484702,16.62887,18.18482,21.116078,20.833154,21.366198
1656,18.676882,22.300903,20.694435,19.403816,19.276766,19.596681,20.038664,19.448482,17.484702,16.62887,18.18482,21.116078,20.833154,21.366198,22.048292
1657,22.300903,20.694435,19.403816,19.276766,19.596681,20.038664,19.448482,17.484702,16.62887,18.18482,21.116078,20.833154,21.366198,22.048292,23.165116
1658,20.694435,19.403816,19.276766,19.596681,20.038664,19.448482,17.484702,16.62887,18.18482,21.116078,20.833154,21.366198,22.048292,23.165116,23.174149
1659,19.403816,19.276766,19.596681,20.038664,19.448482,17.484702,16.62887,18.18482,21.116078,20.833154,21.366198,22.048292,23.165116,23.174149,21.850026
1660,19.276766,19.596681,20.038664,19.448482,17.484702,16.62887,18.18482,21.116078,20.833154,21.366198,22.048292,23.165116,23.174149,21.850026,22.978889
1661,19.596681,20.038664,19.448482,17.484702,16.62887,18.18482,21.116078,20.833154,21.366198,22.048292,23.165116,23.174149,21.850026,22.978889,19.786828
1662,20.038664,19.448482,17.484702,16.62887,18.18482,21.116078,20.833154,21.366198,22.048292,23.165116,23.174149,21.850026,22.978889,19.786828,22.747953
1663,19.448482,17.484702,16.62887,18.18482,21.116078,20.833154,21.366198,22.048292,23.165116,23.174149,21.850026,22.978889,19.786828,22.747953,20.833932
1664,17.484702,16.62887,18.18482,21.116078,20.833154,21.366198,22.048292,23.165116,23.174149,21.850026,22.978889,19.786828,22.747953,20.833932,21.443759
1665,16.62887,18.18482,21.116078,20.833154,21.366198,22.048292,23.165116,23.174149,21.850026,22.978889,19.786828,22.747953,20.833932,21.443759,23.630993
1666,18.18482,21.116078,20.833154,21.366198,22.048292,23.165116,23.174149,21.850026,22.978889,19.786828,22.747953,20.833932,21.443759,23.630993,29.000188
1667,21.116078,20.833154,21.366198,22.048292,23.165116,23.174149,21.850026,22.978889,19.786828,22.747953,20.833932,21.443759,23.630993,29.000188,26.530134
1668,20.833154,21.366198,22.048292,23.165116,23.174149,21.850026,22.978889,19.786828,22.747953,20.833932,21.443759,23.630993,29.000188,26.530134,26.308579
1669,21.366198,22.048292,23.165116,23.174149,21.850026,22.978889,19.786828,22.747953,20.833932,21.443759,23.630993,29.000188,26.530134,26.308579,25.37996
1670,22.048292,23.165116,23.174149,21.850026,22.978889,19.786828,22.747953,20.833932,21.443759,23.630993,29.000188,26.530134,26.308579,25.37996,30.237907
1671,23.165116,23.174149,21.850026,22.978889,19.786828,22.747953,20.833932,21.443759,23.630993,29.000188,26.530134,26.308579,25.37996,30.237907,30.178913
1672,23.174149,21.850026,22.978889,19.786828,22.747953,20.833932,21.443759,23.630993,29.000188,26.530134,26.308579,25.37996,30.237907,30.178913,29.384801
1673,21.850026,22.978889,19.786828,22.747953,20.833932,21.443759,23.630993,29.000188,26.530134,26.308579,25.37996,30.237907,30.178913,29.384801,29.378485
1674,22.978889,19.786828,22.747953,20.833932,21.443759,23.630993,29.000188,26.530134,26.308579,25.37996,30.237907,30.178913,29.384801,29.378485,28.501293
1675,19.786828,22.747953,20.833932,21.443759,23.630993,29.000188,26.530134,26.308579,25.37996,30.237907,30.178913,29.384801,29.378485,28.501293,24.914028
1676,22.747953,20.833932,21.443759,23.630993,29.000188,26.530134,26.308579,25.37996,30.237907,30.178913,29.384801,29.378485,28.501293,24.914028,27.051572
1677,20.833932,21.443759,23.630993,29.000188,26.530134,26.308579,25.37996,30.237907,30.178913,29.384801,29.378485,28.501293,24.914028,27.051572,28.792993
1678,21.443759,23.630993,29.000188,26.530134,26.308579,25.37996,30.237907,30.178913,29.384801,29.378485,28.501293,24.914028,27.051572,28.792993,27.157691
1679,23.630993,29.000188,26.530134,26.308579,25.37996,30.237907,30.178913,29.384801,29.378485,28.501293,24.914028,27.051572,28.792993,27.157691,25.033418
1680,29.000188,26.530134,26.308579,25.37996,30.237907,30.178913,29.384801,29.378485,28.501293,24.914028,27.051572,28.792993,27.157691,25.033418,23.446841
1681,26.530134,26.308579,25.37996,30.237907,30.178913,29.384801,29.378485,28.501293,24.914028,27.051572,28.792993,27.157691,25.033418,23.446841,23.431232
1682,26.308579,25.37996,30.237907,30.178913,29.384801,29.378485,28.501293,24.914028,27.051572,28.792993,27.157691,25.033418,23.446841,23.431232,23.358601
1683,25.37996,30.237907,30.178913,29.384801,29.378485,28.501293,24.914028,27.051572,28.792993,27.157691,25.033418,23.446841,23.431232,23.358601,24.598845
1684,30.237907,30.178913,29.384801,29.378485,28.501293,24.914028,27.051572,28.792993,27.157691,25.033418,23.446841,23.431232,23.358601,24.598845,25.076981
1685,30.178913,29.384801,29.378485,28.501293,24.914028,27.051572,28.792993,27.157691,25.033418,23.446841,23.431232,23.358601,24.598845,25.076981,23.157487
1686,29.384801,29.378485,28.501293,24.914028,27.051572,28.792993,27.157691,25.033418,23.446841,23.431232,23.358601,24.598845,25.076981,23.157487,21.603263
1687,29.378485,28.501293,24.914028,27.051572,28.792993,27.157691,25.033418,23.446841,23.431232,23.358601,24.598845,25.076981,23.157487,21.603263,21.558878
1688,28.501293,24.914028,27.051572,28.792993,27.157691,25.033418,23.446841,23.431232,23.358601,24.598845,25.076981,23.157487,21.603263,21.558878,20.387314
1689,24.914028,27.051572,28.792993,27.157691,25.033418,23.446841,23.431232,23.358601,24.598845,25.076981,23.157487,21.603263,21.558878,20.387314,20.415648
1690,27.051572,28.792993,27.157691,25.033418,23.446841,23.431232,23.358601,24.598845,25.076981,23.157487,21.603263,21.558878,20.387314,20.415648,21.488354
1691,28.792993,27.157691,25.033418,23.446841,23.431232,23.358601,24.598845,25.076981,23.157487,21.603263,21.558878,20.387314,20.415648,21.488354,21.540657
1692,27.157691,25.033418,23.446841,23.431232,23.358601,24.598845,25.076981,23.157487,21.603263,21.558878,20.387314,20.415648,21.488354,21.540657,21.165269
1693,25.033418,23.446841,23.431232,23.358601,24.598845,25.076981,23.157487,21.603263,21.558878,20.387314,20.415648,21.488354,21.540657,21.165269,20.697468
1694,23.446841,23.431232,23.358601,24.598845,25.076981,23.157487,21.603263,21.558878,20.387314,20.415648,21.488354,21.540657,21.165269,20.697468,20.532707
1695,23.431232,23.358601,24.598845,25.076981,23.157487,21.603263,21.558878,20.387314,20.415648,21.488354,21.540657,21.165269,20.697468,20.532707,21.213625
1696,23.358601,24.598845,25.076981,23.157487,21.603263,21.558878,20.387314,20.415648,21.488354,21.540657,21.165269,20.697468,20.532707,21.213625,23.337894
1697,24.598845,25.076981,23.157487,21.603263,21.558878,20.387314,20.415648,21.488354,21.540657,21.165269,20.697468,20.532707,21.213625,23.337894,22.902331
1698,25.076981,23.157487,21.603263,21.558878,20.387314,20.415648,21.488354,21.540657,21.165269,20.697468,20.532707,21.213625,23.337894,22.902331,19.989385
1699,23.157487,21.603263,21.558878,20.387314,20.415648,21.488354,21.540657,21.165269,20.697468,20.532707,21.213625,23.337894,22.902331,19.989385,18.30672
1700,21.603263,21.558878,20.387314,20.415648,21.488354,21.540657,21.165269,20.697468,20.532707,21.213625,23.337894,22.902331,19.989385,18.30672,19.005584
1701,21.558878,20.387314,20.415648,21.488354,21.540657,21.165269,20.697468,20.532707,21.213625,23.337894,22.902331,19.989385,18.30672,19.005584,18.793369
1702,20.387314,20.415648,21.488354,21.540657,21.165269,20.697468,20.532707,21.213625,23.337894,22.902331,19.989385,18.30672,19.005584,18.793369,18.78088
1703,20.415648,21.488354,21.540657,21.165269,20.697468,20.532707,21.213625,23.337894,22.902331,19.989385,18.30672,19.005584,18.793369,18.78088,20.870062
1704,21.488354,21.540657,21.165269,20.697468,20.532707,21.213625,23.337894,22.902331,19.989385,18.30672,19.005584,18.793369,18.78088,20.870062,20.957667
1705,21.540657,21.165269,20.697468,20.532707,21.213625,23.337894,22.902331,19.989385,18.30672,19.005584,18.793369,18.78088,20.870062,20.957667,21.716167
1706,21.165269,20.697468,20.532707,21.213625,23.337894,22.902331,19.989385,18.30672,19.005584,18.793369,18.78088,20.870062,20.957667,21.716167,21.654016
1707,20.697468,20.532707,21.213625,23.337894,22.902331,19.989385,18.30672,19.005584,18.793369,18.78088,20.870062,20.957667,21.716167,21.654016,21.435452
1708,20.532707,21.213625,23.337894,22.902331,19.989385,18.30672,19.005584,18.793369,18.78088,20.870062,20.957667,21.716167,21.654016,21.435452,21.028848
1709,21.213625,23.337894,22.902331,19.989385,18.30672,19.005584,18.793369,18.78088,20.870062,20.957667,21.716167,21.654016,21.435452,21.028848,21.030493
1710,23.337894,22.902331,19.989385,18.30672,19.005584,18.793369,18.78088,20.870062,20.957667,21.716167,21.654016,21.435452,21.028848,21.030493,20.161692
1711,22.902331,19.989385,18.30672,19.005584,18.793369,18.78088,20.870062,20.957667,21.716167,21.654016,21.435452,21.028848,21.030493,20.161692,19.656239
1712,19.989385,18.30672,19.005584,18.793369,18.78088,20.870062,20.957667,21.716167,21.654016,21.435452,21.028848,21.030493,20.161692,19.656239,20.065959
