,Input1,Input2,Input3,Input4,Input5,Output1,Output2,Output3,Output4,Output5,Output6,Output7,Output8,Output9,Output10
0,17.132137,17.425112,21.607169,17.365019,24.632754,18.043051,21.59754,17.255781,18.668157,17.56827,21.163116,19.151768,17.880942,23.783979,20.133485
1,17.425112,21.607169,17.365019,24.632754,18.043051,21.59754,17.255781,18.668157,17.56827,21.163116,19.151768,17.880942,23.783979,20.133485,22.92449
2,21.607169,17.365019,24.632754,18.043051,21.59754,17.255781,18.668157,17.56827,21.163116,19.151768,17.880942,23.783979,20.133485,22.92449,21.820289
3,17.365019,24.632754,18.043051,21.59754,17.255781,18.668157,17.56827,21.163116,19.151768,17.880942,23.783979,20.133485,22.92449,21.820289,22.188759
4,24.632754,18.043051,21.59754,17.255781,18.668157,17.56827,21.163116,19.151768,17.880942,23.783979,20.133485,22.92449,21.820289,22.188759,22.069811
5,18.043051,21.59754,17.255781,18.668157,17.56827,21.163116,19.151768,17.880942,23.783979,20.133485,22.92449,21.820289,22.188759,22.069811,24.027017
6,21.59754,17.255781,18.668157,17.56827,21.163116,19.151768,17.880942,23.783979,20.133485,22.92449,21.820289,22.188759,22.069811,24.027017,24.907479
7,17.255781,18.668157,17.56827,21.163116,19.151768,17.880942,23.783979,20.133485,22.92449,21.820289,22.188759,22.069811,24.027017,24.907479,23.68095
8,18.668157,17.56827,21.163116,19.151768,17.880942,23.783979,20.133485,22.92449,21.820289,22.188759,22.069811,24.027017,24.907479,23.68095,23.778989
9,17.56827,21.163116,19.151768,17.880942,23.783979,20.133485,22.92449,21.820289,22.188759,22.069811,24.027017,24.907479,23.68095,23.778989,24.162023
10,21.163116,19.151768,17.880942,23.783979,20.133485,22.92449,21.820289,22.188759,22.069811,24.027017,24.907479,23.68095,23.778989,24.162023,26.050291
11,19.151768,17.880942,23.783979,20.133485,22.92449,21.820289,22.188759,22.069811,24.027017,24.907479,23.68095,23.778989,24.162023,26.050291,27.668351
12,17.880942,23.783979,20.133485,22.92449,21.820289,22.188759,22.069811,24.027017,24.907479,23.68095,23.778989,24.162023,26.050291,27.668351,31.794717
13,23.783979,20.133485,22.92449,21.820289,22.188759,22.069811,24.027017,24.907479,23.68095,23.778989,24.162023,26.050291,27.668351,31.794717,31.106399
14,20.133485,22.92449,21.820289,22.188759,22.069811,24.027017,24.907479,23.68095,23.778989,24.162023,26.050291,27.668351,31.794717,31.106399,34.927044
15,22.92449,21.820289,22.188759,22.069811,24.027017,24.907479,23.68095,23.778989,24.162023,26.050291,27.668351,31.794717,31.106399,34.927044,32.312848
16,21.820289,22.188759,22.069811,24.027017,24.907479,23.68095,23.778989,24.162023,26.050291,27.668351,31.794717,31.106399,34.927044,32.312848,35.470608
17,22.188759,22.069811,24.027017,24.907479,23.68095,23.778989,24.162023,26.050291,27.668351,31.794717,31.106399,34.927044,32.312848,35.470608,30.078202
18,22.069811,24.027017,24.907479,23.68095,23.778989,24.162023,26.050291,27.668351,31.794717,31.106399,34.927044,32.312848,35.470608,30.078202,29.387136
19,24.027017,24.907479,23.68095,23.778989,24.162023,26.050291,27.668351,31.794717,31.106399,34.927044,32.312848,35.470608,30.078202,29.387136,33.613643
20,24.907479,23.68095,23.778989,24.162023,26.050291,27.668351,31.794717,31.106399,34.927044,32.312848,35.470608,30.078202,29.387136,33.613643,35.033935
21,23.68095,23.778989,24.162023,26.050291,27.668351,31.794717,31.106399,34.927044,32.312848,35.470608,30.078202,29.387136,33.613643,35.033935,30.571795
22,23.778989,24.162023,26.050291,27.668351,31.794717,31.106399,34.927044,32.312848,35.470608,30.078202,29.387136,33.613643,35.033935,30.571795,34.163688
23,24.162023,26.050291,27.668351,31.794717,31.106399,34.927044,32.312848,35.470608,30.078202,29.387136,33.613643,35.033935,30.571795,34.163688,32.437437
24,26.050291,27.668351,31.794717,31.106399,34.927044,32.312848,35.470608,30.078202,29.387136,33.613643,35.033935,30.571795,34.163688,32.437437,31.527744
25,27.668351,31.794717,31.106399,34.927044,32.312848,35.470608,30.078202,29.387136,33.613643,35.033935,30.571795,34.163688,32.437437,31.527744,35.201094
26,31.794717,31.106399,34.927044,32.312848,35.470608,30.078202,29.387136,33.613643,35.033935,30.571795,34.163688,32.437437,31.527744,35.201094,31.074071
27,31.106399,34.927044,32.312848,35.470608,30.078202,29.387136,33.613643,35.033935,30.571795,34.163688,32.437437,31.527744,35.201094,31.074071,36.589075
28,34.927044,32.312848,35.470608,30.078202,29.387136,33.613643,35.033935,30.571795,34.163688,32.437437,31.527744,35.201094,31.074071,36.589075,28.355306
29,32.312848,35.470608,30.078202,29.387136,33.613643,35.033935,30.571795,34.163688,32.437437,31.527744,35.201094,31.074071,36.589075,28.355306,28.995539
30,35.470608,30.078202,29.387136,33.613643,35.033935,30.571795,34.163688,32.437437,31.527744,35.201094,31.074071,36.589075,28.355306,28.995539,30.856407
31,30.078202,29.387136,33.613643,35.033935,30.571795,34.163688,32.437437,31.527744,35.201094,31.074071,36.589075,28.355306,28.995539,30.856407,33.809518
32,29.387136,33.613643,35.033935,30.571795,34.163688,32.437437,31.527744,35.201094,31.074071,36.589075,28.355306,28.995539,30.856407,33.809518,30.981211
33,33.613643,35.033935,30.571795,34.163688,32.437437,31.527744,35.201094,31.074071,36.589075,28.355306,28.995539,30.856407,33.809518,30.981211,31.138341
34,35.033935,30.571795,34.163688,32.437437,31.527744,35.201094,31.074071,36.589075,28.355306,28.995539,30.856407,33.809518,30.981211,31.138341,30.499374
35,30.571795,34.163688,32.437437,31.527744,35.201094,31.074071,36.589075,28.355306,28.995539,30.856407,33.809518,30.981211,31.138341,30.499374,28.068796
36,34.163688,32.437437,31.527744,35.201094,31.074071,36.589075,28.355306,28.995539,30.856407,33.809518,30.981211,31.138341,30.499374,28.068796,26.687035
37,32.437437,31.527744,35.201094,31.074071,36.589075,28.355306,28.995539,30.856407,33.809518,30.981211,31.138341,30.499374,28.068796,26.687035,31.630084
38,31.527744,35.201094,31.074071,36.589075,28.355306,28.995539,30.856407,33.809518,30.981211,31.138341,30.499374,28.068796,26.687035,31.630084,28.610139
39,35.201094,31.074071,36.589075,28.355306,28.995539,30.856407,33.809518,30.981211,31.138341,30.499374,28.068796,26.687035,31.630084,28.610139,29.538785
40,31.074071,36.589075,28.355306,28.995539,30.856407,33.809518,30.981211,31.138341,30.499374,28.068796,26.687035,31.630084,28.610139,29.538785,26.495654
41,36.589075,28.355306,28.995539,30.856407,33.809518,30.981211,31.138341,30.499374,28.068796,26.687035,31.630084,28.610139,29.538785,26.495654,29.198377
42,28.355306,28.995539,30.856407,33.809518,30.981211,31.138341,30.499374,28.068796,26.687035,31.630084,28.610139,29.538785,26.495654,29.198377,29.706855
43,28.995539,30.856407,33.809518,30.981211,31.138341,30.499374,28.068796,26.687035,31.630084,28.610139,29.538785,26.495654,29.198377,29.706855,27.919681
44,30.856407,33.809518,30.981211,31.138341,30.499374,28.068796,26.687035,31.630084,28.610139,29.538785,26.495654,29.198377,29.706855,27.919681,29.849625
45,33.809518,30.981211,31.138341,30.499374,28.068796,26.687035,31.630084,28.610139,29.538785,26.495654,29.198377,29.706855,27.919681,29.849625,33.011521
46,30.981211,31.138341,30.499374,28.068796,26.687035,31.630084,28.610139,29.538785,26.495654,29.198377,29.706855,27.919681,29.849625,33.011521,29.93274
47,31.138341,30.499374,28.068796,26.687035,31.630084,28.610139,29.538785,26.495654,29.198377,29.706855,27.919681,29.849625,33.011521,29.93274,29.728788
48,30.499374,28.068796,26.687035,31.630084,28.610139,29.538785,26.495654,29.198377,29.706855,27.919681,29.849625,33.011521,29.93274,29.728788,31.309212
49,28.068796,26.687035,31.630084,28.610139,29.538785,26.495654,29.198377,29.706855,27.919681,29.849625,33.011521,29.93274,29.728788,31.309212,31.166548
50,26.687035,31.630084,28.610139,29.538785,26.495654,29.198377,29.706855,27.919681,29.849625,33.011521,29.93274,29.728788,31.309212,31.166548,30.629341
51,31.630084,28.610139,29.538785,26.495654,29.198377,29.706855,27.919681,29.849625,33.011521,29.93274,29.728788,31.309212,31.166548,30.629341,29.584448
52,28.610139,29.538785,26.495654,29.198377,29.706855,27.919681,29.849625,33.011521,29.93274,29.728788,31.309212,31.166548,30.629341,29.584448,25.786257
53,29.538785,26.495654,29.198377,29.706855,27.919681,29.849625,33.011521,29.93274,29.728788,31.309212,31.166548,30.629341,29.584448,25.786257,29.663896
54,26.495654,29.198377,29.706855,27.919681,29.849625,33.011521,29.93274,29.728788,31.309212,31.166548,30.629341,29.584448,25.786257,29.663896,26.182159
55,29.198377,29.706855,27.919681,29.849625,33.011521,29.93274,29.728788,31.309212,31.166548,30.629341,29.584448,25.786257,29.663896,26.182159,25.833072
56,29.706855,27.919681,29.849625,33.011521,29.93274,29.728788,31.309212,31.166548,30.629341,29.584448,25.786257,29.663896,26.182159,25.833072,26.788323
57,27.919681,29.849625,33.011521,29.93274,29.728788,31.309212,31.166548,30.629341,29.584448,25.786257,29.663896,26.182159,25.833072,26.788323,25.947845
58,29.849625,33.011521,29.93274,29.728788,31.309212,31.166548,30.629341,29.584448,25.786257,29.663896,26.182159,25.833072,26.788323,25.947845,28.063552
59,33.011521,29.93274,29.728788,31.309212,31.166548,30.629341,29.584448,25.786257,29.663896,26.182159,25.833072,26.788323,25.947845,28.063552,25.025901
60,29.93274,29.728788,31.309212,31.166548,30.629341,29.584448,25.786257,29.663896,26.182159,25.833072,26.788323,25.947845,28.063552,25.025901,26.129321
61,29.728788,31.309212,31.166548,30.629341,29.584448,25.786257,29.663896,26.182159,25.833072,26.788323,25.947845,28.063552,25.025901,26.129321,26.452518
62,31.309212,31.166548,30.629341,29.584448,25.786257,29.663896,26.182159,25.833072,26.788323,25.947845,28.063552,25.025901,26.129321,26.452518,27.626964
63,31.166548,30.629341,29.584448,25.786257,29.663896,26.182159,25.833072,26.788323,25.947845,28.063552,25.025901,26.129321,26.452518,27.626964,26.88908
64,30.629341,29.584448,25.786257,29.663896,26.182159,25.833072,26.788323,25.947845,28.063552,25.025901,26.129321,26.452518,27.626964,26.88908,25.494445
65,29.584448,25.786257,29.663896,26.182159,25.833072,26.788323,25.947845,28.063552,25.025901,26.129321,26.452518,27.626964,26.88908,25.494445,26.16738
66,25.786257,29.663896,26.182159,25.833072,26.788323,25.947845,28.063552,25.025901,26.129321,26.452518,27.626964,26.88908,25.494445,26.16738,26.982923
67,29.663896,26.182159,25.833072,26.788323,25.947845,28.063552,25.025901,26.129321,26.452518,27.626964,26.88908,25.494445,26.16738,26.982923,26.023626
68,26.182159,25.833072,26.788323,25.947845,28.063552,25.025901,26.129321,26.452518,27.626964,26.88908,25.494445,26.16738,26.982923,26.023626,26.29018
69,25.833072,26.788323,25.947845,28.063552,25.025901,26.129321,26.452518,27.626964,26.88908,25.494445,26.16738,26.982923,26.023626,26.29018,26.326201
70,26.788323,25.947845,28.063552,25.025901,26.129321,26.452518,27.626964,26.88908,25.494445,26.16738,26.982923,26.023626,26.29018,26.326201,25.883358
71,25.947845,28.063552,25.025901,26.129321,26.452518,27.626964,26.88908,25.494445,26.16738,26.982923,26.023626,26.29018,26.326201,25.883358,26.410314
72,28.063552,25.025901,26.129321,26.452518,27.626964,26.88908,25.494445,26.16738,26.982923,26.023626,26.29018,26.326201,25.883358,26.410314,23.830234
73,25.025901,26.129321,26.452518,27.626964,26.88908,25.494445,26.16738,26.982923,26.023626,26.29018,26.326201,25.883358,26.410314,23.830234,26.214134
74,26.129321,26.452518,27.626964,26.88908,25.494445,26.16738,26.982923,26.023626,26.29018,26.326201,25.883358,26.410314,23.830234,26.214134,25.739128
75,26.452518,27.626964,26.88908,25.494445,26.16738,26.982923,26.023626,26.29018,26.326201,25.883358,26.410314,23.830234,26.214134,25.739128,26.639056
76,27.626964,26.88908,25.494445,26.16738,26.982923,26.023626,26.29018,26.326201,25.883358,26.410314,23.830234,26.214134,25.739128,26.639056,25.810453
77,26.88908,25.494445,26.16738,26.982923,26.023626,26.29018,26.326201,25.883358,26.410314,23.830234,26.214134,25.739128,26.639056,25.810453,25.997034
78,25.494445,26.16738,26.982923,26.023626,26.29018,26.326201,25.883358,26.410314,23.830234,26.214134,25.739128,26.639056,25.810453,25.997034,26.141053
79,26.16738,26.982923,26.023626,26.29018,26.326201,25.883358,26.410314,23.830234,26.214134,25.739128,26.639056,25.810453,25.997034,26.141053,24.151103
80,26.982923,26.023626,26.29018,26.326201,25.883358,26.410314,23.830234,26.214134,25.739128,26.639056,25.810453,25.997034,26.141053,24.151103,24.214015
81,26.023626,26.29018,26.326201,25.883358,26.410314,23.830234,26.214134,25.739128,26.639056,25.810453,25.997034,26.141053,24.151103,24.214015,25.497156
82,26.29018,26.326201,25.883358,26.410314,23.830234,26.214134,25.739128,26.639056,25.810453,25.997034,26.141053,24.151103,24.214015,25.497156,25.899636
83,26.326201,25.883358,26.410314,23.830234,26.214134,25.739128,26.639056,25.810453,25.997034,26.141053,24.151103,24.214015,25.497156,25.899636,25.46882
84,25.883358,26.410314,23.830234,26.214134,25.739128,26.639056,25.810453,25.997034,26.141053,24.151103,24.214015,25.497156,25.899636,25.46882,26.578101
85,26.410314,23.830234,26.214134,25.739128,26.639056,25.810453,25.997034,26.141053,24.151103,24.214015,25.497156,25.899636,25.46882,26.578101,25.805484
86,23.830234,26.214134,25.739128,26.639056,25.810453,25.997034,26.141053,24.151103,24.214015,25.497156,25.899636,25.46882,26.578101,25.805484,25.537473
87,26.214134,25.739128,26.639056,25.810453,25.997034,26.141053,24.151103,24.214015,25.497156,25.899636,25.46882,26.578101,25.805484,25.537473,24.5349
88,25.739128,26.639056,25.810453,25.997034,26.141053,24.151103,24.214015,25.497156,25.899636,25.46882,26.578101,25.805484,25.537473,24.5349,24.438078
89,26.639056,25.810453,25.997034,26.141053,24.151103,24.214015,25.497156,25.899636,25.46882,26.578101,25.805484,25.537473,24.5349,24.438078,23.347592
90,25.810453,25.997034,26.141053,24.151103,24.214015,25.497156,25.899636,25.46882,26.578101,25.805484,25.537473,24.5349,24.438078,23.347592,24.496793
91,25.997034,26.141053,24.151103,24.214015,25.497156,25.899636,25.46882,26.578101,25.805484,25.537473,24.5349,24.438078,23.347592,24.496793,23.574379
92,26.141053,24.151103,24.214015,25.497156,25.899636,25.46882,26.578101,25.805484,25.537473,24.5349,24.438078,23.347592,24.496793,23.574379,23.392543
93,24.151103,24.214015,25.497156,25.899636,25.46882,26.578101,25.805484,25.537473,24.5349,24.438078,23.347592,24.496793,23.574379,23.392543,24.296743
94,24.214015,25.497156,25.899636,25.46882,26.578101,25.805484,25.537473,24.5349,24.438078,23.347592,24.496793,23.574379,23.392543,24.296743,23.089097
95,25.497156,25.899636,25.46882,26.578101,25.805484,25.537473,24.5349,24.438078,23.347592,24.496793,23.574379,23.392543,24.296743,23.089097,22.750482
96,25.899636,25.46882,26.578101,25.805484,25.537473,24.5349,24.438078,23.347592,24.496793,23.574379,23.392543,24.296743,23.089097,22.750482,23.423175
97,25.46882,26.578101,25.805484,25.537473,24.5349,24.438078,23.347592,24.496793,23.574379,23.392543,24.296743,23.089097,22.750482,23.423175,21.681826
98,26.578101,25.805484,25.537473,24.5349,24.438078,23.347592,24.496793,23.574379,23.392543,24.296743,23.089097,22.750482,23.423175,21.681826,20.96052
99,25.805484,25.537473,24.5349,24.438078,23.347592,24.496793,23.574379,23.392543,24.296743,23.089097,22.750482,23.423175,21.681826,20.96052,20.151618
100,25.537473,24.5349,24.438078,23.347592,24.496793,23.574379,23.392543,24.296743,23.089097,22.750482,23.423175,21.681826,20.96052,20.151618,20.383876
101,24.5349,24.438078,23.347592,24.496793,23.574379,23.392543,24.296743,23.089097,22.750482,23.423175,21.681826,20.96052,20.151618,20.383876,21.007724
102,24.438078,23.347592,24.496793,23.574379,23.392543,24.296743,23.089097,22.750482,23.423175,21.681826,20.96052,20.151618,20.383876,21.007724,21.173041
103,23.347592,24.496793,23.574379,23.392543,24.296743,23.089097,22.750482,23.423175,21.681826,20.96052,20.151618,20.383876,21.007724,21.173041,20.911534
104,24.496793,23.574379,23.392543,24.296743,23.089097,22.750482,23.423175,21.681826,20.96052,20.151618,20.383876,21.007724,21.173041,20.911534,21.679946
105,23.574379,23.392543,24.296743,23.089097,22.750482,23.423175,21.681826,20.96052,20.151618,20.383876,21.007724,21.173041,20.911534,21.679946,20.453516
106,23.392543,24.296743,23.089097,22.750482,23.423175,21.681826,20.96052,20.151618,20.383876,21.007724,21.173041,20.911534,21.679946,20.453516,20.861836
107,24.296743,23.089097,22.750482,23.423175,21.681826,20.96052,20.151618,20.383876,21.007724,21.173041,20.911534,21.679946,20.453516,20.861836,20.693372
108,23.089097,22.750482,23.423175,21.681826,20.96052,20.151618,20.383876,21.007724,21.173041,20.911534,21.679946,20.453516,20.861836,20.693372,20.273127
109,22.750482,23.423175,21.681826,20.96052,20.151618,20.383876,21.007724,21.173041,20.911534,21.679946,20.453516,20.861836,20.693372,20.273127,21.308544
110,23.423175,21.681826,20.96052,20.151618,20.383876,21.007724,21.173041,20.911534,21.679946,20.453516,20.861836,20.693372,20.273127,21.308544,19.859172
111,21.681826,20.96052,20.151618,20.383876,21.007724,21.173041,20.911534,21.679946,20.453516,20.861836,20.693372,20.273127,21.308544,19.859172,19.869661
112,20.96052,20.151618,20.383876,21.007724,21.173041,20.911534,21.679946,20.453516,20.861836,20.693372,20.273127,21.308544,19.859172,19.869661,19.192633
113,20.151618,20.383876,21.007724,21.173041,20.911534,21.679946,20.453516,20.861836,20.693372,20.273127,21.308544,19.859172,19.869661,19.192633,18.786171
114,20.383876,21.007724,21.173041,20.911534,21.679946,20.453516,20.861836,20.693372,20.273127,21.308544,19.859172,19.869661,19.192633,18.786171,16.876982
115,21.007724,21.173041,20.911534,21.679946,20.453516,20.861836,20.693372,20.273127,21.308544,19.859172,19.869661,19.192633,18.786171,16.876982,17.160394
116,21.173041,20.911534,21.679946,20.453516,20.861836,20.693372,20.273127,21.308544,19.859172,19.869661,19.192633,18.786171,16.876982,17.160394,17.559103
117,20.911534,21.679946,20.453516,20.861836,20.693372,20.273127,21.308544,19.859172,19.869661,19.192633,18.786171,16.876982,17.160394,17.559103,19.094307
118,21.679946,20.453516,20.861836,20.693372,20.273127,21.308544,19.859172,19.869661,19.192633,18.786171,16.876982,17.160394,17.559103,19.094307,20.699902
119,20.453516,20.861836,20.693372,20.273127,21.308544,19.859172,19.869661,19.192633,18.786171,16.876982,17.160394,17.559103,19.094307,20.699902,21.409171
120,20.861836,20.693372,20.273127,21.308544,19.859172,19.869661,19.192633,18.786171,16.876982,17.160394,17.559103,19.094307,20.699902,21.409171,20.225674
121,20.693372,20.273127,21.308544,19.859172,19.869661,19.192633,18.786171,16.876982,17.160394,17.559103,19.094307,20.699902,21.409171,20.225674,19.374026
122,20.273127,21.308544,19.859172,19.869661,19.192633,18.786171,16.876982,17.160394,17.559103,19.094307,20.699902,21.409171,20.225674,19.374026,18.319131
123,21.308544,19.859172,19.869661,19.192633,18.786171,16.876982,17.160394,17.559103,19.094307,20.699902,21.409171,20.225674,19.374026,18.319131,17.656327
124,19.859172,19.869661,19.192633,18.786171,16.876982,17.160394,17.559103,19.094307,20.699902,21.409171,20.225674,19.374026,18.319131,17.656327,17.548724
125,19.869661,19.192633,18.786171,16.876982,17.160394,17.559103,19.094307,20.699902,21.409171,20.225674,19.374026,18.319131,17.656327,17.548724,17.741031
126,19.192633,18.786171,16.876982,17.160394,17.559103,19.094307,20.699902,21.409171,20.225674,19.374026,18.319131,17.656327,17.548724,17.741031,17.014064
127,18.786171,16.876982,17.160394,17.559103,19.094307,20.699902,21.409171,20.225674,19.374026,18.319131,17.656327,17.548724,17.741031,17.014064,18.029134
128,16.876982,17.160394,17.559103,19.094307,20.699902,21.409171,20.225674,19.374026,18.319131,17.656327,17.548724,17.741031,17.014064,18.029134,18.446966
129,17.160394,17.559103,19.094307,20.699902,21.409171,20.225674,19.374026,18.319131,17.656327,17.548724,17.741031,17.014064,18.029134,18.446966,18.450056
130,17.559103,19.094307,20.699902,21.409171,20.225674,19.374026,18.319131,17.656327,17.548724,17.741031,17.014064,18.029134,18.446966,18.450056,17.106907
131,19.094307,20.699902,21.409171,20.225674,19.374026,18.319131,17.656327,17.548724,17.741031,17.014064,18.029134,18.446966,18.450056,17.106907,17.476249
132,20.699902,21.409171,20.225674,19.374026,18.319131,17.656327,17.548724,17.741031,17.014064,18.029134,18.446966,18.450056,17.106907,17.476249,18.526722
133,21.409171,20.225674,19.374026,18.319131,17.656327,17.548724,17.741031,17.014064,18.029134,18.446966,18.450056,17.106907,17.476249,18.526722,18.213902
134,20.225674,19.374026,18.319131,17.656327,17.548724,17.741031,17.014064,18.029134,18.446966,18.450056,17.106907,17.476249,18.526722,18.213902,18.697408
135,19.374026,18.319131,17.656327,17.548724,17.741031,17.014064,18.029134,18.446966,18.450056,17.106907,17.476249,18.526722,18.213902,18.697408,19.123801
136,18.319131,17.656327,17.548724,17.741031,17.014064,18.029134,18.446966,18.450056,17.106907,17.476249,18.526722,18.213902,18.697408,19.123801,18.959715
137,17.656327,17.548724,17.741031,17.014064,18.029134,18.446966,18.450056,17.106907,17.476249,18.526722,18.213902,18.697408,19.123801,18.959715,20.05376
138,17.548724,17.741031,17.014064,18.029134,18.446966,18.450056,17.106907,17.476249,18.526722,18.213902,18.697408,19.123801,18.959715,20.05376,18.76029
139,17.741031,17.014064,18.029134,18.446966,18.450056,17.106907,17.476249,18.526722,18.213902,18.697408,19.123801,18.959715,20.05376,18.76029,18.14932
140,17.014064,18.029134,18.446966,18.450056,17.106907,17.476249,18.526722,18.213902,18.697408,19.123801,18.959715,20.05376,18.76029,18.14932,19.325859
141,18.029134,18.446966,18.450056,17.106907,17.476249,18.526722,18.213902,18.697408,19.123801,18.959715,20.05376,18.76029,18.14932,19.325859,18.303934
142,18.446966,18.450056,17.106907,17.476249,18.526722,18.213902,18.697408,19.123801,18.959715,20.05376,18.76029,18.14932,19.325859,18.303934,18.603927
143,18.450056,17.106907,17.476249,18.526722,18.213902,18.697408,19.123801,18.959715,20.05376,18.76029,18.14932,19.325859,18.303934,18.603927,19.619071
144,17.106907,17.476249,18.526722,18.213902,18.697408,19.123801,18.959715,20.05376,18.76029,18.14932,19.325859,18.303934,18.603927,19.619071,20.110132
145,17.476249,18.526722,18.213902,18.697408,19.123801,18.959715,20.05376,18.76029,18.14932,19.325859,18.303934,18.603927,19.619071,20.110132,21.473776
146,18.526722,18.213902,18.697408,19.123801,18.959715,20.05376,18.76029,18.14932,19.325859,18.303934,18.603927,19.619071,20.110132,21.473776,20.49364
147,18.213902,18.697408,19.123801,18.959715,20.05376,18.76029,18.14932,19.325859,18.303934,18.603927,19.619071,20.110132,21.473776,20.49364,17.508571
148,18.697408,19.123801,18.959715,20.05376,18.76029,18.14932,19.325859,18.303934,18.603927,19.619071,20.110132,21.473776,20.49364,17.508571,18.62839
149,19.123801,18.959715,20.05376,18.76029,18.14932,19.325859,18.303934,18.603927,19.619071,20.110132,21.473776,20.49364,17.508571,18.62839,18.466337
150,18.959715,20.05376,18.76029,18.14932,19.325859,18.303934,18.603927,19.619071,20.110132,21.473776,20.49364,17.508571,18.62839,18.466337,20.166813
151,20.05376,18.76029,18.14932,19.325859,18.303934,18.603927,19.619071,20.110132,21.473776,20.49364,17.508571,18.62839,18.466337,20.166813,21.492907
152,18.76029,18.14932,19.325859,18.303934,18.603927,19.619071,20.110132,21.473776,20.49364,17.508571,18.62839,18.466337,20.166813,21.492907,24.287571
153,18.14932,19.325859,18.303934,18.603927,19.619071,20.110132,21.473776,20.49364,17.508571,18.62839,18.466337,20.166813,21.492907,24.287571,21.504643
154,19.325859,18.303934,18.603927,19.619071,20.110132,21.473776,20.49364,17.508571,18.62839,18.466337,20.166813,21.492907,24.287571,21.504643,24.875285
155,18.303934,18.603927,19.619071,20.110132,21.473776,20.49364,17.508571,18.62839,18.466337,20.166813,21.492907,24.287571,21.504643,24.875285,23.685221
156,18.603927,19.619071,20.110132,21.473776,20.49364,17.508571,18.62839,18.466337,20.166813,21.492907,24.287571,21.504643,24.875285,23.685221,21.208172
157,19.619071,20.110132,21.473776,20.49364,17.508571,18.62839,18.466337,20.166813,21.492907,24.287571,21.504643,24.875285,23.685221,21.208172,21.251403
158,20.110132,21.473776,20.49364,17.508571,18.62839,18.466337,20.166813,21.492907,24.287571,21.504643,24.875285,23.685221,21.208172,21.251403,20.811667
159,21.473776,20.49364,17.508571,18.62839,18.466337,20.166813,21.492907,24.287571,21.504643,24.875285,23.685221,21.208172,21.251403,20.811667,21.442429
160,20.49364,17.508571,18.62839,18.466337,20.166813,21.492907,24.287571,21.504643,24.875285,23.685221,21.208172,21.251403,20.811667,21.442429,23.812328
161,17.508571,18.62839,18.466337,20.166813,21.492907,24.287571,21.504643,24.875285,23.685221,21.208172,21.251403,20.811667,21.442429,23.812328,21.336309
162,18.62839,18.466337,20.166813,21.492907,24.287571,21.504643,24.875285,23.685221,21.208172,21.251403,20.811667,21.442429,23.812328,21.336309,18.243827
163,18.466337,20.166813,21.492907,24.287571,21.504643,24.875285,23.685221,21.208172,21.251403,20.811667,21.442429,23.812328,21.336309,18.243827,20.71363
164,20.166813,21.492907,24.287571,21.504643,24.875285,23.685221,21.208172,21.251403,20.811667,21.442429,23.812328,21.336309,18.243827,20.71363,24.989058
165,21.492907,24.287571,21.504643,24.875285,23.685221,21.208172,21.251403,20.811667,21.442429,23.812328,21.336309,18.243827,20.71363,24.989058,19.812422
166,24.287571,21.504643,24.875285,23.685221,21.208172,21.251403,20.811667,21.442429,23.812328,21.336309,18.243827,20.71363,24.989058,19.812422,22.880593
167,21.504643,24.875285,23.685221,21.208172,21.251403,20.811667,21.442429,23.812328,21.336309,18.243827,20.71363,24.989058,19.812422,22.880593,22.083015
168,24.875285,23.685221,21.208172,21.251403,20.811667,21.442429,23.812328,21.336309,18.243827,20.71363,24.989058,19.812422,22.880593,22.083015,19.806136
169,23.685221,21.208172,21.251403,20.811667,21.442429,23.812328,21.336309,18.243827,20.71363,24.989058,19.812422,22.880593,22.083015,19.806136,18.774777
170,21.208172,21.251403,20.811667,21.442429,23.812328,21.336309,18.243827,20.71363,24.989058,19.812422,22.880593,22.083015,19.806136,18.774777,24.508556
171,21.251403,20.811667,21.442429,23.812328,21.336309,18.243827,20.71363,24.989058,19.812422,22.880593,22.083015,19.806136,18.774777,24.508556,18.801321
172,20.811667,21.442429,23.812328,21.336309,18.243827,20.71363,24.989058,19.812422,22.880593,22.083015,19.806136,18.774777,24.508556,18.801321,20.38494
173,21.442429,23.812328,21.336309,18.243827,20.71363,24.989058,19.812422,22.880593,22.083015,19.806136,18.774777,24.508556,18.801321,20.38494,20.966468
174,23.812328,21.336309,18.243827,20.71363,24.989058,19.812422,22.880593,22.083015,19.806136,18.774777,24.508556,18.801321,20.38494,20.966468,19.450774
175,21.336309,18.243827,20.71363,24.989058,19.812422,22.880593,22.083015,19.806136,18.774777,24.508556,18.801321,20.38494,20.966468,19.450774,23.480513
176,18.243827,20.71363,24.989058,19.812422,22.880593,22.083015,19.806136,18.774777,24.508556,18.801321,20.38494,20.966468,19.450774,23.480513,22.907429
177,20.71363,24.989058,19.812422,22.880593,22.083015,19.806136,18.774777,24.508556,18.801321,20.38494,20.966468,19.450774,23.480513,22.907429,18.769882
178,24.989058,19.812422,22.880593,22.083015,19.806136,18.774777,24.508556,18.801321,20.38494,20.966468,19.450774,23.480513,22.907429,18.769882,19.457818
179,19.812422,22.880593,22.083015,19.806136,18.774777,24.508556,18.801321,20.38494,20.966468,19.450774,23.480513,22.907429,18.769882,19.457818,18.981588
180,22.880593,22.083015,19.806136,18.774777,24.508556,18.801321,20.38494,20.966468,19.450774,23.480513,22.907429,18.769882,19.457818,18.981588,17.83749
181,22.083015,19.806136,18.774777,24.508556,18.801321,20.38494,20.966468,19.450774,23.480513,22.907429,18.769882,19.457818,18.981588,17.83749,16.598488
182,19.806136,18.774777,24.508556,18.801321,20.38494,20.966468,19.450774,23.480513,22.907429,18.769882,19.457818,18.981588,17.83749,16.598488,16.393043
183,18.774777,24.508556,18.801321,20.38494,20.966468,19.450774,23.480513,22.907429,18.769882,19.457818,18.981588,17.83749,16.598488,16.393043,18.219519
184,24.508556,18.801321,20.38494,20.966468,19.450774,23.480513,22.907429,18.769882,19.457818,18.981588,17.83749,16.598488,16.393043,18.219519,16.804754
185,18.801321,20.38494,20.966468,19.450774,23.480513,22.907429,18.769882,19.457818,18.981588,17.83749,16.598488,16.393043,18.219519,16.804754,15.322494
186,20.38494,20.966468,19.450774,23.480513,22.907429,18.769882,19.457818,18.981588,17.83749,16.598488,16.393043,18.219519,16.804754,15.322494,16.824612
187,20.966468,19.450774,23.480513,22.907429,18.769882,19.457818,18.981588,17.83749,16.598488,16.393043,18.219519,16.804754,15.322494,16.824612,13.561491
188,19.450774,23.480513,22.907429,18.769882,19.457818,18.981588,17.83749,16.598488,16.393043,18.219519,16.804754,15.322494,16.824612,13.561491,15.703266
189,23.480513,22.907429,18.769882,19.457818,18.981588,17.83749,16.598488,16.393043,18.219519,16.804754,15.322494,16.824612,13.561491,15.703266,15.690455
190,22.907429,18.769882,19.457818,18.981588,17.83749,16.598488,16.393043,18.219519,16.804754,15.322494,16.824612,13.561491,15.703266,15.690455,17.832282
191,18.769882,19.457818,18.981588,17.83749,16.598488,16.393043,18.219519,16.804754,15.322494,16.824612,13.561491,15.703266,15.690455,17.832282,20.34952
192,19.457818,18.981588,17.83749,16.598488,16.393043,18.219519,16.804754,15.322494,16.824612,13.561491,15.703266,15.690455,17.832282,20.34952,19.236382
193,18.981588,17.83749,16.598488,16.393043,18.219519,16.804754,15.322494,16.824612,13.561491,15.703266,15.690455,17.832282,20.34952,19.236382,18.284371
194,17.83749,16.598488,16.393043,18.219519,16.804754,15.322494,16.824612,13.561491,15.703266,15.690455,17.832282,20.34952,19.236382,18.284371,17.594621
195,16.598488,16.393043,18.219519,16.804754,15.322494,16.824612,13.561491,15.703266,15.690455,17.832282,20.34952,19.236382,18.284371,17.594621,19.149535
196,16.393043,18.219519,16.804754,15.322494,16.824612,13.561491,15.703266,15.690455,17.832282,20.34952,19.236382,18.284371,17.594621,19.149535,19.643203
197,18.219519,16.804754,15.322494,16.824612,13.561491,15.703266,15.690455,17.832282,20.34952,19.236382,18.284371,17.594621,19.149535,19.643203,16.467605
198,16.804754,15.322494,16.824612,13.561491,15.703266,15.690455,17.832282,20.34952,19.236382,18.284371,17.594621,19.149535,19.643203,16.467605,13.687952
199,15.322494,16.824612,13.561491,15.703266,15.690455,17.832282,20.34952,19.236382,18.284371,17.594621,19.149535,19.643203,16.467605,13.687952,15.534637
200,16.824612,13.561491,15.703266,15.690455,17.832282,20.34952,19.236382,18.284371,17.594621,19.149535,19.643203,16.467605,13.687952,15.534637,19.93288
201,13.561491,15.703266,15.690455,17.832282,20.34952,19.236382,18.284371,17.594621,19.149535,19.643203,16.467605,13.687952,15.534637,19.93288,20.205314
202,15.703266,15.690455,17.832282,20.34952,19.236382,18.284371,17.594621,19.149535,19.643203,16.467605,13.687952,15.534637,19.93288,20.205314,17.079224
203,15.690455,17.832282,20.34952,19.236382,18.284371,17.594621,19.149535,19.643203,16.467605,13.687952,15.534637,19.93288,20.205314,17.079224,18.484181
204,17.832282,20.34952,19.236382,18.284371,17.594621,19.149535,19.643203,16.467605,13.687952,15.534637,19.93288,20.205314,17.079224,18.484181,20.386176
205,20.34952,19.236382,18.284371,17.594621,19.149535,19.643203,16.467605,13.687952,15.534637,19.93288,20.205314,17.079224,18.484181,20.386176,16.403535
206,19.236382,18.284371,17.594621,19.149535,19.643203,16.467605,13.687952,15.534637,19.93288,20.205314,17.079224,18.484181,20.386176,16.403535,17.264034
207,18.284371,17.594621,19.149535,19.643203,16.467605,13.687952,15.534637,19.93288,20.205314,17.079224,18.484181,20.386176,16.403535,17.264034,15.050189
208,17.594621,19.149535,19.643203,16.467605,13.687952,15.534637,19.93288,20.205314,17.079224,18.484181,20.386176,16.403535,17.264034,15.050189,15.099119
209,19.149535,19.643203,16.467605,13.687952,15.534637,19.93288,20.205314,17.079224,18.484181,20.386176,16.403535,17.264034,15.050189,15.099119,13.964654
210,19.643203,16.467605,13.687952,15.534637,19.93288,20.205314,17.079224,18.484181,20.386176,16.403535,17.264034,15.050189,15.099119,13.964654,15.918035
211,16.467605,13.687952,15.534637,19.93288,20.205314,17.079224,18.484181,20.386176,16.403535,17.264034,15.050189,15.099119,13.964654,15.918035,18.205764
212,13.687952,15.534637,19.93288,20.205314,17.079224,18.484181,20.386176,16.403535,17.264034,15.050189,15.099119,13.964654,15.918035,18.205764,17.136735
213,15.534637,19.93288,20.205314,17.079224,18.484181,20.386176,16.403535,17.264034,15.050189,15.099119,13.964654,15.918035,18.205764,17.136735,20.532564
214,19.93288,20.205314,17.079224,18.484181,20.386176,16.403535,17.264034,15.050189,15.099119,13.964654,15.918035,18.205764,17.136735,20.532564,16.677481
215,20.205314,17.079224,18.484181,20.386176,16.403535,17.264034,15.050189,15.099119,13.964654,15.918035,18.205764,17.136735,20.532564,16.677481,17.145499
216,17.079224,18.484181,20.386176,16.403535,17.264034,15.050189,15.099119,13.964654,15.918035,18.205764,17.136735,20.532564,16.677481,17.145499,15.644909
217,18.484181,20.386176,16.403535,17.264034,15.050189,15.099119,13.964654,15.918035,18.205764,17.136735,20.532564,16.677481,17.145499,15.644909,15.14638
218,20.386176,16.403535,17.264034,15.050189,15.099119,13.964654,15.918035,18.205764,17.136735,20.532564,16.677481,17.145499,15.644909,15.14638,11.888537
219,16.403535,17.264034,15.050189,15.099119,13.964654,15.918035,18.205764,17.136735,20.532564,16.677481,17.145499,15.644909,15.14638,11.888537,14.791632
220,17.264034,15.050189,15.099119,13.964654,15.918035,18.205764,17.136735,20.532564,16.677481,17.145499,15.644909,15.14638,11.888537,14.791632,17.069878
221,15.050189,15.099119,13.964654,15.918035,18.205764,17.136735,20.532564,16.677481,17.145499,15.644909,15.14638,11.888537,14.791632,17.069878,16.538038
222,15.099119,13.964654,15.918035,18.205764,17.136735,20.532564,16.677481,17.145499,15.644909,15.14638,11.888537,14.791632,17.069878,16.538038,13.448911
223,13.964654,15.918035,18.205764,17.136735,20.532564,16.677481,17.145499,15.644909,15.14638,11.888537,14.791632,17.069878,16.538038,13.448911,20.403555
224,15.918035,18.205764,17.136735,20.532564,16.677481,17.145499,15.644909,15.14638,11.888537,14.791632,17.069878,16.538038,13.448911,20.403555,21.931558
225,18.205764,17.136735,20.532564,16.677481,17.145499,15.644909,15.14638,11.888537,14.791632,17.069878,16.538038,13.448911,20.403555,21.931558,21.339365
226,17.136735,20.532564,16.677481,17.145499,15.644909,15.14638,11.888537,14.791632,17.069878,16.538038,13.448911,20.403555,21.931558,21.339365,19.796031
227,20.532564,16.677481,17.145499,15.644909,15.14638,11.888537,14.791632,17.069878,16.538038,13.448911,20.403555,21.931558,21.339365,19.796031,18.589576
228,16.677481,17.145499,15.644909,15.14638,11.888537,14.791632,17.069878,16.538038,13.448911,20.403555,21.931558,21.339365,19.796031,18.589576,20.376149
229,17.145499,15.644909,15.14638,11.888537,14.791632,17.069878,16.538038,13.448911,20.403555,21.931558,21.339365,19.796031,18.589576,20.376149,20.418797
230,15.644909,15.14638,11.888537,14.791632,17.069878,16.538038,13.448911,20.403555,21.931558,21.339365,19.796031,18.589576,20.376149,20.418797,19.480422
231,15.14638,11.888537,14.791632,17.069878,16.538038,13.448911,20.403555,21.931558,21.339365,19.796031,18.589576,20.376149,20.418797,19.480422,17.808714
232,11.888537,14.791632,17.069878,16.538038,13.448911,20.403555,21.931558,21.339365,19.796031,18.589576,20.376149,20.418797,19.480422,17.808714,18.260403
233,14.791632,17.069878,16.538038,13.448911,20.403555,21.931558,21.339365,19.796031,18.589576,20.376149,20.418797,19.480422,17.808714,18.260403,17.242539
234,17.069878,16.538038,13.448911,20.403555,21.931558,21.339365,19.796031,18.589576,20.376149,20.418797,19.480422,17.808714,18.260403,17.242539,18.554744
235,16.538038,13.448911,20.403555,21.931558,21.339365,19.796031,18.589576,20.376149,20.418797,19.480422,17.808714,18.260403,17.242539,18.554744,18.015481
236,13.448911,20.403555,21.931558,21.339365,19.796031,18.589576,20.376149,20.418797,19.480422,17.808714,18.260403,17.242539,18.554744,18.015481,19.265155
237,20.403555,21.931558,21.339365,19.796031,18.589576,20.376149,20.418797,19.480422,17.808714,18.260403,17.242539,18.554744,18.015481,19.265155,18.326928
238,21.931558,21.339365,19.796031,18.589576,20.376149,20.418797,19.480422,17.808714,18.260403,17.242539,18.554744,18.015481,19.265155,18.326928,18.580692
239,21.339365,19.796031,18.589576,20.376149,20.418797,19.480422,17.808714,18.260403,17.242539,18.554744,18.015481,19.265155,18.326928,18.580692,19.764859
240,19.796031,18.589576,20.376149,20.418797,19.480422,17.808714,18.260403,17.242539,18.554744,18.015481,19.265155,18.326928,18.580692,19.764859,18.224799
241,18.589576,20.376149,20.418797,19.480422,17.808714,18.260403,17.242539,18.554744,18.015481,19.265155,18.326928,18.580692,19.764859,18.224799,19.368744
242,20.376149,20.418797,19.480422,17.808714,18.260403,17.242539,18.554744,18.015481,19.265155,18.326928,18.580692,19.764859,18.224799,19.368744,17.033475
243,20.418797,19.480422,17.808714,18.260403,17.242539,18.554744,18.015481,19.265155,18.326928,18.580692,19.764859,18.224799,19.368744,17.033475,16.439044
244,19.480422,17.808714,18.260403,17.242539,18.554744,18.015481,19.265155,18.326928,18.580692,19.764859,18.224799,19.368744,17.033475,16.439044,18.137896
245,17.808714,18.260403,17.242539,18.554744,18.015481,19.265155,18.326928,18.580692,19.764859,18.224799,19.368744,17.033475,16.439044,18.137896,14.04386
246,18.260403,17.242539,18.554744,18.015481,19.265155,18.326928,18.580692,19.764859,18.224799,19.368744,17.033475,16.439044,18.137896,14.04386,13.90151
247,17.242539,18.554744,18.015481,19.265155,18.326928,18.580692,19.764859,18.224799,19.368744,17.033475,16.439044,18.137896,14.04386,13.90151,17.425209
248,18.554744,18.015481,19.265155,18.326928,18.580692,19.764859,18.224799,19.368744,17.033475,16.439044,18.137896,14.04386,13.90151,17.425209,18.896364
249,18.015481,19.265155,18.326928,18.580692,19.764859,18.224799,19.368744,17.033475,16.439044,18.137896,14.04386,13.90151,17.425209,18.896364,19.756651
250,19.265155,18.326928,18.580692,19.764859,18.224799,19.368744,17.033475,16.439044,18.137896,14.04386,13.90151,17.425209,18.896364,19.756651,18.30443
251,18.326928,18.580692,19.764859,18.224799,19.368744,17.033475,16.439044,18.137896,14.04386,13.90151,17.425209,18.896364,19.756651,18.30443,18.149924
252,18.580692,19.764859,18.224799,19.368744,17.033475,16.439044,18.137896,14.04386,13.90151,17.425209,18.896364,19.756651,18.30443,18.149924,16.944533
253,19.764859,18.224799,19.368744,17.033475,16.439044,18.137896,14.04386,13.90151,17.425209,18.896364,19.756651,18.30443,18.149924,16.944533,18.221247
254,18.224799,19.368744,17.033475,16.439044,18.137896,14.04386,13.90151,17.425209,18.896364,19.756651,18.30443,18.149924,16.944533,18.221247,22.88252
255,19.368744,17.033475,16.439044,18.137896,14.04386,13.90151,17.425209,18.896364,19.756651,18.30443,18.149924,16.944533,18.221247,22.88252,18.852133
256,17.033475,16.439044,18.137896,14.04386,13.90151,17.425209,18.896364,19.756651,18.30443,18.149924,16.944533,18.221247,22.88252,18.852133,18.202934
257,16.439044,18.137896,14.04386,13.90151,17.425209,18.896364,19.756651,18.30443,18.149924,16.944533,18.221247,22.88252,18.852133,18.202934,19.810725
258,18.137896,14.04386,13.90151,17.425209,18.896364,19.756651,18.30443,18.149924,16.944533,18.221247,22.88252,18.852133,18.202934,19.810725,20.07153
259,14.04386,13.90151,17.425209,18.896364,19.756651,18.30443,18.149924,16.944533,18.221247,22.88252,18.852133,18.202934,19.810725,20.07153,20.347361
260,13.90151,17.425209,18.896364,19.756651,18.30443,18.149924,16.944533,18.221247,22.88252,18.852133,18.202934,19.810725,20.07153,20.347361,18.989365
261,17.425209,18.896364,19.756651,18.30443,18.149924,16.944533,18.221247,22.88252,18.852133,18.202934,19.810725,20.07153,20.347361,18.989365,17.162161
262,18.896364,19.756651,18.30443,18.149924,16.944533,18.221247,22.88252,18.852133,18.202934,19.810725,20.07153,20.347361,18.989365,17.162161,19.124389
263,19.756651,18.30443,18.149924,16.944533,18.221247,22.88252,18.852133,18.202934,19.810725,20.07153,20.347361,18.989365,17.162161,19.124389,16.532298
264,18.30443,18.149924,16.944533,18.221247,22.88252,18.852133,18.202934,19.810725,20.07153,20.347361,18.989365,17.162161,19.124389,16.532298,18.319352
265,18.149924,16.944533,18.221247,22.88252,18.852133,18.202934,19.810725,20.07153,20.347361,18.989365,17.162161,19.124389,16.532298,18.319352,21.263288
266,16.944533,18.221247,22.88252,18.852133,18.202934,19.810725,20.07153,20.347361,18.989365,17.162161,19.124389,16.532298,18.319352,21.263288,19.112208
267,18.221247,22.88252,18.852133,18.202934,19.810725,20.07153,20.347361,18.989365,17.162161,19.124389,16.532298,18.319352,21.263288,19.112208,20.15441
268,22.88252,18.852133,18.202934,19.810725,20.07153,20.347361,18.989365,17.162161,19.124389,16.532298,18.319352,21.263288,19.112208,20.15441,21.422525
269,18.852133,18.202934,19.810725,20.07153,20.347361,18.989365,17.162161,19.124389,16.532298,18.319352,21.263288,19.112208,20.15441,21.422525,21.715978
270,18.202934,19.810725,20.07153,20.347361,18.989365,17.162161,19.124389,16.532298,18.319352,21.263288,19.112208,20.15441,21.422525,21.715978,16.022328
271,19.810725,20.07153,20.347361,18.989365,17.162161,19.124389,16.532298,18.319352,21.263288,19.112208,20.15441,21.422525,21.715978,16.022328,16.785984
272,20.07153,20.347361,18.989365,17.162161,19.124389,16.532298,18.319352,21.263288,19.112208,20.15441,21.422525,21.715978,16.022328,16.785984,18.958468
273,20.347361,18.989365,17.162161,19.124389,16.532298,18.319352,21.263288,19.112208,20.15441,21.422525,21.715978,16.022328,16.785984,18.958468,22.610216
274,18.989365,17.162161,19.124389,16.532298,18.319352,21.263288,19.112208,20.15441,21.422525,21.715978,16.022328,16.785984,18.958468,22.610216,18.716152
275,17.162161,19.124389,16.532298,18.319352,21.263288,19.112208,20.15441,21.422525,21.715978,16.022328,16.785984,18.958468,22.610216,18.716152,22.025756
276,19.124389,16.532298,18.319352,21.263288,19.112208,20.15441,21.422525,21.715978,16.022328,16.785984,18.958468,22.610216,18.716152,22.025756,24.809396
277,16.532298,18.319352,21.263288,19.112208,20.15441,21.422525,21.715978,16.022328,16.785984,18.958468,22.610216,18.716152,22.025756,24.809396,22.676376
278,18.319352,21.263288,19.112208,20.15441,21.422525,21.715978,16.022328,16.785984,18.958468,22.610216,18.716152,22.025756,24.809396,22.676376,17.69342
279,21.263288,19.112208,20.15441,21.422525,21.715978,16.022328,16.785984,18.958468,22.610216,18.716152,22.025756,24.809396,22.676376,17.69342,21.607324
280,19.112208,20.15441,21.422525,21.715978,16.022328,16.785984,18.958468,22.610216,18.716152,22.025756,24.809396,22.676376,17.69342,21.607324,17.325024
281,20.15441,21.422525,21.715978,16.022328,16.785984,18.958468,22.610216,18.716152,22.025756,24.809396,22.676376,17.69342,21.607324,17.325024,22.459208
282,21.422525,21.715978,16.022328,16.785984,18.958468,22.610216,18.716152,22.025756,24.809396,22.676376,17.69342,21.607324,17.325024,22.459208,18.905781
283,21.715978,16.022328,16.785984,18.958468,22.610216,18.716152,22.025756,24.809396,22.676376,17.69342,21.607324,17.325024,22.459208,18.905781,20.234745
284,16.022328,16.785984,18.958468,22.610216,18.716152,22.025756,24.809396,22.676376,17.69342,21.607324,17.325024,22.459208,18.905781,20.234745,20.93386
285,16.785984,18.958468,22.610216,18.716152,22.025756,24.809396,22.676376,17.69342,21.607324,17.325024,22.459208,18.905781,20.234745,20.93386,22.684552
286,18.958468,22.610216,18.716152,22.025756,24.809396,22.676376,17.69342,21.607324,17.325024,22.459208,18.905781,20.234745,20.93386,22.684552,19.716506
287,22.610216,18.716152,22.025756,24.809396,22.676376,17.69342,21.607324,17.325024,22.459208,18.905781,20.234745,20.93386,22.684552,19.716506,17.974327
288,18.716152,22.025756,24.809396,22.676376,17.69342,21.607324,17.325024,22.459208,18.905781,20.234745,20.93386,22.684552,19.716506,17.974327,19.058118
289,22.025756,24.809396,22.676376,17.69342,21.607324,17.325024,22.459208,18.905781,20.234745,20.93386,22.684552,19.716506,17.974327,19.058118,22.2155
290,24.809396,22.676376,17.69342,21.607324,17.325024,22.459208,18.905781,20.234745,20.93386,22.684552,19.716506,17.974327,19.058118,22.2155,22.157229
291,22.676376,17.69342,21.607324,17.325024,22.459208,18.905781,20.234745,20.93386,22.684552,19.716506,17.974327,19.058118,22.2155,22.157229,23.6276
292,17.69342,21.607324,17.325024,22.459208,18.905781,20.234745,20.93386,22.684552,19.716506,17.974327,19.058118,22.2155,22.157229,23.6276,20.737746
293,21.607324,17.325024,22.459208,18.905781,20.234745,20.93386,22.684552,19.716506,17.974327,19.058118,22.2155,22.157229,23.6276,20.737746,23.47738
294,17.325024,22.459208,18.905781,20.234745,20.93386,22.684552,19.716506,17.974327,19.058118,22.2155,22.157229,23.6276,20.737746,23.47738,20.760319
295,22.459208,18.905781,20.234745,20.93386,22.684552,19.716506,17.974327,19.058118,22.2155,22.157229,23.6276,20.737746,23.47738,20.760319,24.059216
296,18.905781,20.234745,20.93386,22.684552,19.716506,17.974327,19.058118,22.2155,22.157229,23.6276,20.737746,23.47738,20.760319,24.059216,23.12372
297,20.234745,20.93386,22.684552,19.716506,17.974327,19.058118,22.2155,22.157229,23.6276,20.737746,23.47738,20.760319,24.059216,23.12372,25.048594
298,20.93386,22.684552,19.716506,17.974327,19.058118,22.2155,22.157229,23.6276,20.737746,23.47738,20.760319,24.059216,23.12372,25.048594,24.044617
299,22.684552,19.716506,17.974327,19.058118,22.2155,22.157229,23.6276,20.737746,23.47738,20.760319,24.059216,23.12372,25.048594,24.044617,25.365733
300,19.716506,17.974327,19.058118,22.2155,22.157229,23.6276,20.737746,23.47738,20.760319,24.059216,23.12372,25.048594,24.044617,25.365733,29.12898
301,17.974327,19.058118,22.2155,22.157229,23.6276,20.737746,23.47738,20.760319,24.059216,23.12372,25.048594,24.044617,25.365733,29.12898,28.009624
302,19.058118,22.2155,22.157229,23.6276,20.737746,23.47738,20.760319,24.059216,23.12372,25.048594,24.044617,25.365733,29.12898,28.009624,29.186315
303,22.2155,22.157229,23.6276,20.737746,23.47738,20.760319,24.059216,23.12372,25.048594,24.044617,25.365733,29.12898,28.009624,29.186315,30.07017
304,22.157229,23.6276,20.737746,23.47738,20.760319,24.059216,23.12372,25.048594,24.044617,25.365733,29.12898,28.009624,29.186315,30.07017,28.982116
305,23.6276,20.737746,23.47738,20.760319,24.059216,23.12372,25.048594,24.044617,25.365733,29.12898,28.009624,29.186315,30.07017,28.982116,25.33019
306,20.737746,23.47738,20.760319,24.059216,23.12372,25.048594,24.044617,25.365733,29.12898,28.009624,29.186315,30.07017,28.982116,25.33019,25.249012
307,23.47738,20.760319,24.059216,23.12372,25.048594,24.044617,25.365733,29.12898,28.009624,29.186315,30.07017,28.982116,25.33019,25.249012,24.998988
308,20.760319,24.059216,23.12372,25.048594,24.044617,25.365733,29.12898,28.009624,29.186315,30.07017,28.982116,25.33019,25.249012,24.998988,26.721317
309,24.059216,23.12372,25.048594,24.044617,25.365733,29.12898,28.009624,29.186315,30.07017,28.982116,25.33019,25.249012,24.998988,26.721317,27.942992
310,23.12372,25.048594,24.044617,25.365733,29.12898,28.009624,29.186315,30.07017,28.982116,25.33019,25.249012,24.998988,26.721317,27.942992,23.613307
311,25.048594,24.044617,25.365733,29.12898,28.009624,29.186315,30.07017,28.982116,25.33019,25.249012,24.998988,26.721317,27.942992,23.613307,29.0608
312,24.044617,25.365733,29.12898,28.009624,29.186315,30.07017,28.982116,25.33019,25.249012,24.998988,26.721317,27.942992,23.613307,29.0608,25.517794
313,25.365733,29.12898,28.009624,29.186315,30.07017,28.982116,25.33019,25.249012,24.998988,26.721317,27.942992,23.613307,29.0608,25.517794,25.880629
314,29.12898,28.009624,29.186315,30.07017,28.982116,25.33019,25.249012,24.998988,26.721317,27.942992,23.613307,29.0608,25.517794,25.880629,26.253226
315,28.009624,29.186315,30.07017,28.982116,25.33019,25.249012,24.998988,26.721317,27.942992,23.613307,29.0608,25.517794,25.880629,26.253226,26.893333
316,29.186315,30.07017,28.982116,25.33019,25.249012,24.998988,26.721317,27.942992,23.613307,29.0608,25.517794,25.880629,26.253226,26.893333,27.521775
317,30.07017,28.982116,25.33019,25.249012,24.998988,26.721317,27.942992,23.613307,29.0608,25.517794,25.880629,26.253226,26.893333,27.521775,29.677085
318,28.982116,25.33019,25.249012,24.998988,26.721317,27.942992,23.613307,29.0608,25.517794,25.880629,26.253226,26.893333,27.521775,29.677085,29.613074
319,25.33019,25.249012,24.998988,26.721317,27.942992,23.613307,29.0608,25.517794,25.880629,26.253226,26.893333,27.521775,29.677085,29.613074,28.996193
320,25.249012,24.998988,26.721317,27.942992,23.613307,29.0608,25.517794,25.880629,26.253226,26.893333,27.521775,29.677085,29.613074,28.996193,29.319054
321,24.998988,26.721317,27.942992,23.613307,29.0608,25.517794,25.880629,26.253226,26.893333,27.521775,29.677085,29.613074,28.996193,29.319054,27.554083
322,26.721317,27.942992,23.613307,29.0608,25.517794,25.880629,26.253226,26.893333,27.521775,29.677085,29.613074,28.996193,29.319054,27.554083,24.084304
323,27.942992,23.613307,29.0608,25.517794,25.880629,26.253226,26.893333,27.521775,29.677085,29.613074,28.996193,29.319054,27.554083,24.084304,25.038015
324,23.613307,29.0608,25.517794,25.880629,26.253226,26.893333,27.521775,29.677085,29.613074,28.996193,29.319054,27.554083,24.084304,25.038015,28.455004
325,29.0608,25.517794,25.880629,26.253226,26.893333,27.521775,29.677085,29.613074,28.996193,29.319054,27.554083,24.084304,25.038015,28.455004,28.850247
326,25.517794,25.880629,26.253226,26.893333,27.521775,29.677085,29.613074,28.996193,29.319054,27.554083,24.084304,25.038015,28.455004,28.850247,26.397727
327,25.880629,26.253226,26.893333,27.521775,29.677085,29.613074,28.996193,29.319054,27.554083,24.084304,25.038015,28.455004,28.850247,26.397727,26.711861
328,26.253226,26.893333,27.521775,29.677085,29.613074,28.996193,29.319054,27.554083,24.084304,25.038015,28.455004,28.850247,26.397727,26.711861,25.586247
329,26.893333,27.521775,29.677085,29.613074,28.996193,29.319054,27.554083,24.084304,25.038015,28.455004,28.850247,26.397727,26.711861,25.586247,28.968708
330,27.521775,29.677085,29.613074,28.996193,29.319054,27.554083,24.084304,25.038015,28.455004,28.850247,26.397727,26.711861,25.586247,28.968708,28.087703
331,29.677085,29.613074,28.996193,29.319054,27.554083,24.084304,25.038015,28.455004,28.850247,26.397727,26.711861,25.586247,28.968708,28.087703,29.885541
332,29.613074,28.996193,29.319054,27.554083,24.084304,25.038015,28.455004,28.850247,26.397727,26.711861,25.586247,28.968708,28.087703,29.885541,28.460223
333,28.996193,29.319054,27.554083,24.084304,25.038015,28.455004,28.850247,26.397727,26.711861,25.586247,28.968708,28.087703,29.885541,28.460223,31.72401
334,29.319054,27.554083,24.084304,25.038015,28.455004,28.850247,26.397727,26.711861,25.586247,28.968708,28.087703,29.885541,28.460223,31.72401,29.566417
335,27.554083,24.084304,25.038015,28.455004,28.850247,26.397727,26.711861,25.586247,28.968708,28.087703,29.885541,28.460223,31.72401,29.566417,30.470233
336,24.084304,25.038015,28.455004,28.850247,26.397727,26.711861,25.586247,28.968708,28.087703,29.885541,28.460223,31.72401,29.566417,30.470233,29.279171
337,25.038015,28.455004,28.850247,26.397727,26.711861,25.586247,28.968708,28.087703,29.885541,28.460223,31.72401,29.566417,30.470233,29.279171,30.302496
338,28.455004,28.850247,26.397727,26.711861,25.586247,28.968708,28.087703,29.885541,28.460223,31.72401,29.566417,30.470233,29.279171,30.302496,26.787985
339,28.850247,26.397727,26.711861,25.586247,28.968708,28.087703,29.885541,28.460223,31.72401,29.566417,30.470233,29.279171,30.302496,26.787985,31.304699
340,26.397727,26.711861,25.586247,28.968708,28.087703,29.885541,28.460223,31.72401,29.566417,30.470233,29.279171,30.302496,26.787985,31.304699,27.630782
341,26.711861,25.586247,28.968708,28.087703,29.885541,28.460223,31.72401,29.566417,30.470233,29.279171,30.302496,26.787985,31.304699,27.630782,30.341554
342,25.586247,28.968708,28.087703,29.885541,28.460223,31.72401,29.566417,30.470233,29.279171,30.302496,26.787985,31.304699,27.630782,30.341554,29.369011
343,28.968708,28.087703,29.885541,28.460223,31.72401,29.566417,30.470233,29.279171,30.302496,26.787985,31.304699,27.630782,30.341554,29.369011,27.18523
344,28.087703,29.885541,28.460223,31.72401,29.566417,30.470233,29.279171,30.302496,26.787985,31.304699,27.630782,30.341554,29.369011,27.18523,27.058068
345,29.885541,28.460223,31.72401,29.566417,30.470233,29.279171,30.302496,26.787985,31.304699,27.630782,30.341554,29.369011,27.18523,27.058068,27.877731
346,28.460223,31.72401,29.566417,30.470233,29.279171,30.302496,26.787985,31.304699,27.630782,30.341554,29.369011,27.18523,27.058068,27.877731,29.366712
347,31.72401,29.566417,30.470233,29.279171,30.302496,26.787985,31.304699,27.630782,30.341554,29.369011,27.18523,27.058068,27.877731,29.366712,28.806571
348,29.566417,30.470233,29.279171,30.302496,26.787985,31.304699,27.630782,30.341554,29.369011,27.18523,27.058068,27.877731,29.366712,28.806571,29.604572
349,30.470233,29.279171,30.302496,26.787985,31.304699,27.630782,30.341554,29.369011,27.18523,27.058068,27.877731,29.366712,28.806571,29.604572,25.447181
350,29.279171,30.302496,26.787985,31.304699,27.630782,30.341554,29.369011,27.18523,27.058068,27.877731,29.366712,28.806571,29.604572,25.447181,22.948734
351,30.302496,26.787985,31.304699,27.630782,30.341554,29.369011,27.18523,27.058068,27.877731,29.366712,28.806571,29.604572,25.447181,22.948734,23.995924
352,26.787985,31.304699,27.630782,30.341554,29.369011,27.18523,27.058068,27.877731,29.366712,28.806571,29.604572,25.447181,22.948734,23.995924,23.174041
353,31.304699,27.630782,30.341554,29.369011,27.18523,27.058068,27.877731,29.366712,28.806571,29.604572,25.447181,22.948734,23.995924,23.174041,22.062984
354,27.630782,30.341554,29.369011,27.18523,27.058068,27.877731,29.366712,28.806571,29.604572,25.447181,22.948734,23.995924,23.174041,22.062984,21.759584
355,30.341554,29.369011,27.18523,27.058068,27.877731,29.366712,28.806571,29.604572,25.447181,22.948734,23.995924,23.174041,22.062984,21.759584,21.292589
356,29.369011,27.18523,27.058068,27.877731,29.366712,28.806571,29.604572,25.447181,22.948734,23.995924,23.174041,22.062984,21.759584,21.292589,21.063295
357,27.18523,27.058068,27.877731,29.366712,28.806571,29.604572,25.447181,22.948734,23.995924,23.174041,22.062984,21.759584,21.292589,21.063295,20.866626
358,27.058068,27.877731,29.366712,28.806571,29.604572,25.447181,22.948734,23.995924,23.174041,22.062984,21.759584,21.292589,21.063295,20.866626,18.966442
359,27.877731,29.366712,28.806571,29.604572,25.447181,22.948734,23.995924,23.174041,22.062984,21.759584,21.292589,21.063295,20.866626,18.966442,19.507534
360,29.366712,28.806571,29.604572,25.447181,22.948734,23.995924,23.174041,22.062984,21.759584,21.292589,21.063295,20.866626,18.966442,19.507534,21.789218
361,28.806571,29.604572,25.447181,22.948734,23.995924,23.174041,22.062984,21.759584,21.292589,21.063295,20.866626,18.966442,19.507534,21.789218,21.181052
362,29.604572,25.447181,22.948734,23.995924,23.174041,22.062984,21.759584,21.292589,21.063295,20.866626,18.966442,19.507534,21.789218,21.181052,20.026416
363,25.447181,22.948734,23.995924,23.174041,22.062984,21.759584,21.292589,21.063295,20.866626,18.966442,19.507534,21.789218,21.181052,20.026416,20.34317
364,22.948734,23.995924,23.174041,22.062984,21.759584,21.292589,21.063295,20.866626,18.966442,19.507534,21.789218,21.181052,20.026416,20.34317,20.701497
365,23.995924,23.174041,22.062984,21.759584,21.292589,21.063295,20.866626,18.966442,19.507534,21.789218,21.181052,20.026416,20.34317,20.701497,19.588578
366,23.174041,22.062984,21.759584,21.292589,21.063295,20.866626,18.966442,19.507534,21.789218,21.181052,20.026416,20.34317,20.701497,19.588578,19.886288
367,22.062984,21.759584,21.292589,21.063295,20.866626,18.966442,19.507534,21.789218,21.181052,20.026416,20.34317,20.701497,19.588578,19.886288,21.431293
368,21.759584,21.292589,21.063295,20.866626,18.966442,19.507534,21.789218,21.181052,20.026416,20.34317,20.701497,19.588578,19.886288,21.431293,20.062593
369,21.292589,21.063295,20.866626,18.966442,19.507534,21.789218,21.181052,20.026416,20.34317,20.701497,19.588578,19.886288,21.431293,20.062593,20.093577
370,21.063295,20.866626,18.966442,19.507534,21.789218,21.181052,20.026416,20.34317,20.701497,19.588578,19.886288,21.431293,20.062593,20.093577,21.383573
371,20.866626,18.966442,19.507534,21.789218,21.181052,20.026416,20.34317,20.701497,19.588578,19.886288,21.431293,20.062593,20.093577,21.383573,20.337439
372,18.966442,19.507534,21.789218,21.181052,20.026416,20.34317,20.701497,19.588578,19.886288,21.431293,20.062593,20.093577,21.383573,20.337439,21.626245
373,19.507534,21.789218,21.181052,20.026416,20.34317,20.701497,19.588578,19.886288,21.431293,20.062593,20.093577,21.383573,20.337439,21.626245,19.75788
374,21.789218,21.181052,20.026416,20.34317,20.701497,19.588578,19.886288,21.431293,20.062593,20.093577,21.383573,20.337439,21.626245,19.75788,20.445555
375,21.181052,20.026416,20.34317,20.701497,19.588578,19.886288,21.431293,20.062593,20.093577,21.383573,20.337439,21.626245,19.75788,20.445555,20.131431
376,20.026416,20.34317,20.701497,19.588578,19.886288,21.431293,20.062593,20.093577,21.383573,20.337439,21.626245,19.75788,20.445555,20.131431,20.240702
377,20.34317,20.701497,19.588578,19.886288,21.431293,20.062593,20.093577,21.383573,20.337439,21.626245,19.75788,20.445555,20.131431,20.240702,20.786387
378,20.701497,19.588578,19.886288,21.431293,20.062593,20.093577,21.383573,20.337439,21.626245,19.75788,20.445555,20.131431,20.240702,20.786387,22.749074
379,19.588578,19.886288,21.431293,20.062593,20.093577,21.383573,20.337439,21.626245,19.75788,20.445555,20.131431,20.240702,20.786387,22.749074,22.030434
380,19.886288,21.431293,20.062593,20.093577,21.383573,20.337439,21.626245,19.75788,20.445555,20.131431,20.240702,20.786387,22.749074,22.030434,20.116811
381,21.431293,20.062593,20.093577,21.383573,20.337439,21.626245,19.75788,20.445555,20.131431,20.240702,20.786387,22.749074,22.030434,20.116811,19.415695
382,20.062593,20.093577,21.383573,20.337439,21.626245,19.75788,20.445555,20.131431,20.240702,20.786387,22.749074,22.030434,20.116811,19.415695,18.658495
383,20.093577,21.383573,20.337439,21.626245,19.75788,20.445555,20.131431,20.240702,20.786387,22.749074,22.030434,20.116811,19.415695,18.658495,18.83853
384,21.383573,20.337439,21.626245,19.75788,20.445555,20.131431,20.240702,20.786387,22.749074,22.030434,20.116811,19.415695,18.658495,18.83853,19.296628
385,20.337439,21.626245,19.75788,20.445555,20.131431,20.240702,20.786387,22.749074,22.030434,20.116811,19.415695,18.658495,18.83853,19.296628,19.269573
386,21.626245,19.75788,20.445555,20.131431,20.240702,20.786387,22.749074,22.030434,20.116811,19.415695,18.658495,18.83853,19.296628,19.269573,20.872645
387,19.75788,20.445555,20.131431,20.240702,20.786387,22.749074,22.030434,20.116811,19.415695,18.658495,18.83853,19.296628,19.269573,20.872645,19.913282
388,20.445555,20.131431,20.240702,20.786387,22.749074,22.030434,20.116811,19.415695,18.658495,18.83853,19.296628,19.269573,20.872645,19.913282,19.569538
389,20.131431,20.240702,20.786387,22.749074,22.030434,20.116811,19.415695,18.658495,18.83853,19.296628,19.269573,20.872645,19.913282,19.569538,19.72859
390,20.240702,20.786387,22.749074,22.030434,20.116811,19.415695,18.658495,18.83853,19.296628,19.269573,20.872645,19.913282,19.569538,19.72859,19.927827
391,20.786387,22.749074,22.030434,20.116811,19.415695,18.658495,18.83853,19.296628,19.269573,20.872645,19.913282,19.569538,19.72859,19.927827,20.653701
392,22.749074,22.030434,20.116811,19.415695,18.658495,18.83853,19.296628,19.269573,20.872645,19.913282,19.569538,19.72859,19.927827,20.653701,21.180285
393,22.030434,20.116811,19.415695,18.658495,18.83853,19.296628,19.269573,20.872645,19.913282,19.569538,19.72859,19.927827,20.653701,21.180285,21.568466
394,20.116811,19.415695,18.658495,18.83853,19.296628,19.269573,20.872645,19.913282,19.569538,19.72859,19.927827,20.653701,21.180285,21.568466,20.443954
395,19.415695,18.658495,18.83853,19.296628,19.269573,20.872645,19.913282,19.569538,19.72859,19.927827,20.653701,21.180285,21.568466,20.443954,20.528855
396,18.658495,18.83853,19.296628,19.269573,20.872645,19.913282,19.569538,19.72859,19.927827,20.653701,21.180285,21.568466,20.443954,20.528855,19.830164
397,18.83853,19.296628,19.269573,20.872645,19.913282,19.569538,19.72859,19.927827,20.653701,21.180285,21.568466,20.443954,20.528855,19.830164,19.371926
398,19.296628,19.269573,20.872645,19.913282,19.569538,19.72859,19.927827,20.653701,21.180285,21.568466,20.443954,20.528855,19.830164,19.371926,19.528192
399,19.269573,20.872645,19.913282,19.569538,19.72859,19.927827,20.653701,21.180285,21.568466,20.443954,20.528855,19.830164,19.371926,19.528192,20.3169
400,20.872645,19.913282,19.569538,19.72859,19.927827,20.653701,21.180285,21.568466,20.443954,20.528855,19.830164,19.371926,19.528192,20.3169,21.051904
401,19.913282,19.569538,19.72859,19.927827,20.653701,21.180285,21.568466,20.443954,20.528855,19.830164,19.371926,19.528192,20.3169,21.051904,21.375565
402,19.569538,19.72859,19.927827,20.653701,21.180285,21.568466,20.443954,20.528855,19.830164,19.371926,19.528192,20.3169,21.051904,21.375565,19.987112
403,19.72859,19.927827,20.653701,21.180285,21.568466,20.443954,20.528855,19.830164,19.371926,19.528192,20.3169,21.051904,21.375565,19.987112,19.436211
404,19.927827,20.653701,21.180285,21.568466,20.443954,20.528855,19.830164,19.371926,19.528192,20.3169,21.051904,21.375565,19.987112,19.436211,19.644081
405,20.653701,21.180285,21.568466,20.443954,20.528855,19.830164,19.371926,19.528192,20.3169,21.051904,21.375565,19.987112,19.436211,19.644081,18.531267
406,21.180285,21.568466,20.443954,20.528855,19.830164,19.371926,19.528192,20.3169,21.051904,21.375565,19.987112,19.436211,19.644081,18.531267,18.253306
407,21.568466,20.443954,20.528855,19.830164,19.371926,19.528192,20.3169,21.051904,21.375565,19.987112,19.436211,19.644081,18.531267,18.253306,18.266653
408,20.443954,20.528855,19.830164,19.371926,19.528192,20.3169,21.051904,21.375565,19.987112,19.436211,19.644081,18.531267,18.253306,18.266653,18.119759
409,20.528855,19.830164,19.371926,19.528192,20.3169,21.051904,21.375565,19.987112,19.436211,19.644081,18.531267,18.253306,18.266653,18.119759,19.031987
410,19.830164,19.371926,19.528192,20.3169,21.051904,21.375565,19.987112,19.436211,19.644081,18.531267,18.253306,18.266653,18.119759,19.031987,19.827167
411,19.371926,19.528192,20.3169,21.051904,21.375565,19.987112,19.436211,19.644081,18.531267,18.253306,18.266653,18.119759,19.031987,19.827167,20.176177
412,19.528192,20.3169,21.051904,21.375565,19.987112,19.436211,19.644081,18.531267,18.253306,18.266653,18.119759,19.031987,19.827167,20.176177,21.087354
413,20.3169,21.051904,21.375565,19.987112,19.436211,19.644081,18.531267,18.253306,18.266653,18.119759,19.031987,19.827167,20.176177,21.087354,21.325439
414,21.051904,21.375565,19.987112,19.436211,19.644081,18.531267,18.253306,18.266653,18.119759,19.031987,19.827167,20.176177,21.087354,21.325439,20.79155
415,21.375565,19.987112,19.436211,19.644081,18.531267,18.253306,18.266653,18.119759,19.031987,19.827167,20.176177,21.087354,21.325439,20.79155,20.253212
416,19.987112,19.436211,19.644081,18.531267,18.253306,18.266653,18.119759,19.031987,19.827167,20.176177,21.087354,21.325439,20.79155,20.253212,19.863381
417,19.436211,19.644081,18.531267,18.253306,18.266653,18.119759,19.031987,19.827167,20.176177,21.087354,21.325439,20.79155,20.253212,19.863381,20.423892
418,19.644081,18.531267,18.253306,18.266653,18.119759,19.031987,19.827167,20.176177,21.087354,21.325439,20.79155,20.253212,19.863381,20.423892,20.575108
419,18.531267,18.253306,18.266653,18.119759,19.031987,19.827167,20.176177,21.087354,21.325439,20.79155,20.253212,19.863381,20.423892,20.575108,20.761942
420,18.253306,18.266653,18.119759,19.031987,19.827167,20.176177,21.087354,21.325439,20.79155,20.253212,19.863381,20.423892,20.575108,20.761942,20.523157
421,18.266653,18.119759,19.031987,19.827167,20.176177,21.087354,21.325439,20.79155,20.253212,19.863381,20.423892,20.575108,20.761942,20.523157,19.96714
422,18.119759,19.031987,19.827167,20.176177,21.087354,21.325439,20.79155,20.253212,19.863381,20.423892,20.575108,20.761942,20.523157,19.96714,20.009986
423,19.031987,19.827167,20.176177,21.087354,21.325439,20.79155,20.253212,19.863381,20.423892,20.575108,20.761942,20.523157,19.96714,20.009986,20.269044
424,19.827167,20.176177,21.087354,21.325439,20.79155,20.253212,19.863381,20.423892,20.575108,20.761942,20.523157,19.96714,20.009986,20.269044,20.356376
425,20.176177,21.087354,21.325439,20.79155,20.253212,19.863381,20.423892,20.575108,20.761942,20.523157,19.96714,20.009986,20.269044,20.356376,21.087218
426,21.087354,21.325439,20.79155,20.253212,19.863381,20.423892,20.575108,20.761942,20.523157,19.96714,20.009986,20.269044,20.356376,21.087218,20.234185
427,21.325439,20.79155,20.253212,19.863381,20.423892,20.575108,20.761942,20.523157,19.96714,20.009986,20.269044,20.356376,21.087218,20.234185,20.340457
428,20.79155,20.253212,19.863381,20.423892,20.575108,20.761942,20.523157,19.96714,20.009986,20.269044,20.356376,21.087218,20.234185,20.340457,22.026948
429,20.253212,19.863381,20.423892,20.575108,20.761942,20.523157,19.96714,20.009986,20.269044,20.356376,21.087218,20.234185,20.340457,22.026948,21.654331
430,19.863381,20.423892,20.575108,20.761942,20.523157,19.96714,20.009986,20.269044,20.356376,21.087218,20.234185,20.340457,22.026948,21.654331,22.378329
431,20.423892,20.575108,20.761942,20.523157,19.96714,20.009986,20.269044,20.356376,21.087218,20.234185,20.340457,22.026948,21.654331,22.378329,19.872389
432,20.575108,20.761942,20.523157,19.96714,20.009986,20.269044,20.356376,21.087218,20.234185,20.340457,22.026948,21.654331,22.378329,19.872389,19.056851
433,20.761942,20.523157,19.96714,20.009986,20.269044,20.356376,21.087218,20.234185,20.340457,22.026948,21.654331,22.378329,19.872389,19.056851,17.868687
434,20.523157,19.96714,20.009986,20.269044,20.356376,21.087218,20.234185,20.340457,22.026948,21.654331,22.378329,19.872389,19.056851,17.868687,19.037985
435,19.96714,20.009986,20.269044,20.356376,21.087218,20.234185,20.340457,22.026948,21.654331,22.378329,19.872389,19.056851,17.868687,19.037985,19.856341
436,20.009986,20.269044,20.356376,21.087218,20.234185,20.340457,22.026948,21.654331,22.378329,19.872389,19.056851,17.868687,19.037985,19.856341,21.360985
437,20.269044,20.356376,21.087218,20.234185,20.340457,22.026948,21.654331,22.378329,19.872389,19.056851,17.868687,19.037985,19.856341,21.360985,22.25498
438,20.356376,21.087218,20.234185,20.340457,22.026948,21.654331,22.378329,19.872389,19.056851,17.868687,19.037985,19.856341,21.360985,22.25498,21.479217
439,21.087218,20.234185,20.340457,22.026948,21.654331,22.378329,19.872389,19.056851,17.868687,19.037985,19.856341,21.360985,22.25498,21.479217,21.79346
440,20.234185,20.340457,22.026948,21.654331,22.378329,19.872389,19.056851,17.868687,19.037985,19.856341,21.360985,22.25498,21.479217,21.79346,21.838905
441,20.340457,22.026948,21.654331,22.378329,19.872389,19.056851,17.868687,19.037985,19.856341,21.360985,22.25498,21.479217,21.79346,21.838905,19.232919
442,22.026948,21.654331,22.378329,19.872389,19.056851,17.868687,19.037985,19.856341,21.360985,22.25498,21.479217,21.79346,21.838905,19.232919,21.411673
443,21.654331,22.378329,19.872389,19.056851,17.868687,19.037985,19.856341,21.360985,22.25498,21.479217,21.79346,21.838905,19.232919,21.411673,22.646022
444,22.378329,19.872389,19.056851,17.868687,19.037985,19.856341,21.360985,22.25498,21.479217,21.79346,21.838905,19.232919,21.411673,22.646022,20.708575
445,19.872389,19.056851,17.868687,19.037985,19.856341,21.360985,22.25498,21.479217,21.79346,21.838905,19.232919,21.411673,22.646022,20.708575,20.934682
446,19.056851,17.868687,19.037985,19.856341,21.360985,22.25498,21.479217,21.79346,21.838905,19.232919,21.411673,22.646022,20.708575,20.934682,19.801385
447,17.868687,19.037985,19.856341,21.360985,22.25498,21.479217,21.79346,21.838905,19.232919,21.411673,22.646022,20.708575,20.934682,19.801385,23.344047
448,19.037985,19.856341,21.360985,22.25498,21.479217,21.79346,21.838905,19.232919,21.411673,22.646022,20.708575,20.934682,19.801385,23.344047,22.454549
449,19.856341,21.360985,22.25498,21.479217,21.79346,21.838905,19.232919,21.411673,22.646022,20.708575,20.934682,19.801385,23.344047,22.454549,22.193877
450,21.360985,22.25498,21.479217,21.79346,21.838905,19.232919,21.411673,22.646022,20.708575,20.934682,19.801385,23.344047,22.454549,22.193877,21.15067
451,22.25498,21.479217,21.79346,21.838905,19.232919,21.411673,22.646022,20.708575,20.934682,19.801385,23.344047,22.454549,22.193877,21.15067,19.416707
452,21.479217,21.79346,21.838905,19.232919,21.411673,22.646022,20.708575,20.934682,19.801385,23.344047,22.454549,22.193877,21.15067,19.416707,22.577482
453,21.79346,21.838905,19.232919,21.411673,22.646022,20.708575,20.934682,19.801385,23.344047,22.454549,22.193877,21.15067,19.416707,22.577482,23.499371
454,21.838905,19.232919,21.411673,22.646022,20.708575,20.934682,19.801385,23.344047,22.454549,22.193877,21.15067,19.416707,22.577482,23.499371,16.208239
455,19.232919,21.411673,22.646022,20.708575,20.934682,19.801385,23.344047,22.454549,22.193877,21.15067,19.416707,22.577482,23.499371,16.208239,19.948666
456,21.411673,22.646022,20.708575,20.934682,19.801385,23.344047,22.454549,22.193877,21.15067,19.416707,22.577482,23.499371,16.208239,19.948666,18.353376
457,22.646022,20.708575,20.934682,19.801385,23.344047,22.454549,22.193877,21.15067,19.416707,22.577482,23.499371,16.208239,19.948666,18.353376,19.101185
458,20.708575,20.934682,19.801385,23.344047,22.454549,22.193877,21.15067,19.416707,22.577482,23.499371,16.208239,19.948666,18.353376,19.101185,19.897329
459,20.934682,19.801385,23.344047,22.454549,22.193877,21.15067,19.416707,22.577482,23.499371,16.208239,19.948666,18.353376,19.101185,19.897329,19.534043
460,19.801385,23.344047,22.454549,22.193877,21.15067,19.416707,22.577482,23.499371,16.208239,19.948666,18.353376,19.101185,19.897329,19.534043,20.66451
461,23.344047,22.454549,22.193877,21.15067,19.416707,22.577482,23.499371,16.208239,19.948666,18.353376,19.101185,19.897329,19.534043,20.66451,18.697989
462,22.454549,22.193877,21.15067,19.416707,22.577482,23.499371,16.208239,19.948666,18.353376,19.101185,19.897329,19.534043,20.66451,18.697989,16.64139
463,22.193877,21.15067,19.416707,22.577482,23.499371,16.208239,19.948666,18.353376,19.101185,19.897329,19.534043,20.66451,18.697989,16.64139,19.917723
464,21.15067,19.416707,22.577482,23.499371,16.208239,19.948666,18.353376,19.101185,19.897329,19.534043,20.66451,18.697989,16.64139,19.917723,16.247956
465,19.416707,22.577482,23.499371,16.208239,19.948666,18.353376,19.101185,19.897329,19.534043,20.66451,18.697989,16.64139,19.917723,16.247956,18.217669
466,22.577482,23.499371,16.208239,19.948666,18.353376,19.101185,19.897329,19.534043,20.66451,18.697989,16.64139,19.917723,16.247956,18.217669,17.313333
467,23.499371,16.208239,19.948666,18.353376,19.101185,19.897329,19.534043,20.66451,18.697989,16.64139,19.917723,16.247956,18.217669,17.313333,17.08086
468,16.208239,19.948666,18.353376,19.101185,19.897329,19.534043,20.66451,18.697989,16.64139,19.917723,16.247956,18.217669,17.313333,17.08086,19.640952
469,19.948666,18.353376,19.101185,19.897329,19.534043,20.66451,18.697989,16.64139,19.917723,16.247956,18.217669,17.313333,17.08086,19.640952,16.0916
470,18.353376,19.101185,19.897329,19.534043,20.66451,18.697989,16.64139,19.917723,16.247956,18.217669,17.313333,17.08086,19.640952,16.0916,17.955585
471,19.101185,19.897329,19.534043,20.66451,18.697989,16.64139,19.917723,16.247956,18.217669,17.313333,17.08086,19.640952,16.0916,17.955585,16.728594
472,19.897329,19.534043,20.66451,18.697989,16.64139,19.917723,16.247956,18.217669,17.313333,17.08086,19.640952,16.0916,17.955585,16.728594,15.995111
473,19.534043,20.66451,18.697989,16.64139,19.917723,16.247956,18.217669,17.313333,17.08086,19.640952,16.0916,17.955585,16.728594,15.995111,16.531343
474,20.66451,18.697989,16.64139,19.917723,16.247956,18.217669,17.313333,17.08086,19.640952,16.0916,17.955585,16.728594,15.995111,16.531343,17.635249
475,18.697989,16.64139,19.917723,16.247956,18.217669,17.313333,17.08086,19.640952,16.0916,17.955585,16.728594,15.995111,16.531343,17.635249,19.596934
476,16.64139,19.917723,16.247956,18.217669,17.313333,17.08086,19.640952,16.0916,17.955585,16.728594,15.995111,16.531343,17.635249,19.596934,19.205583
477,19.917723,16.247956,18.217669,17.313333,17.08086,19.640952,16.0916,17.955585,16.728594,15.995111,16.531343,17.635249,19.596934,19.205583,21.492208
478,16.247956,18.217669,17.313333,17.08086,19.640952,16.0916,17.955585,16.728594,15.995111,16.531343,17.635249,19.596934,19.205583,21.492208,18.63403
479,18.217669,17.313333,17.08086,19.640952,16.0916,17.955585,16.728594,15.995111,16.531343,17.635249,19.596934,19.205583,21.492208,18.63403,16.617698
480,17.313333,17.08086,19.640952,16.0916,17.955585,16.728594,15.995111,16.531343,17.635249,19.596934,19.205583,21.492208,18.63403,16.617698,19.586205
481,17.08086,19.640952,16.0916,17.955585,16.728594,15.995111,16.531343,17.635249,19.596934,19.205583,21.492208,18.63403,16.617698,19.586205,19.699475
482,19.640952,16.0916,17.955585,16.728594,15.995111,16.531343,17.635249,19.596934,19.205583,21.492208,18.63403,16.617698,19.586205,19.699475,17.520143
483,16.0916,17.955585,16.728594,15.995111,16.531343,17.635249,19.596934,19.205583,21.492208,18.63403,16.617698,19.586205,19.699475,17.520143,17.651923
484,17.955585,16.728594,15.995111,16.531343,17.635249,19.596934,19.205583,21.492208,18.63403,16.617698,19.586205,19.699475,17.520143,17.651923,16.908084
485,16.728594,15.995111,16.531343,17.635249,19.596934,19.205583,21.492208,18.63403,16.617698,19.586205,19.699475,17.520143,17.651923,16.908084,15.513698
486,15.995111,16.531343,17.635249,19.596934,19.205583,21.492208,18.63403,16.617698,19.586205,19.699475,17.520143,17.651923,16.908084,15.513698,17.253084
487,16.531343,17.635249,19.596934,19.205583,21.492208,18.63403,16.617698,19.586205,19.699475,17.520143,17.651923,16.908084,15.513698,17.253084,15.99266
488,17.635249,19.596934,19.205583,21.492208,18.63403,16.617698,19.586205,19.699475,17.520143,17.651923,16.908084,15.513698,17.253084,15.99266,15.232207
489,19.596934,19.205583,21.492208,18.63403,16.617698,19.586205,19.699475,17.520143,17.651923,16.908084,15.513698,17.253084,15.99266,15.232207,17.748377
490,19.205583,21.492208,18.63403,16.617698,19.586205,19.699475,17.520143,17.651923,16.908084,15.513698,17.253084,15.99266,15.232207,17.748377,19.267592
491,21.492208,18.63403,16.617698,19.586205,19.699475,17.520143,17.651923,16.908084,15.513698,17.253084,15.99266,15.232207,17.748377,19.267592,21.958543
492,18.63403,16.617698,19.586205,19.699475,17.520143,17.651923,16.908084,15.513698,17.253084,15.99266,15.232207,17.748377,19.267592,21.958543,16.4735
493,16.617698,19.586205,19.699475,17.520143,17.651923,16.908084,15.513698,17.253084,15.99266,15.232207,17.748377,19.267592,21.958543,16.4735,17.51442
494,19.586205,19.699475,17.520143,17.651923,16.908084,15.513698,17.253084,15.99266,15.232207,17.748377,19.267592,21.958543,16.4735,17.51442,16.376963
495,19.699475,17.520143,17.651923,16.908084,15.513698,17.253084,15.99266,15.232207,17.748377,19.267592,21.958543,16.4735,17.51442,16.376963,13.354475
496,17.520143,17.651923,16.908084,15.513698,17.253084,15.99266,15.232207,17.748377,19.267592,21.958543,16.4735,17.51442,16.376963,13.354475,15.824018
497,17.651923,16.908084,15.513698,17.253084,15.99266,15.232207,17.748377,19.267592,21.958543,16.4735,17.51442,16.376963,13.354475,15.824018,19.134836
498,16.908084,15.513698,17.253084,15.99266,15.232207,17.748377,19.267592,21.958543,16.4735,17.51442,16.376963,13.354475,15.824018,19.134836,16.265087
499,15.513698,17.253084,15.99266,15.232207,17.748377,19.267592,21.958543,16.4735,17.51442,16.376963,13.354475,15.824018,19.134836,16.265087,19.912028
500,17.253084,15.99266,15.232207,17.748377,19.267592,21.958543,16.4735,17.51442,16.376963,13.354475,15.824018,19.134836,16.265087,19.912028,18.94914
501,15.99266,15.232207,17.748377,19.267592,21.958543,16.4735,17.51442,16.376963,13.354475,15.824018,19.134836,16.265087,19.912028,18.94914,20.183952
502,15.232207,17.748377,19.267592,21.958543,16.4735,17.51442,16.376963,13.354475,15.824018,19.134836,16.265087,19.912028,18.94914,20.183952,16.985375
503,17.748377,19.267592,21.958543,16.4735,17.51442,16.376963,13.354475,15.824018,19.134836,16.265087,19.912028,18.94914,20.183952,16.985375,18.236163
504,19.267592,21.958543,16.4735,17.51442,16.376963,13.354475,15.824018,19.134836,16.265087,19.912028,18.94914,20.183952,16.985375,18.236163,15.753998
505,21.958543,16.4735,17.51442,16.376963,13.354475,15.824018,19.134836,16.265087,19.912028,18.94914,20.183952,16.985375,18.236163,15.753998,15.425663
506,16.4735,17.51442,16.376963,13.354475,15.824018,19.134836,16.265087,19.912028,18.94914,20.183952,16.985375,18.236163,15.753998,15.425663,15.941646
507,17.51442,16.376963,13.354475,15.824018,19.134836,16.265087,19.912028,18.94914,20.183952,16.985375,18.236163,15.753998,15.425663,15.941646,16.472386
508,16.376963,13.354475,15.824018,19.134836,16.265087,19.912028,18.94914,20.183952,16.985375,18.236163,15.753998,15.425663,15.941646,16.472386,16.247844
509,13.354475,15.824018,19.134836,16.265087,19.912028,18.94914,20.183952,16.985375,18.236163,15.753998,15.425663,15.941646,16.472386,16.247844,17.166629
510,15.824018,19.134836,16.265087,19.912028,18.94914,20.183952,16.985375,18.236163,15.753998,15.425663,15.941646,16.472386,16.247844,17.166629,18.714483
511,19.134836,16.265087,19.912028,18.94914,20.183952,16.985375,18.236163,15.753998,15.425663,15.941646,16.472386,16.247844,17.166629,18.714483,17.353916
512,16.265087,19.912028,18.94914,20.183952,16.985375,18.236163,15.753998,15.425663,15.941646,16.472386,16.247844,17.166629,18.714483,17.353916,17.360426
513,19.912028,18.94914,20.183952,16.985375,18.236163,15.753998,15.425663,15.941646,16.472386,16.247844,17.166629,18.714483,17.353916,17.360426,19.415674
514,18.94914,20.183952,16.985375,18.236163,15.753998,15.425663,15.941646,16.472386,16.247844,17.166629,18.714483,17.353916,17.360426,19.415674,15.529127
515,20.183952,16.985375,18.236163,15.753998,15.425663,15.941646,16.472386,16.247844,17.166629,18.714483,17.353916,17.360426,19.415674,15.529127,15.331996
516,16.985375,18.236163,15.753998,15.425663,15.941646,16.472386,16.247844,17.166629,18.714483,17.353916,17.360426,19.415674,15.529127,15.331996,15.10556
517,18.236163,15.753998,15.425663,15.941646,16.472386,16.247844,17.166629,18.714483,17.353916,17.360426,19.415674,15.529127,15.331996,15.10556,16.195532
518,15.753998,15.425663,15.941646,16.472386,16.247844,17.166629,18.714483,17.353916,17.360426,19.415674,15.529127,15.331996,15.10556,16.195532,15.783473
519,15.425663,15.941646,16.472386,16.247844,17.166629,18.714483,17.353916,17.360426,19.415674,15.529127,15.331996,15.10556,16.195532,15.783473,16.106093
520,15.941646,16.472386,16.247844,17.166629,18.714483,17.353916,17.360426,19.415674,15.529127,15.331996,15.10556,16.195532,15.783473,16.106093,15.952696
521,16.472386,16.247844,17.166629,18.714483,17.353916,17.360426,19.415674,15.529127,15.331996,15.10556,16.195532,15.783473,16.106093,15.952696,16.249262
522,16.247844,17.166629,18.714483,17.353916,17.360426,19.415674,15.529127,15.331996,15.10556,16.195532,15.783473,16.106093,15.952696,16.249262,16.94514
523,17.166629,18.714483,17.353916,17.360426,19.415674,15.529127,15.331996,15.10556,16.195532,15.783473,16.106093,15.952696,16.249262,16.94514,15.13151
524,18.714483,17.353916,17.360426,19.415674,15.529127,15.331996,15.10556,16.195532,15.783473,16.106093,15.952696,16.249262,16.94514,15.13151,18.226364
525,17.353916,17.360426,19.415674,15.529127,15.331996,15.10556,16.195532,15.783473,16.106093,15.952696,16.249262,16.94514,15.13151,18.226364,15.436055
526,17.360426,19.415674,15.529127,15.331996,15.10556,16.195532,15.783473,16.106093,15.952696,16.249262,16.94514,15.13151,18.226364,15.436055,14.970033
527,19.415674,15.529127,15.331996,15.10556,16.195532,15.783473,16.106093,15.952696,16.249262,16.94514,15.13151,18.226364,15.436055,14.970033,17.232807
528,15.529127,15.331996,15.10556,16.195532,15.783473,16.106093,15.952696,16.249262,16.94514,15.13151,18.226364,15.436055,14.970033,17.232807,15.802608
529,15.331996,15.10556,16.195532,15.783473,16.106093,15.952696,16.249262,16.94514,15.13151,18.226364,15.436055,14.970033,17.232807,15.802608,18.633035
530,15.10556,16.195532,15.783473,16.106093,15.952696,16.249262,16.94514,15.13151,18.226364,15.436055,14.970033,17.232807,15.802608,18.633035,17.093347
531,16.195532,15.783473,16.106093,15.952696,16.249262,16.94514,15.13151,18.226364,15.436055,14.970033,17.232807,15.802608,18.633035,17.093347,18.065353
532,15.783473,16.106093,15.952696,16.249262,16.94514,15.13151,18.226364,15.436055,14.970033,17.232807,15.802608,18.633035,17.093347,18.065353,20.872604
533,16.106093,15.952696,16.249262,16.94514,15.13151,18.226364,15.436055,14.970033,17.232807,15.802608,18.633035,17.093347,18.065353,20.872604,19.596908
534,15.952696,16.249262,16.94514,15.13151,18.226364,15.436055,14.970033,17.232807,15.802608,18.633035,17.093347,18.065353,20.872604,19.596908,19.612629
535,16.249262,16.94514,15.13151,18.226364,15.436055,14.970033,17.232807,15.802608,18.633035,17.093347,18.065353,20.872604,19.596908,19.612629,18.726112
536,16.94514,15.13151,18.226364,15.436055,14.970033,17.232807,15.802608,18.633035,17.093347,18.065353,20.872604,19.596908,19.612629,18.726112,19.350772
537,15.13151,18.226364,15.436055,14.970033,17.232807,15.802608,18.633035,17.093347,18.065353,20.872604,19.596908,19.612629,18.726112,19.350772,18.970297
538,18.226364,15.436055,14.970033,17.232807,15.802608,18.633035,17.093347,18.065353,20.872604,19.596908,19.612629,18.726112,19.350772,18.970297,20.159487
539,15.436055,14.970033,17.232807,15.802608,18.633035,17.093347,18.065353,20.872604,19.596908,19.612629,18.726112,19.350772,18.970297,20.159487,19.738386
540,14.970033,17.232807,15.802608,18.633035,17.093347,18.065353,20.872604,19.596908,19.612629,18.726112,19.350772,18.970297,20.159487,19.738386,19.899747
541,17.232807,15.802608,18.633035,17.093347,18.065353,20.872604,19.596908,19.612629,18.726112,19.350772,18.970297,20.159487,19.738386,19.899747,19.380945
542,15.802608,18.633035,17.093347,18.065353,20.872604,19.596908,19.612629,18.726112,19.350772,18.970297,20.159487,19.738386,19.899747,19.380945,22.325312
543,18.633035,17.093347,18.065353,20.872604,19.596908,19.612629,18.726112,19.350772,18.970297,20.159487,19.738386,19.899747,19.380945,22.325312,21.474425
544,17.093347,18.065353,20.872604,19.596908,19.612629,18.726112,19.350772,18.970297,20.159487,19.738386,19.899747,19.380945,22.325312,21.474425,19.02693
545,18.065353,20.872604,19.596908,19.612629,18.726112,19.350772,18.970297,20.159487,19.738386,19.899747,19.380945,22.325312,21.474425,19.02693,20.030882
546,20.872604,19.596908,19.612629,18.726112,19.350772,18.970297,20.159487,19.738386,19.899747,19.380945,22.325312,21.474425,19.02693,20.030882,21.057531
547,19.596908,19.612629,18.726112,19.350772,18.970297,20.159487,19.738386,19.899747,19.380945,22.325312,21.474425,19.02693,20.030882,21.057531,18.702272
548,19.612629,18.726112,19.350772,18.970297,20.159487,19.738386,19.899747,19.380945,22.325312,21.474425,19.02693,20.030882,21.057531,18.702272,17.33071
549,18.726112,19.350772,18.970297,20.159487,19.738386,19.899747,19.380945,22.325312,21.474425,19.02693,20.030882,21.057531,18.702272,17.33071,18.582609
550,19.350772,18.970297,20.159487,19.738386,19.899747,19.380945,22.325312,21.474425,19.02693,20.030882,21.057531,18.702272,17.33071,18.582609,18.859332
551,18.970297,20.159487,19.738386,19.899747,19.380945,22.325312,21.474425,19.02693,20.030882,21.057531,18.702272,17.33071,18.582609,18.859332,20.931588
552,20.159487,19.738386,19.899747,19.380945,22.325312,21.474425,19.02693,20.030882,21.057531,18.702272,17.33071,18.582609,18.859332,20.931588,21.182511
553,19.738386,19.899747,19.380945,22.325312,21.474425,19.02693,20.030882,21.057531,18.702272,17.33071,18.582609,18.859332,20.931588,21.182511,15.959895
554,19.899747,19.380945,22.325312,21.474425,19.02693,20.030882,21.057531,18.702272,17.33071,18.582609,18.859332,20.931588,21.182511,15.959895,17.479379
555,19.380945,22.325312,21.474425,19.02693,20.030882,21.057531,18.702272,17.33071,18.582609,18.859332,20.931588,21.182511,15.959895,17.479379,18.247594
556,22.325312,21.474425,19.02693,20.030882,21.057531,18.702272,17.33071,18.582609,18.859332,20.931588,21.182511,15.959895,17.479379,18.247594,14.713796
557,21.474425,19.02693,20.030882,21.057531,18.702272,17.33071,18.582609,18.859332,20.931588,21.182511,15.959895,17.479379,18.247594,14.713796,16.660605
558,19.02693,20.030882,21.057531,18.702272,17.33071,18.582609,18.859332,20.931588,21.182511,15.959895,17.479379,18.247594,14.713796,16.660605,16.401203
559,20.030882,21.057531,18.702272,17.33071,18.582609,18.859332,20.931588,21.182511,15.959895,17.479379,18.247594,14.713796,16.660605,16.401203,17.599664
560,21.057531,18.702272,17.33071,18.582609,18.859332,20.931588,21.182511,15.959895,17.479379,18.247594,14.713796,16.660605,16.401203,17.599664,15.516769
561,18.702272,17.33071,18.582609,18.859332,20.931588,21.182511,15.959895,17.479379,18.247594,14.713796,16.660605,16.401203,17.599664,15.516769,16.193226
562,17.33071,18.582609,18.859332,20.931588,21.182511,15.959895,17.479379,18.247594,14.713796,16.660605,16.401203,17.599664,15.516769,16.193226,17.673907
563,18.582609,18.859332,20.931588,21.182511,15.959895,17.479379,18.247594,14.713796,16.660605,16.401203,17.599664,15.516769,16.193226,17.673907,17.106087
564,18.859332,20.931588,21.182511,15.959895,17.479379,18.247594,14.713796,16.660605,16.401203,17.599664,15.516769,16.193226,17.673907,17.106087,14.192548
565,20.931588,21.182511,15.959895,17.479379,18.247594,14.713796,16.660605,16.401203,17.599664,15.516769,16.193226,17.673907,17.106087,14.192548,16.234694
566,21.182511,15.959895,17.479379,18.247594,14.713796,16.660605,16.401203,17.599664,15.516769,16.193226,17.673907,17.106087,14.192548,16.234694,15.862845
567,15.959895,17.479379,18.247594,14.713796,16.660605,16.401203,17.599664,15.516769,16.193226,17.673907,17.106087,14.192548,16.234694,15.862845,14.27674
568,17.479379,18.247594,14.713796,16.660605,16.401203,17.599664,15.516769,16.193226,17.673907,17.106087,14.192548,16.234694,15.862845,14.27674,15.225532
569,18.247594,14.713796,16.660605,16.401203,17.599664,15.516769,16.193226,17.673907,17.106087,14.192548,16.234694,15.862845,14.27674,15.225532,14.514458
570,14.713796,16.660605,16.401203,17.599664,15.516769,16.193226,17.673907,17.106087,14.192548,16.234694,15.862845,14.27674,15.225532,14.514458,13.760306
571,16.660605,16.401203,17.599664,15.516769,16.193226,17.673907,17.106087,14.192548,16.234694,15.862845,14.27674,15.225532,14.514458,13.760306,16.246928
572,16.401203,17.599664,15.516769,16.193226,17.673907,17.106087,14.192548,16.234694,15.862845,14.27674,15.225532,14.514458,13.760306,16.246928,17.796051
573,17.599664,15.516769,16.193226,17.673907,17.106087,14.192548,16.234694,15.862845,14.27674,15.225532,14.514458,13.760306,16.246928,17.796051,16.648134
574,15.516769,16.193226,17.673907,17.106087,14.192548,16.234694,15.862845,14.27674,15.225532,14.514458,13.760306,16.246928,17.796051,16.648134,15.820148
575,16.193226,17.673907,17.106087,14.192548,16.234694,15.862845,14.27674,15.225532,14.514458,13.760306,16.246928,17.796051,16.648134,15.820148,19.791251
576,17.673907,17.106087,14.192548,16.234694,15.862845,14.27674,15.225532,14.514458,13.760306,16.246928,17.796051,16.648134,15.820148,19.791251,19.713976
577,17.106087,14.192548,16.234694,15.862845,14.27674,15.225532,14.514458,13.760306,16.246928,17.796051,16.648134,15.820148,19.791251,19.713976,16.973109
578,14.192548,16.234694,15.862845,14.27674,15.225532,14.514458,13.760306,16.246928,17.796051,16.648134,15.820148,19.791251,19.713976,16.973109,14.734449
579,16.234694,15.862845,14.27674,15.225532,14.514458,13.760306,16.246928,17.796051,16.648134,15.820148,19.791251,19.713976,16.973109,14.734449,13.95466
580,15.862845,14.27674,15.225532,14.514458,13.760306,16.246928,17.796051,16.648134,15.820148,19.791251,19.713976,16.973109,14.734449,13.95466,13.898398
581,14.27674,15.225532,14.514458,13.760306,16.246928,17.796051,16.648134,15.820148,19.791251,19.713976,16.973109,14.734449,13.95466,13.898398,18.372646
582,15.225532,14.514458,13.760306,16.246928,17.796051,16.648134,15.820148,19.791251,19.713976,16.973109,14.734449,13.95466,13.898398,18.372646,20.230427
583,14.514458,13.760306,16.246928,17.796051,16.648134,15.820148,19.791251,19.713976,16.973109,14.734449,13.95466,13.898398,18.372646,20.230427,23.320516
584,13.760306,16.246928,17.796051,16.648134,15.820148,19.791251,19.713976,16.973109,14.734449,13.95466,13.898398,18.372646,20.230427,23.320516,25.04742
585,16.246928,17.796051,16.648134,15.820148,19.791251,19.713976,16.973109,14.734449,13.95466,13.898398,18.372646,20.230427,23.320516,25.04742,26.609758
586,17.796051,16.648134,15.820148,19.791251,19.713976,16.973109,14.734449,13.95466,13.898398,18.372646,20.230427,23.320516,25.04742,26.609758,27.003294
587,16.648134,15.820148,19.791251,19.713976,16.973109,14.734449,13.95466,13.898398,18.372646,20.230427,23.320516,25.04742,26.609758,27.003294,28.806485
588,15.820148,19.791251,19.713976,16.973109,14.734449,13.95466,13.898398,18.372646,20.230427,23.320516,25.04742,26.609758,27.003294,28.806485,27.099621
589,19.791251,19.713976,16.973109,14.734449,13.95466,13.898398,18.372646,20.230427,23.320516,25.04742,26.609758,27.003294,28.806485,27.099621,30.739697
590,19.713976,16.973109,14.734449,13.95466,13.898398,18.372646,20.230427,23.320516,25.04742,26.609758,27.003294,28.806485,27.099621,30.739697,32.025076
591,16.973109,14.734449,13.95466,13.898398,18.372646,20.230427,23.320516,25.04742,26.609758,27.003294,28.806485,27.099621,30.739697,32.025076,30.052635
592,14.734449,13.95466,13.898398,18.372646,20.230427,23.320516,25.04742,26.609758,27.003294,28.806485,27.099621,30.739697,32.025076,30.052635,30.471763
593,13.95466,13.898398,18.372646,20.230427,23.320516,25.04742,26.609758,27.003294,28.806485,27.099621,30.739697,32.025076,30.052635,30.471763,29.494042
594,13.898398,18.372646,20.230427,23.320516,25.04742,26.609758,27.003294,28.806485,27.099621,30.739697,32.025076,30.052635,30.471763,29.494042,30.427817
595,18.372646,20.230427,23.320516,25.04742,26.609758,27.003294,28.806485,27.099621,30.739697,32.025076,30.052635,30.471763,29.494042,30.427817,30.919899
596,20.230427,23.320516,25.04742,26.609758,27.003294,28.806485,27.099621,30.739697,32.025076,30.052635,30.471763,29.494042,30.427817,30.919899,29.036891
597,23.320516,25.04742,26.609758,27.003294,28.806485,27.099621,30.739697,32.025076,30.052635,30.471763,29.494042,30.427817,30.919899,29.036891,28.21326
598,25.04742,26.609758,27.003294,28.806485,27.099621,30.739697,32.025076,30.052635,30.471763,29.494042,30.427817,30.919899,29.036891,28.21326,28.737857
599,26.609758,27.003294,28.806485,27.099621,30.739697,32.025076,30.052635,30.471763,29.494042,30.427817,30.919899,29.036891,28.21326,28.737857,28.399235
600,27.003294,28.806485,27.099621,30.739697,32.025076,30.052635,30.471763,29.494042,30.427817,30.919899,29.036891,28.21326,28.737857,28.399235,30.060796
601,28.806485,27.099621,30.739697,32.025076,30.052635,30.471763,29.494042,30.427817,30.919899,29.036891,28.21326,28.737857,28.399235,30.060796,27.411069
602,27.099621,30.739697,32.025076,30.052635,30.471763,29.494042,30.427817,30.919899,29.036891,28.21326,28.737857,28.399235,30.060796,27.411069,30.722988
603,30.739697,32.025076,30.052635,30.471763,29.494042,30.427817,30.919899,29.036891,28.21326,28.737857,28.399235,30.060796,27.411069,30.722988,26.827962
604,32.025076,30.052635,30.471763,29.494042,30.427817,30.919899,29.036891,28.21326,28.737857,28.399235,30.060796,27.411069,30.722988,26.827962,27.141863
605,30.052635,30.471763,29.494042,30.427817,30.919899,29.036891,28.21326,28.737857,28.399235,30.060796,27.411069,30.722988,26.827962,27.141863,28.196258
606,30.471763,29.494042,30.427817,30.919899,29.036891,28.21326,28.737857,28.399235,30.060796,27.411069,30.722988,26.827962,27.141863,28.196258,30.093121
607,29.494042,30.427817,30.919899,29.036891,28.21326,28.737857,28.399235,30.060796,27.411069,30.722988,26.827962,27.141863,28.196258,30.093121,26.454483
608,30.427817,30.919899,29.036891,28.21326,28.737857,28.399235,30.060796,27.411069,30.722988,26.827962,27.141863,28.196258,30.093121,26.454483,26.226321
609,30.919899,29.036891,28.21326,28.737857,28.399235,30.060796,27.411069,30.722988,26.827962,27.141863,28.196258,30.093121,26.454483,26.226321,25.849895
610,29.036891,28.21326,28.737857,28.399235,30.060796,27.411069,30.722988,26.827962,27.141863,28.196258,30.093121,26.454483,26.226321,25.849895,22.587784
611,28.21326,28.737857,28.399235,30.060796,27.411069,30.722988,26.827962,27.141863,28.196258,30.093121,26.454483,26.226321,25.849895,22.587784,22.614297
612,28.737857,28.399235,30.060796,27.411069,30.722988,26.827962,27.141863,28.196258,30.093121,26.454483,26.226321,25.849895,22.587784,22.614297,26.998756
613,28.399235,30.060796,27.411069,30.722988,26.827962,27.141863,28.196258,30.093121,26.454483,26.226321,25.849895,22.587784,22.614297,26.998756,25.90762
614,30.060796,27.411069,30.722988,26.827962,27.141863,28.196258,30.093121,26.454483,26.226321,25.849895,22.587784,22.614297,26.998756,25.90762,21.865276
615,27.411069,30.722988,26.827962,27.141863,28.196258,30.093121,26.454483,26.226321,25.849895,22.587784,22.614297,26.998756,25.90762,21.865276,18.894581
616,30.722988,26.827962,27.141863,28.196258,30.093121,26.454483,26.226321,25.849895,22.587784,22.614297,26.998756,25.90762,21.865276,18.894581,21.055931
617,26.827962,27.141863,28.196258,30.093121,26.454483,26.226321,25.849895,22.587784,22.614297,26.998756,25.90762,21.865276,18.894581,21.055931,20.238973
618,27.141863,28.196258,30.093121,26.454483,26.226321,25.849895,22.587784,22.614297,26.998756,25.90762,21.865276,18.894581,21.055931,20.238973,23.982867
619,28.196258,30.093121,26.454483,26.226321,25.849895,22.587784,22.614297,26.998756,25.90762,21.865276,18.894581,21.055931,20.238973,23.982867,22.093676
620,30.093121,26.454483,26.226321,25.849895,22.587784,22.614297,26.998756,25.90762,21.865276,18.894581,21.055931,20.238973,23.982867,22.093676,21.635028
621,26.454483,26.226321,25.849895,22.587784,22.614297,26.998756,25.90762,21.865276,18.894581,21.055931,20.238973,23.982867,22.093676,21.635028,22.232423
622,26.226321,25.849895,22.587784,22.614297,26.998756,25.90762,21.865276,18.894581,21.055931,20.238973,23.982867,22.093676,21.635028,22.232423,23.182862
623,25.849895,22.587784,22.614297,26.998756,25.90762,21.865276,18.894581,21.055931,20.238973,23.982867,22.093676,21.635028,22.232423,23.182862,23.63157
624,22.587784,22.614297,26.998756,25.90762,21.865276,18.894581,21.055931,20.238973,23.982867,22.093676,21.635028,22.232423,23.182862,23.63157,21.661485
625,22.614297,26.998756,25.90762,21.865276,18.894581,21.055931,20.238973,23.982867,22.093676,21.635028,22.232423,23.182862,23.63157,21.661485,22.612608
626,26.998756,25.90762,21.865276,18.894581,21.055931,20.238973,23.982867,22.093676,21.635028,22.232423,23.182862,23.63157,21.661485,22.612608,24.149611
627,25.90762,21.865276,18.894581,21.055931,20.238973,23.982867,22.093676,21.635028,22.232423,23.182862,23.63157,21.661485,22.612608,24.149611,26.850841
628,21.865276,18.894581,21.055931,20.238973,23.982867,22.093676,21.635028,22.232423,23.182862,23.63157,21.661485,22.612608,24.149611,26.850841,23.851352
629,18.894581,21.055931,20.238973,23.982867,22.093676,21.635028,22.232423,23.182862,23.63157,21.661485,22.612608,24.149611,26.850841,23.851352,25.531816
630,21.055931,20.238973,23.982867,22.093676,21.635028,22.232423,23.182862,23.63157,21.661485,22.612608,24.149611,26.850841,23.851352,25.531816,24.758979
631,20.238973,23.982867,22.093676,21.635028,22.232423,23.182862,23.63157,21.661485,22.612608,24.149611,26.850841,23.851352,25.531816,24.758979,25.18931
632,23.982867,22.093676,21.635028,22.232423,23.182862,23.63157,21.661485,22.612608,24.149611,26.850841,23.851352,25.531816,24.758979,25.18931,27.20162
633,22.093676,21.635028,22.232423,23.182862,23.63157,21.661485,22.612608,24.149611,26.850841,23.851352,25.531816,24.758979,25.18931,27.20162,23.671227
634,21.635028,22.232423,23.182862,23.63157,21.661485,22.612608,24.149611,26.850841,23.851352,25.531816,24.758979,25.18931,27.20162,23.671227,23.776527
635,22.232423,23.182862,23.63157,21.661485,22.612608,24.149611,26.850841,23.851352,25.531816,24.758979,25.18931,27.20162,23.671227,23.776527,24.320741
636,23.182862,23.63157,21.661485,22.612608,24.149611,26.850841,23.851352,25.531816,24.758979,25.18931,27.20162,23.671227,23.776527,24.320741,25.22365
637,23.63157,21.661485,22.612608,24.149611,26.850841,23.851352,25.531816,24.758979,25.18931,27.20162,23.671227,23.776527,24.320741,25.22365,25.197634
638,21.661485,22.612608,24.149611,26.850841,23.851352,25.531816,24.758979,25.18931,27.20162,23.671227,23.776527,24.320741,25.22365,25.197634,23.7503
639,22.612608,24.149611,26.850841,23.851352,25.531816,24.758979,25.18931,27.20162,23.671227,23.776527,24.320741,25.22365,25.197634,23.7503,23.053083
640,24.149611,26.850841,23.851352,25.531816,24.758979,25.18931,27.20162,23.671227,23.776527,24.320741,25.22365,25.197634,23.7503,23.053083,23.026081
641,26.850841,23.851352,25.531816,24.758979,25.18931,27.20162,23.671227,23.776527,24.320741,25.22365,25.197634,23.7503,23.053083,23.026081,21.883697
642,23.851352,25.531816,24.758979,25.18931,27.20162,23.671227,23.776527,24.320741,25.22365,25.197634,23.7503,23.053083,23.026081,21.883697,21.834652
643,25.531816,24.758979,25.18931,27.20162,23.671227,23.776527,24.320741,25.22365,25.197634,23.7503,23.053083,23.026081,21.883697,21.834652,22.787402
644,24.758979,25.18931,27.20162,23.671227,23.776527,24.320741,25.22365,25.197634,23.7503,23.053083,23.026081,21.883697,21.834652,22.787402,21.810215
645,25.18931,27.20162,23.671227,23.776527,24.320741,25.22365,25.197634,23.7503,23.053083,23.026081,21.883697,21.834652,22.787402,21.810215,22.008288
646,27.20162,23.671227,23.776527,24.320741,25.22365,25.197634,23.7503,23.053083,23.026081,21.883697,21.834652,22.787402,21.810215,22.008288,21.957074
647,23.671227,23.776527,24.320741,25.22365,25.197634,23.7503,23.053083,23.026081,21.883697,21.834652,22.787402,21.810215,22.008288,21.957074,20.551544
648,23.776527,24.320741,25.22365,25.197634,23.7503,23.053083,23.026081,21.883697,21.834652,22.787402,21.810215,22.008288,21.957074,20.551544,19.772826
649,24.320741,25.22365,25.197634,23.7503,23.053083,23.026081,21.883697,21.834652,22.787402,21.810215,22.008288,21.957074,20.551544,19.772826,19.45817
650,25.22365,25.197634,23.7503,23.053083,23.026081,21.883697,21.834652,22.787402,21.810215,22.008288,21.957074,20.551544,19.772826,19.45817,20.479019
651,25.197634,23.7503,23.053083,23.026081,21.883697,21.834652,22.787402,21.810215,22.008288,21.957074,20.551544,19.772826,19.45817,20.479019,20.036383
652,23.7503,23.053083,23.026081,21.883697,21.834652,22.787402,21.810215,22.008288,21.957074,20.551544,19.772826,19.45817,20.479019,20.036383,20.025766
653,23.053083,23.026081,21.883697,21.834652,22.787402,21.810215,22.008288,21.957074,20.551544,19.772826,19.45817,20.479019,20.036383,20.025766,19.280136
654,23.026081,21.883697,21.834652,22.787402,21.810215,22.008288,21.957074,20.551544,19.772826,19.45817,20.479019,20.036383,20.025766,19.280136,18.64496
655,21.883697,21.834652,22.787402,21.810215,22.008288,21.957074,20.551544,19.772826,19.45817,20.479019,20.036383,20.025766,19.280136,18.64496,18.31269
656,21.834652,22.787402,21.810215,22.008288,21.957074,20.551544,19.772826,19.45817,20.479019,20.036383,20.025766,19.280136,18.64496,18.31269,18.908858
657,22.787402,21.810215,22.008288,21.957074,20.551544,19.772826,19.45817,20.479019,20.036383,20.025766,19.280136,18.64496,18.31269,18.908858,20.041644
658,21.810215,22.008288,21.957074,20.551544,19.772826,19.45817,20.479019,20.036383,20.025766,19.280136,18.64496,18.31269,18.908858,20.041644,19.63418
659,22.008288,21.957074,20.551544,19.772826,19.45817,20.479019,20.036383,20.025766,19.280136,18.64496,18.31269,18.908858,20.041644,19.63418,20.966656
660,21.957074,20.551544,19.772826,19.45817,20.479019,20.036383,20.025766,19.280136,18.64496,18.31269,18.908858,20.041644,19.63418,20.966656,20.928909
661,20.551544,19.772826,19.45817,20.479019,20.036383,20.025766,19.280136,18.64496,18.31269,18.908858,20.041644,19.63418,20.966656,20.928909,19.479985
662,19.772826,19.45817,20.479019,20.036383,20.025766,19.280136,18.64496,18.31269,18.908858,20.041644,19.63418,20.966656,20.928909,19.479985,19.497225
663,19.45817,20.479019,20.036383,20.025766,19.280136,18.64496,18.31269,18.908858,20.041644,19.63418,20.966656,20.928909,19.479985,19.497225,20.068749
664,20.479019,20.036383,20.025766,19.280136,18.64496,18.31269,18.908858,20.041644,19.63418,20.966656,20.928909,19.479985,19.497225,20.068749,19.801048
665,20.036383,20.025766,19.280136,18.64496,18.31269,18.908858,20.041644,19.63418,20.966656,20.928909,19.479985,19.497225,20.068749,19.801048,18.954127
666,20.025766,19.280136,18.64496,18.31269,18.908858,20.041644,19.63418,20.966656,20.928909,19.479985,19.497225,20.068749,19.801048,18.954127,19.048502
667,19.280136,18.64496,18.31269,18.908858,20.041644,19.63418,20.966656,20.928909,19.479985,19.497225,20.068749,19.801048,18.954127,19.048502,19.027888
668,18.64496,18.31269,18.908858,20.041644,19.63418,20.966656,20.928909,19.479985,19.497225,20.068749,19.801048,18.954127,19.048502,19.027888,18.483478
669,18.31269,18.908858,20.041644,19.63418,20.966656,20.928909,19.479985,19.497225,20.068749,19.801048,18.954127,19.048502,19.027888,18.483478,18.31047
670,18.908858,20.041644,19.63418,20.966656,20.928909,19.479985,19.497225,20.068749,19.801048,18.954127,19.048502,19.027888,18.483478,18.31047,17.864836
671,20.041644,19.63418,20.966656,20.928909,19.479985,19.497225,20.068749,19.801048,18.954127,19.048502,19.027888,18.483478,18.31047,17.864836,17.088472
672,19.63418,20.966656,20.928909,19.479985,19.497225,20.068749,19.801048,18.954127,19.048502,19.027888,18.483478,18.31047,17.864836,17.088472,18.294693
673,20.966656,20.928909,19.479985,19.497225,20.068749,19.801048,18.954127,19.048502,19.027888,18.483478,18.31047,17.864836,17.088472,18.294693,18.146276
674,20.928909,19.479985,19.497225,20.068749,19.801048,18.954127,19.048502,19.027888,18.483478,18.31047,17.864836,17.088472,18.294693,18.146276,18.942897
675,19.479985,19.497225,20.068749,19.801048,18.954127,19.048502,19.027888,18.483478,18.31047,17.864836,17.088472,18.294693,18.146276,18.942897,20.60169
676,19.497225,20.068749,19.801048,18.954127,19.048502,19.027888,18.483478,18.31047,17.864836,17.088472,18.294693,18.146276,18.942897,20.60169,19.792273
677,20.068749,19.801048,18.954127,19.048502,19.027888,18.483478,18.31047,17.864836,17.088472,18.294693,18.146276,18.942897,20.60169,19.792273,19.550392
678,19.801048,18.954127,19.048502,19.027888,18.483478,18.31047,17.864836,17.088472,18.294693,18.146276,18.942897,20.60169,19.792273,19.550392,17.883476
679,18.954127,19.048502,19.027888,18.483478,18.31047,17.864836,17.088472,18.294693,18.146276,18.942897,20.60169,19.792273,19.550392,17.883476,17.246388
680,19.048502,19.027888,18.483478,18.31047,17.864836,17.088472,18.294693,18.146276,18.942897,20.60169,19.792273,19.550392,17.883476,17.246388,16.790705
681,19.027888,18.483478,18.31047,17.864836,17.088472,18.294693,18.146276,18.942897,20.60169,19.792273,19.550392,17.883476,17.246388,16.790705,16.882051
682,18.483478,18.31047,17.864836,17.088472,18.294693,18.146276,18.942897,20.60169,19.792273,19.550392,17.883476,17.246388,16.790705,16.882051,17.301695
683,18.31047,17.864836,17.088472,18.294693,18.146276,18.942897,20.60169,19.792273,19.550392,17.883476,17.246388,16.790705,16.882051,17.301695,17.931045
684,17.864836,17.088472,18.294693,18.146276,18.942897,20.60169,19.792273,19.550392,17.883476,17.246388,16.790705,16.882051,17.301695,17.931045,17.226878
685,17.088472,18.294693,18.146276,18.942897,20.60169,19.792273,19.550392,17.883476,17.246388,16.790705,16.882051,17.301695,17.931045,17.226878,17.228109
686,18.294693,18.146276,18.942897,20.60169,19.792273,19.550392,17.883476,17.246388,16.790705,16.882051,17.301695,17.931045,17.226878,17.228109,18.642665
687,18.146276,18.942897,20.60169,19.792273,19.550392,17.883476,17.246388,16.790705,16.882051,17.301695,17.931045,17.226878,17.228109,18.642665,18.802279
688,18.942897,20.60169,19.792273,19.550392,17.883476,17.246388,16.790705,16.882051,17.301695,17.931045,17.226878,17.228109,18.642665,18.802279,17.86836
689,20.60169,19.792273,19.550392,17.883476,17.246388,16.790705,16.882051,17.301695,17.931045,17.226878,17.228109,18.642665,18.802279,17.86836,17.026965
690,19.792273,19.550392,17.883476,17.246388,16.790705,16.882051,17.301695,17.931045,17.226878,17.228109,18.642665,18.802279,17.86836,17.026965,14.453677
691,19.550392,17.883476,17.246388,16.790705,16.882051,17.301695,17.931045,17.226878,17.228109,18.642665,18.802279,17.86836,17.026965,14.453677,14.683662
692,17.883476,17.246388,16.790705,16.882051,17.301695,17.931045,17.226878,17.228109,18.642665,18.802279,17.86836,17.026965,14.453677,14.683662,15.608953
693,17.246388,16.790705,16.882051,17.301695,17.931045,17.226878,17.228109,18.642665,18.802279,17.86836,17.026965,14.453677,14.683662,15.608953,16.502512
694,16.790705,16.882051,17.301695,17.931045,17.226878,17.228109,18.642665,18.802279,17.86836,17.026965,14.453677,14.683662,15.608953,16.502512,16.307676
695,16.882051,17.301695,17.931045,17.226878,17.228109,18.642665,18.802279,17.86836,17.026965,14.453677,14.683662,15.608953,16.502512,16.307676,15.406231
696,17.301695,17.931045,17.226878,17.228109,18.642665,18.802279,17.86836,17.026965,14.453677,14.683662,15.608953,16.502512,16.307676,15.406231,14.465575
697,17.931045,17.226878,17.228109,18.642665,18.802279,17.86836,17.026965,14.453677,14.683662,15.608953,16.502512,16.307676,15.406231,14.465575,14.811137
698,17.226878,17.228109,18.642665,18.802279,17.86836,17.026965,14.453677,14.683662,15.608953,16.502512,16.307676,15.406231,14.465575,14.811137,15.362601
699,17.228109,18.642665,18.802279,17.86836,17.026965,14.453677,14.683662,15.608953,16.502512,16.307676,15.406231,14.465575,14.811137,15.362601,15.304838
700,18.642665,18.802279,17.86836,17.026965,14.453677,14.683662,15.608953,16.502512,16.307676,15.406231,14.465575,14.811137,15.362601,15.304838,15.332076
701,18.802279,17.86836,17.026965,14.453677,14.683662,15.608953,16.502512,16.307676,15.406231,14.465575,14.811137,15.362601,15.304838,15.332076,15.439582
702,17.86836,17.026965,14.453677,14.683662,15.608953,16.502512,16.307676,15.406231,14.465575,14.811137,15.362601,15.304838,15.332076,15.439582,16.660662
703,17.026965,14.453677,14.683662,15.608953,16.502512,16.307676,15.406231,14.465575,14.811137,15.362601,15.304838,15.332076,15.439582,16.660662,16.571579
704,14.453677,14.683662,15.608953,16.502512,16.307676,15.406231,14.465575,14.811137,15.362601,15.304838,15.332076,15.439582,16.660662,16.571579,18.646784
705,14.683662,15.608953,16.502512,16.307676,15.406231,14.465575,14.811137,15.362601,15.304838,15.332076,15.439582,16.660662,16.571579,18.646784,18.807906
706,15.608953,16.502512,16.307676,15.406231,14.465575,14.811137,15.362601,15.304838,15.332076,15.439582,16.660662,16.571579,18.646784,18.807906,19.01439
707,16.502512,16.307676,15.406231,14.465575,14.811137,15.362601,15.304838,15.332076,15.439582,16.660662,16.571579,18.646784,18.807906,19.01439,17.573386
708,16.307676,15.406231,14.465575,14.811137,15.362601,15.304838,15.332076,15.439582,16.660662,16.571579,18.646784,18.807906,19.01439,17.573386,17.036644
709,15.406231,14.465575,14.811137,15.362601,15.304838,15.332076,15.439582,16.660662,16.571579,18.646784,18.807906,19.01439,17.573386,17.036644,17.649837
710,14.465575,14.811137,15.362601,15.304838,15.332076,15.439582,16.660662,16.571579,18.646784,18.807906,19.01439,17.573386,17.036644,17.649837,16.86982
711,14.811137,15.362601,15.304838,15.332076,15.439582,16.660662,16.571579,18.646784,18.807906,19.01439,17.573386,17.036644,17.649837,16.86982,17.973808
712,15.362601,15.304838,15.332076,15.439582,16.660662,16.571579,18.646784,18.807906,19.01439,17.573386,17.036644,17.649837,16.86982,17.973808,18.271581
713,15.304838,15.332076,15.439582,16.660662,16.571579,18.646784,18.807906,19.01439,17.573386,17.036644,17.649837,16.86982,17.973808,18.271581,18.697131
714,15.332076,15.439582,16.660662,16.571579,18.646784,18.807906,19.01439,17.573386,17.036644,17.649837,16.86982,17.973808,18.271581,18.697131,17.907209
715,15.439582,16.660662,16.571579,18.646784,18.807906,19.01439,17.573386,17.036644,17.649837,16.86982,17.973808,18.271581,18.697131,17.907209,18.094584
716,16.660662,16.571579,18.646784,18.807906,19.01439,17.573386,17.036644,17.649837,16.86982,17.973808,18.271581,18.697131,17.907209,18.094584,19.536165
717,16.571579,18.646784,18.807906,19.01439,17.573386,17.036644,17.649837,16.86982,17.973808,18.271581,18.697131,17.907209,18.094584,19.536165,18.792934
718,18.646784,18.807906,19.01439,17.573386,17.036644,17.649837,16.86982,17.973808,18.271581,18.697131,17.907209,18.094584,19.536165,18.792934,18.991232
719,18.807906,19.01439,17.573386,17.036644,17.649837,16.86982,17.973808,18.271581,18.697131,17.907209,18.094584,19.536165,18.792934,18.991232,18.674829
720,19.01439,17.573386,17.036644,17.649837,16.86982,17.973808,18.271581,18.697131,17.907209,18.094584,19.536165,18.792934,18.991232,18.674829,16.804604
721,17.573386,17.036644,17.649837,16.86982,17.973808,18.271581,18.697131,17.907209,18.094584,19.536165,18.792934,18.991232,18.674829,16.804604,18.243512
722,17.036644,17.649837,16.86982,17.973808,18.271581,18.697131,17.907209,18.094584,19.536165,18.792934,18.991232,18.674829,16.804604,18.243512,15.300597
723,17.649837,16.86982,17.973808,18.271581,18.697131,17.907209,18.094584,19.536165,18.792934,18.991232,18.674829,16.804604,18.243512,15.300597,15.843691
724,16.86982,17.973808,18.271581,18.697131,17.907209,18.094584,19.536165,18.792934,18.991232,18.674829,16.804604,18.243512,15.300597,15.843691,15.092329
725,17.973808,18.271581,18.697131,17.907209,18.094584,19.536165,18.792934,18.991232,18.674829,16.804604,18.243512,15.300597,15.843691,15.092329,16.696881
726,18.271581,18.697131,17.907209,18.094584,19.536165,18.792934,18.991232,18.674829,16.804604,18.243512,15.300597,15.843691,15.092329,16.696881,17.34056
727,18.697131,17.907209,18.094584,19.536165,18.792934,18.991232,18.674829,16.804604,18.243512,15.300597,15.843691,15.092329,16.696881,17.34056,17.261022
728,17.907209,18.094584,19.536165,18.792934,18.991232,18.674829,16.804604,18.243512,15.300597,15.843691,15.092329,16.696881,17.34056,17.261022,18.027908
729,18.094584,19.536165,18.792934,18.991232,18.674829,16.804604,18.243512,15.300597,15.843691,15.092329,16.696881,17.34056,17.261022,18.027908,21.146627
730,19.536165,18.792934,18.991232,18.674829,16.804604,18.243512,15.300597,15.843691,15.092329,16.696881,17.34056,17.261022,18.027908,21.146627,21.772503
731,18.792934,18.991232,18.674829,16.804604,18.243512,15.300597,15.843691,15.092329,16.696881,17.34056,17.261022,18.027908,21.146627,21.772503,21.019027
732,18.991232,18.674829,16.804604,18.243512,15.300597,15.843691,15.092329,16.696881,17.34056,17.261022,18.027908,21.146627,21.772503,21.019027,20.201168
733,18.674829,16.804604,18.243512,15.300597,15.843691,15.092329,16.696881,17.34056,17.261022,18.027908,21.146627,21.772503,21.019027,20.201168,22.237439
734,16.804604,18.243512,15.300597,15.843691,15.092329,16.696881,17.34056,17.261022,18.027908,21.146627,21.772503,21.019027,20.201168,22.237439,21.944001
735,18.243512,15.300597,15.843691,15.092329,16.696881,17.34056,17.261022,18.027908,21.146627,21.772503,21.019027,20.201168,22.237439,21.944001,24.127577
736,15.300597,15.843691,15.092329,16.696881,17.34056,17.261022,18.027908,21.146627,21.772503,21.019027,20.201168,22.237439,21.944001,24.127577,22.766755
737,15.843691,15.092329,16.696881,17.34056,17.261022,18.027908,21.146627,21.772503,21.019027,20.201168,22.237439,21.944001,24.127577,22.766755,24.639801
738,15.092329,16.696881,17.34056,17.261022,18.027908,21.146627,21.772503,21.019027,20.201168,22.237439,21.944001,24.127577,22.766755,24.639801,23.742904
739,16.696881,17.34056,17.261022,18.027908,21.146627,21.772503,21.019027,20.201168,22.237439,21.944001,24.127577,22.766755,24.639801,23.742904,23.157686
740,17.34056,17.261022,18.027908,21.146627,21.772503,21.019027,20.201168,22.237439,21.944001,24.127577,22.766755,24.639801,23.742904,23.157686,23.30011
741,17.261022,18.027908,21.146627,21.772503,21.019027,20.201168,22.237439,21.944001,24.127577,22.766755,24.639801,23.742904,23.157686,23.30011,21.961043
742,18.027908,21.146627,21.772503,21.019027,20.201168,22.237439,21.944001,24.127577,22.766755,24.639801,23.742904,23.157686,23.30011,21.961043,19.711297
743,21.146627,21.772503,21.019027,20.201168,22.237439,21.944001,24.127577,22.766755,24.639801,23.742904,23.157686,23.30011,21.961043,19.711297,21.165379
744,21.772503,21.019027,20.201168,22.237439,21.944001,24.127577,22.766755,24.639801,23.742904,23.157686,23.30011,21.961043,19.711297,21.165379,20.532227
745,21.019027,20.201168,22.237439,21.944001,24.127577,22.766755,24.639801,23.742904,23.157686,23.30011,21.961043,19.711297,21.165379,20.532227,23.320308
746,20.201168,22.237439,21.944001,24.127577,22.766755,24.639801,23.742904,23.157686,23.30011,21.961043,19.711297,21.165379,20.532227,23.320308,20.813381
747,22.237439,21.944001,24.127577,22.766755,24.639801,23.742904,23.157686,23.30011,21.961043,19.711297,21.165379,20.532227,23.320308,20.813381,19.007493
748,21.944001,24.127577,22.766755,24.639801,23.742904,23.157686,23.30011,21.961043,19.711297,21.165379,20.532227,23.320308,20.813381,19.007493,21.449643
749,24.127577,22.766755,24.639801,23.742904,23.157686,23.30011,21.961043,19.711297,21.165379,20.532227,23.320308,20.813381,19.007493,21.449643,17.063794
750,22.766755,24.639801,23.742904,23.157686,23.30011,21.961043,19.711297,21.165379,20.532227,23.320308,20.813381,19.007493,21.449643,17.063794,16.992832
751,24.639801,23.742904,23.157686,23.30011,21.961043,19.711297,21.165379,20.532227,23.320308,20.813381,19.007493,21.449643,17.063794,16.992832,19.09205
752,23.742904,23.157686,23.30011,21.961043,19.711297,21.165379,20.532227,23.320308,20.813381,19.007493,21.449643,17.063794,16.992832,19.09205,18.617964
753,23.157686,23.30011,21.961043,19.711297,21.165379,20.532227,23.320308,20.813381,19.007493,21.449643,17.063794,16.992832,19.09205,18.617964,21.370893
754,23.30011,21.961043,19.711297,21.165379,20.532227,23.320308,20.813381,19.007493,21.449643,17.063794,16.992832,19.09205,18.617964,21.370893,16.810703
755,21.961043,19.711297,21.165379,20.532227,23.320308,20.813381,19.007493,21.449643,17.063794,16.992832,19.09205,18.617964,21.370893,16.810703,16.41634
756,19.711297,21.165379,20.532227,23.320308,20.813381,19.007493,21.449643,17.063794,16.992832,19.09205,18.617964,21.370893,16.810703,16.41634,15.268922
757,21.165379,20.532227,23.320308,20.813381,19.007493,21.449643,17.063794,16.992832,19.09205,18.617964,21.370893,16.810703,16.41634,15.268922,20.781725
758,20.532227,23.320308,20.813381,19.007493,21.449643,17.063794,16.992832,19.09205,18.617964,21.370893,16.810703,16.41634,15.268922,20.781725,18.759533
759,23.320308,20.813381,19.007493,21.449643,17.063794,16.992832,19.09205,18.617964,21.370893,16.810703,16.41634,15.268922,20.781725,18.759533,16.882558
760,20.813381,19.007493,21.449643,17.063794,16.992832,19.09205,18.617964,21.370893,16.810703,16.41634,15.268922,20.781725,18.759533,16.882558,19.681437
761,19.007493,21.449643,17.063794,16.992832,19.09205,18.617964,21.370893,16.810703,16.41634,15.268922,20.781725,18.759533,16.882558,19.681437,22.947924
762,21.449643,17.063794,16.992832,19.09205,18.617964,21.370893,16.810703,16.41634,15.268922,20.781725,18.759533,16.882558,19.681437,22.947924,19.60124
763,17.063794,16.992832,19.09205,18.617964,21.370893,16.810703,16.41634,15.268922,20.781725,18.759533,16.882558,19.681437,22.947924,19.60124,17.849966
764,16.992832,19.09205,18.617964,21.370893,16.810703,16.41634,15.268922,20.781725,18.759533,16.882558,19.681437,22.947924,19.60124,17.849966,16.216799
765,19.09205,18.617964,21.370893,16.810703,16.41634,15.268922,20.781725,18.759533,16.882558,19.681437,22.947924,19.60124,17.849966,16.216799,19.684484
766,18.617964,21.370893,16.810703,16.41634,15.268922,20.781725,18.759533,16.882558,19.681437,22.947924,19.60124,17.849966,16.216799,19.684484,22.161371
767,21.370893,16.810703,16.41634,15.268922,20.781725,18.759533,16.882558,19.681437,22.947924,19.60124,17.849966,16.216799,19.684484,22.161371,19.668761
768,16.810703,16.41634,15.268922,20.781725,18.759533,16.882558,19.681437,22.947924,19.60124,17.849966,16.216799,19.684484,22.161371,19.668761,16.617891
769,16.41634,15.268922,20.781725,18.759533,16.882558,19.681437,22.947924,19.60124,17.849966,16.216799,19.684484,22.161371,19.668761,16.617891,19.137486
770,15.268922,20.781725,18.759533,16.882558,19.681437,22.947924,19.60124,17.849966,16.216799,19.684484,22.161371,19.668761,16.617891,19.137486,18.384057
771,20.781725,18.759533,16.882558,19.681437,22.947924,19.60124,17.849966,16.216799,19.684484,22.161371,19.668761,16.617891,19.137486,18.384057,15.352486
772,18.759533,16.882558,19.681437,22.947924,19.60124,17.849966,16.216799,19.684484,22.161371,19.668761,16.617891,19.137486,18.384057,15.352486,16.715397
773,16.882558,19.681437,22.947924,19.60124,17.849966,16.216799,19.684484,22.161371,19.668761,16.617891,19.137486,18.384057,15.352486,16.715397,15.511513
774,19.681437,22.947924,19.60124,17.849966,16.216799,19.684484,22.161371,19.668761,16.617891,19.137486,18.384057,15.352486,16.715397,15.511513,15.531391
775,22.947924,19.60124,17.849966,16.216799,19.684484,22.161371,19.668761,16.617891,19.137486,18.384057,15.352486,16.715397,15.511513,15.531391,15.038194
776,19.60124,17.849966,16.216799,19.684484,22.161371,19.668761,16.617891,19.137486,18.384057,15.352486,16.715397,15.511513,15.531391,15.038194,16.118347
777,17.849966,16.216799,19.684484,22.161371,19.668761,16.617891,19.137486,18.384057,15.352486,16.715397,15.511513,15.531391,15.038194,16.118347,17.21373
778,16.216799,19.684484,22.161371,19.668761,16.617891,19.137486,18.384057,15.352486,16.715397,15.511513,15.531391,15.038194,16.118347,17.21373,17.094915
779,19.684484,22.161371,19.668761,16.617891,19.137486,18.384057,15.352486,16.715397,15.511513,15.531391,15.038194,16.118347,17.21373,17.094915,16.06793
780,22.161371,19.668761,16.617891,19.137486,18.384057,15.352486,16.715397,15.511513,15.531391,15.038194,16.118347,17.21373,17.094915,16.06793,13.622016
781,19.668761,16.617891,19.137486,18.384057,15.352486,16.715397,15.511513,15.531391,15.038194,16.118347,17.21373,17.094915,16.06793,13.622016,16.024496
782,16.617891,19.137486,18.384057,15.352486,16.715397,15.511513,15.531391,15.038194,16.118347,17.21373,17.094915,16.06793,13.622016,16.024496,13.774192
783,19.137486,18.384057,15.352486,16.715397,15.511513,15.531391,15.038194,16.118347,17.21373,17.094915,16.06793,13.622016,16.024496,13.774192,11.836817
784,18.384057,15.352486,16.715397,15.511513,15.531391,15.038194,16.118347,17.21373,17.094915,16.06793,13.622016,16.024496,13.774192,11.836817,12.739151
785,15.352486,16.715397,15.511513,15.531391,15.038194,16.118347,17.21373,17.094915,16.06793,13.622016,16.024496,13.774192,11.836817,12.739151,12.99347
786,16.715397,15.511513,15.531391,15.038194,16.118347,17.21373,17.094915,16.06793,13.622016,16.024496,13.774192,11.836817,12.739151,12.99347,14.886254
787,15.511513,15.531391,15.038194,16.118347,17.21373,17.094915,16.06793,13.622016,16.024496,13.774192,11.836817,12.739151,12.99347,14.886254,15.175144
788,15.531391,15.038194,16.118347,17.21373,17.094915,16.06793,13.622016,16.024496,13.774192,11.836817,12.739151,12.99347,14.886254,15.175144,19.137868
789,15.038194,16.118347,17.21373,17.094915,16.06793,13.622016,16.024496,13.774192,11.836817,12.739151,12.99347,14.886254,15.175144,19.137868,15.05061
790,16.118347,17.21373,17.094915,16.06793,13.622016,16.024496,13.774192,11.836817,12.739151,12.99347,14.886254,15.175144,19.137868,15.05061,12.182091
791,17.21373,17.094915,16.06793,13.622016,16.024496,13.774192,11.836817,12.739151,12.99347,14.886254,15.175144,19.137868,15.05061,12.182091,15.924715
792,17.094915,16.06793,13.622016,16.024496,13.774192,11.836817,12.739151,12.99347,14.886254,15.175144,19.137868,15.05061,12.182091,15.924715,16.141719
793,16.06793,13.622016,16.024496,13.774192,11.836817,12.739151,12.99347,14.886254,15.175144,19.137868,15.05061,12.182091,15.924715,16.141719,16.189252
794,13.622016,16.024496,13.774192,11.836817,12.739151,12.99347,14.886254,15.175144,19.137868,15.05061,12.182091,15.924715,16.141719,16.189252,14.023828
795,16.024496,13.774192,11.836817,12.739151,12.99347,14.886254,15.175144,19.137868,15.05061,12.182091,15.924715,16.141719,16.189252,14.023828,16.774997
796,13.774192,11.836817,12.739151,12.99347,14.886254,15.175144,19.137868,15.05061,12.182091,15.924715,16.141719,16.189252,14.023828,16.774997,15.118349
797,11.836817,12.739151,12.99347,14.886254,15.175144,19.137868,15.05061,12.182091,15.924715,16.141719,16.189252,14.023828,16.774997,15.118349,14.256741
798,12.739151,12.99347,14.886254,15.175144,19.137868,15.05061,12.182091,15.924715,16.141719,16.189252,14.023828,16.774997,15.118349,14.256741,15.935646
799,12.99347,14.886254,15.175144,19.137868,15.05061,12.182091,15.924715,16.141719,16.189252,14.023828,16.774997,15.118349,14.256741,15.935646,17.947717
800,14.886254,15.175144,19.137868,15.05061,12.182091,15.924715,16.141719,16.189252,14.023828,16.774997,15.118349,14.256741,15.935646,17.947717,14.033489
801,15.175144,19.137868,15.05061,12.182091,15.924715,16.141719,16.189252,14.023828,16.774997,15.118349,14.256741,15.935646,17.947717,14.033489,13.22217
802,19.137868,15.05061,12.182091,15.924715,16.141719,16.189252,14.023828,16.774997,15.118349,14.256741,15.935646,17.947717,14.033489,13.22217,13.516287
803,15.05061,12.182091,15.924715,16.141719,16.189252,14.023828,16.774997,15.118349,14.256741,15.935646,17.947717,14.033489,13.22217,13.516287,12.498863
804,12.182091,15.924715,16.141719,16.189252,14.023828,16.774997,15.118349,14.256741,15.935646,17.947717,14.033489,13.22217,13.516287,12.498863,13.297275
805,15.924715,16.141719,16.189252,14.023828,16.774997,15.118349,14.256741,15.935646,17.947717,14.033489,13.22217,13.516287,12.498863,13.297275,13.367531
806,16.141719,16.189252,14.023828,16.774997,15.118349,14.256741,15.935646,17.947717,14.033489,13.22217,13.516287,12.498863,13.297275,13.367531,12.987076
807,16.189252,14.023828,16.774997,15.118349,14.256741,15.935646,17.947717,14.033489,13.22217,13.516287,12.498863,13.297275,13.367531,12.987076,14.22521
808,14.023828,16.774997,15.118349,14.256741,15.935646,17.947717,14.033489,13.22217,13.516287,12.498863,13.297275,13.367531,12.987076,14.22521,13.739049
809,16.774997,15.118349,14.256741,15.935646,17.947717,14.033489,13.22217,13.516287,12.498863,13.297275,13.367531,12.987076,14.22521,13.739049,10.90499
810,15.118349,14.256741,15.935646,17.947717,14.033489,13.22217,13.516287,12.498863,13.297275,13.367531,12.987076,14.22521,13.739049,10.90499,14.425553
811,14.256741,15.935646,17.947717,14.033489,13.22217,13.516287,12.498863,13.297275,13.367531,12.987076,14.22521,13.739049,10.90499,14.425553,11.849295
812,15.935646,17.947717,14.033489,13.22217,13.516287,12.498863,13.297275,13.367531,12.987076,14.22521,13.739049,10.90499,14.425553,11.849295,14.804983
813,17.947717,14.033489,13.22217,13.516287,12.498863,13.297275,13.367531,12.987076,14.22521,13.739049,10.90499,14.425553,11.849295,14.804983,12.720337
814,14.033489,13.22217,13.516287,12.498863,13.297275,13.367531,12.987076,14.22521,13.739049,10.90499,14.425553,11.849295,14.804983,12.720337,14.17693
815,13.22217,13.516287,12.498863,13.297275,13.367531,12.987076,14.22521,13.739049,10.90499,14.425553,11.849295,14.804983,12.720337,14.17693,9.187363
816,13.516287,12.498863,13.297275,13.367531,12.987076,14.22521,13.739049,10.90499,14.425553,11.849295,14.804983,12.720337,14.17693,9.187363,14.730206
817,12.498863,13.297275,13.367531,12.987076,14.22521,13.739049,10.90499,14.425553,11.849295,14.804983,12.720337,14.17693,9.187363,14.730206,13.555185
818,13.297275,13.367531,12.987076,14.22521,13.739049,10.90499,14.425553,11.849295,14.804983,12.720337,14.17693,9.187363,14.730206,13.555185,12.404027
819,13.367531,12.987076,14.22521,13.739049,10.90499,14.425553,11.849295,14.804983,12.720337,14.17693,9.187363,14.730206,13.555185,12.404027,11.439269
820,12.987076,14.22521,13.739049,10.90499,14.425553,11.849295,14.804983,12.720337,14.17693,9.187363,14.730206,13.555185,12.404027,11.439269,11.664295
821,14.22521,13.739049,10.90499,14.425553,11.849295,14.804983,12.720337,14.17693,9.187363,14.730206,13.555185,12.404027,11.439269,11.664295,8.767956
822,13.739049,10.90499,14.425553,11.849295,14.804983,12.720337,14.17693,9.187363,14.730206,13.555185,12.404027,11.439269,11.664295,8.767956,9.261245
823,10.90499,14.425553,11.849295,14.804983,12.720337,14.17693,9.187363,14.730206,13.555185,12.404027,11.439269,11.664295,8.767956,9.261245,8.057767
824,14.425553,11.849295,14.804983,12.720337,14.17693,9.187363,14.730206,13.555185,12.404027,11.439269,11.664295,8.767956,9.261245,8.057767,11.604627
825,11.849295,14.804983,12.720337,14.17693,9.187363,14.730206,13.555185,12.404027,11.439269,11.664295,8.767956,9.261245,8.057767,11.604627,11.563818
826,14.804983,12.720337,14.17693,9.187363,14.730206,13.555185,12.404027,11.439269,11.664295,8.767956,9.261245,8.057767,11.604627,11.563818,13.357404
827,12.720337,14.17693,9.187363,14.730206,13.555185,12.404027,11.439269,11.664295,8.767956,9.261245,8.057767,11.604627,11.563818,13.357404,14.318061
828,14.17693,9.187363,14.730206,13.555185,12.404027,11.439269,11.664295,8.767956,9.261245,8.057767,11.604627,11.563818,13.357404,14.318061,15.072055
829,9.187363,14.730206,13.555185,12.404027,11.439269,11.664295,8.767956,9.261245,8.057767,11.604627,11.563818,13.357404,14.318061,15.072055,13.178004
830,14.730206,13.555185,12.404027,11.439269,11.664295,8.767956,9.261245,8.057767,11.604627,11.563818,13.357404,14.318061,15.072055,13.178004,14.922489
831,13.555185,12.404027,11.439269,11.664295,8.767956,9.261245,8.057767,11.604627,11.563818,13.357404,14.318061,15.072055,13.178004,14.922489,15.765558
832,12.404027,11.439269,11.664295,8.767956,9.261245,8.057767,11.604627,11.563818,13.357404,14.318061,15.072055,13.178004,14.922489,15.765558,16.051492
833,11.439269,11.664295,8.767956,9.261245,8.057767,11.604627,11.563818,13.357404,14.318061,15.072055,13.178004,14.922489,15.765558,16.051492,17.345748
834,11.664295,8.767956,9.261245,8.057767,11.604627,11.563818,13.357404,14.318061,15.072055,13.178004,14.922489,15.765558,16.051492,17.345748,16.651747
835,8.767956,9.261245,8.057767,11.604627,11.563818,13.357404,14.318061,15.072055,13.178004,14.922489,15.765558,16.051492,17.345748,16.651747,15.82632
836,9.261245,8.057767,11.604627,11.563818,13.357404,14.318061,15.072055,13.178004,14.922489,15.765558,16.051492,17.345748,16.651747,15.82632,14.703586
837,8.057767,11.604627,11.563818,13.357404,14.318061,15.072055,13.178004,14.922489,15.765558,16.051492,17.345748,16.651747,15.82632,14.703586,16.629062
838,11.604627,11.563818,13.357404,14.318061,15.072055,13.178004,14.922489,15.765558,16.051492,17.345748,16.651747,15.82632,14.703586,16.629062,16.01356
839,11.563818,13.357404,14.318061,15.072055,13.178004,14.922489,15.765558,16.051492,17.345748,16.651747,15.82632,14.703586,16.629062,16.01356,18.433156
840,13.357404,14.318061,15.072055,13.178004,14.922489,15.765558,16.051492,17.345748,16.651747,15.82632,14.703586,16.629062,16.01356,18.433156,16.757623
841,14.318061,15.072055,13.178004,14.922489,15.765558,16.051492,17.345748,16.651747,15.82632,14.703586,16.629062,16.01356,18.433156,16.757623,17.95417
842,15.072055,13.178004,14.922489,15.765558,16.051492,17.345748,16.651747,15.82632,14.703586,16.629062,16.01356,18.433156,16.757623,17.95417,19.005405
843,13.178004,14.922489,15.765558,16.051492,17.345748,16.651747,15.82632,14.703586,16.629062,16.01356,18.433156,16.757623,17.95417,19.005405,19.589028
844,14.922489,15.765558,16.051492,17.345748,16.651747,15.82632,14.703586,16.629062,16.01356,18.433156,16.757623,17.95417,19.005405,19.589028,20.144182
845,15.765558,16.051492,17.345748,16.651747,15.82632,14.703586,16.629062,16.01356,18.433156,16.757623,17.95417,19.005405,19.589028,20.144182,19.374547
846,16.051492,17.345748,16.651747,15.82632,14.703586,16.629062,16.01356,18.433156,16.757623,17.95417,19.005405,19.589028,20.144182,19.374547,18.300313
847,17.345748,16.651747,15.82632,14.703586,16.629062,16.01356,18.433156,16.757623,17.95417,19.005405,19.589028,20.144182,19.374547,18.300313,19.849695
848,16.651747,15.82632,14.703586,16.629062,16.01356,18.433156,16.757623,17.95417,19.005405,19.589028,20.144182,19.374547,18.300313,19.849695,17.095123
849,15.82632,14.703586,16.629062,16.01356,18.433156,16.757623,17.95417,19.005405,19.589028,20.144182,19.374547,18.300313,19.849695,17.095123,21.038822
850,14.703586,16.629062,16.01356,18.433156,16.757623,17.95417,19.005405,19.589028,20.144182,19.374547,18.300313,19.849695,17.095123,21.038822,21.982059
851,16.629062,16.01356,18.433156,16.757623,17.95417,19.005405,19.589028,20.144182,19.374547,18.300313,19.849695,17.095123,21.038822,21.982059,18.278041
852,16.01356,18.433156,16.757623,17.95417,19.005405,19.589028,20.144182,19.374547,18.300313,19.849695,17.095123,21.038822,21.982059,18.278041,17.675606
853,18.433156,16.757623,17.95417,19.005405,19.589028,20.144182,19.374547,18.300313,19.849695,17.095123,21.038822,21.982059,18.278041,17.675606,15.004351
854,16.757623,17.95417,19.005405,19.589028,20.144182,19.374547,18.300313,19.849695,17.095123,21.038822,21.982059,18.278041,17.675606,15.004351,16.491847
855,17.95417,19.005405,19.589028,20.144182,19.374547,18.300313,19.849695,17.095123,21.038822,21.982059,18.278041,17.675606,15.004351,16.491847,17.978256
856,19.005405,19.589028,20.144182,19.374547,18.300313,19.849695,17.095123,21.038822,21.982059,18.278041,17.675606,15.004351,16.491847,17.978256,20.964139
857,19.589028,20.144182,19.374547,18.300313,19.849695,17.095123,21.038822,21.982059,18.278041,17.675606,15.004351,16.491847,17.978256,20.964139,21.667086
858,20.144182,19.374547,18.300313,19.849695,17.095123,21.038822,21.982059,18.278041,17.675606,15.004351,16.491847,17.978256,20.964139,21.667086,19.929763
859,19.374547,18.300313,19.849695,17.095123,21.038822,21.982059,18.278041,17.675606,15.004351,16.491847,17.978256,20.964139,21.667086,19.929763,19.368682
860,18.300313,19.849695,17.095123,21.038822,21.982059,18.278041,17.675606,15.004351,16.491847,17.978256,20.964139,21.667086,19.929763,19.368682,18.610368
861,19.849695,17.095123,21.038822,21.982059,18.278041,17.675606,15.004351,16.491847,17.978256,20.964139,21.667086,19.929763,19.368682,18.610368,15.87644
862,17.095123,21.038822,21.982059,18.278041,17.675606,15.004351,16.491847,17.978256,20.964139,21.667086,19.929763,19.368682,18.610368,15.87644,16.839376
863,21.038822,21.982059,18.278041,17.675606,15.004351,16.491847,17.978256,20.964139,21.667086,19.929763,19.368682,18.610368,15.87644,16.839376,17.241993
864,21.982059,18.278041,17.675606,15.004351,16.491847,17.978256,20.964139,21.667086,19.929763,19.368682,18.610368,15.87644,16.839376,17.241993,16.582873
865,18.278041,17.675606,15.004351,16.491847,17.978256,20.964139,21.667086,19.929763,19.368682,18.610368,15.87644,16.839376,17.241993,16.582873,15.136239
866,17.675606,15.004351,16.491847,17.978256,20.964139,21.667086,19.929763,19.368682,18.610368,15.87644,16.839376,17.241993,16.582873,15.136239,18.578017
867,15.004351,16.491847,17.978256,20.964139,21.667086,19.929763,19.368682,18.610368,15.87644,16.839376,17.241993,16.582873,15.136239,18.578017,17.40177
868,16.491847,17.978256,20.964139,21.667086,19.929763,19.368682,18.610368,15.87644,16.839376,17.241993,16.582873,15.136239,18.578017,17.40177,18.313013
869,17.978256,20.964139,21.667086,19.929763,19.368682,18.610368,15.87644,16.839376,17.241993,16.582873,15.136239,18.578017,17.40177,18.313013,19.863923
870,20.964139,21.667086,19.929763,19.368682,18.610368,15.87644,16.839376,17.241993,16.582873,15.136239,18.578017,17.40177,18.313013,19.863923,18.692556
871,21.667086,19.929763,19.368682,18.610368,15.87644,16.839376,17.241993,16.582873,15.136239,18.578017,17.40177,18.313013,19.863923,18.692556,23.897041
872,19.929763,19.368682,18.610368,15.87644,16.839376,17.241993,16.582873,15.136239,18.578017,17.40177,18.313013,19.863923,18.692556,23.897041,25.67406
873,19.368682,18.610368,15.87644,16.839376,17.241993,16.582873,15.136239,18.578017,17.40177,18.313013,19.863923,18.692556,23.897041,25.67406,32.331179
874,18.610368,15.87644,16.839376,17.241993,16.582873,15.136239,18.578017,17.40177,18.313013,19.863923,18.692556,23.897041,25.67406,32.331179,27.44851
875,15.87644,16.839376,17.241993,16.582873,15.136239,18.578017,17.40177,18.313013,19.863923,18.692556,23.897041,25.67406,32.331179,27.44851,29.303633
876,16.839376,17.241993,16.582873,15.136239,18.578017,17.40177,18.313013,19.863923,18.692556,23.897041,25.67406,32.331179,27.44851,29.303633,36.473352
877,17.241993,16.582873,15.136239,18.578017,17.40177,18.313013,19.863923,18.692556,23.897041,25.67406,32.331179,27.44851,29.303633,36.473352,33.800266
878,16.582873,15.136239,18.578017,17.40177,18.313013,19.863923,18.692556,23.897041,25.67406,32.331179,27.44851,29.303633,36.473352,33.800266,33.937655
879,15.136239,18.578017,17.40177,18.313013,19.863923,18.692556,23.897041,25.67406,32.331179,27.44851,29.303633,36.473352,33.800266,33.937655,35.937125
880,18.578017,17.40177,18.313013,19.863923,18.692556,23.897041,25.67406,32.331179,27.44851,29.303633,36.473352,33.800266,33.937655,35.937125,31.3762
881,17.40177,18.313013,19.863923,18.692556,23.897041,25.67406,32.331179,27.44851,29.303633,36.473352,33.800266,33.937655,35.937125,31.3762,31.909186
882,18.313013,19.863923,18.692556,23.897041,25.67406,32.331179,27.44851,29.303633,36.473352,33.800266,33.937655,35.937125,31.3762,31.909186,34.797179
883,19.863923,18.692556,23.897041,25.67406,32.331179,27.44851,29.303633,36.473352,33.800266,33.937655,35.937125,31.3762,31.909186,34.797179,35.725106
884,18.692556,23.897041,25.67406,32.331179,27.44851,29.303633,36.473352,33.800266,33.937655,35.937125,31.3762,31.909186,34.797179,35.725106,33.227975
885,23.897041,25.67406,32.331179,27.44851,29.303633,36.473352,33.800266,33.937655,35.937125,31.3762,31.909186,34.797179,35.725106,33.227975,30.503786
886,25.67406,32.331179,27.44851,29.303633,36.473352,33.800266,33.937655,35.937125,31.3762,31.909186,34.797179,35.725106,33.227975,30.503786,31.214788
887,32.331179,27.44851,29.303633,36.473352,33.800266,33.937655,35.937125,31.3762,31.909186,34.797179,35.725106,33.227975,30.503786,31.214788,30.640032
888,27.44851,29.303633,36.473352,33.800266,33.937655,35.937125,31.3762,31.909186,34.797179,35.725106,33.227975,30.503786,31.214788,30.640032,29.390442
889,29.303633,36.473352,33.800266,33.937655,35.937125,31.3762,31.909186,34.797179,35.725106,33.227975,30.503786,31.214788,30.640032,29.390442,31.770368
890,36.473352,33.800266,33.937655,35.937125,31.3762,31.909186,34.797179,35.725106,33.227975,30.503786,31.214788,30.640032,29.390442,31.770368,32.104061
891,33.800266,33.937655,35.937125,31.3762,31.909186,34.797179,35.725106,33.227975,30.503786,31.214788,30.640032,29.390442,31.770368,32.104061,30.954933
892,33.937655,35.937125,31.3762,31.909186,34.797179,35.725106,33.227975,30.503786,31.214788,30.640032,29.390442,31.770368,32.104061,30.954933,32.488815
893,35.937125,31.3762,31.909186,34.797179,35.725106,33.227975,30.503786,31.214788,30.640032,29.390442,31.770368,32.104061,30.954933,32.488815,31.883561
894,31.3762,31.909186,34.797179,35.725106,33.227975,30.503786,31.214788,30.640032,29.390442,31.770368,32.104061,30.954933,32.488815,31.883561,35.091152
895,31.909186,34.797179,35.725106,33.227975,30.503786,31.214788,30.640032,29.390442,31.770368,32.104061,30.954933,32.488815,31.883561,35.091152,31.492584
896,34.797179,35.725106,33.227975,30.503786,31.214788,30.640032,29.390442,31.770368,32.104061,30.954933,32.488815,31.883561,35.091152,31.492584,31.455125
897,35.725106,33.227975,30.503786,31.214788,30.640032,29.390442,31.770368,32.104061,30.954933,32.488815,31.883561,35.091152,31.492584,31.455125,32.801407
898,33.227975,30.503786,31.214788,30.640032,29.390442,31.770368,32.104061,30.954933,32.488815,31.883561,35.091152,31.492584,31.455125,32.801407,30.790144
899,30.503786,31.214788,30.640032,29.390442,31.770368,32.104061,30.954933,32.488815,31.883561,35.091152,31.492584,31.455125,32.801407,30.790144,30.377185
900,31.214788,30.640032,29.390442,31.770368,32.104061,30.954933,32.488815,31.883561,35.091152,31.492584,31.455125,32.801407,30.790144,30.377185,32.065016
901,30.640032,29.390442,31.770368,32.104061,30.954933,32.488815,31.883561,35.091152,31.492584,31.455125,32.801407,30.790144,30.377185,32.065016,29.681567
902,29.390442,31.770368,32.104061,30.954933,32.488815,31.883561,35.091152,31.492584,31.455125,32.801407,30.790144,30.377185,32.065016,29.681567,30.999134
903,31.770368,32.104061,30.954933,32.488815,31.883561,35.091152,31.492584,31.455125,32.801407,30.790144,30.377185,32.065016,29.681567,30.999134,25.883754
904,32.104061,30.954933,32.488815,31.883561,35.091152,31.492584,31.455125,32.801407,30.790144,30.377185,32.065016,29.681567,30.999134,25.883754,26.577708
905,30.954933,32.488815,31.883561,35.091152,31.492584,31.455125,32.801407,30.790144,30.377185,32.065016,29.681567,30.999134,25.883754,26.577708,26.280775
906,32.488815,31.883561,35.091152,31.492584,31.455125,32.801407,30.790144,30.377185,32.065016,29.681567,30.999134,25.883754,26.577708,26.280775,26.141816
907,31.883561,35.091152,31.492584,31.455125,32.801407,30.790144,30.377185,32.065016,29.681567,30.999134,25.883754,26.577708,26.280775,26.141816,26.656382
908,35.091152,31.492584,31.455125,32.801407,30.790144,30.377185,32.065016,29.681567,30.999134,25.883754,26.577708,26.280775,26.141816,26.656382,26.826604
909,31.492584,31.455125,32.801407,30.790144,30.377185,32.065016,29.681567,30.999134,25.883754,26.577708,26.280775,26.141816,26.656382,26.826604,30.136021
910,31.455125,32.801407,30.790144,30.377185,32.065016,29.681567,30.999134,25.883754,26.577708,26.280775,26.141816,26.656382,26.826604,30.136021,21.858963
911,32.801407,30.790144,30.377185,32.065016,29.681567,30.999134,25.883754,26.577708,26.280775,26.141816,26.656382,26.826604,30.136021,21.858963,23.084559
912,30.790144,30.377185,32.065016,29.681567,30.999134,25.883754,26.577708,26.280775,26.141816,26.656382,26.826604,30.136021,21.858963,23.084559,22.694033
913,30.377185,32.065016,29.681567,30.999134,25.883754,26.577708,26.280775,26.141816,26.656382,26.826604,30.136021,21.858963,23.084559,22.694033,24.299918
914,32.065016,29.681567,30.999134,25.883754,26.577708,26.280775,26.141816,26.656382,26.826604,30.136021,21.858963,23.084559,22.694033,24.299918,24.870271
915,29.681567,30.999134,25.883754,26.577708,26.280775,26.141816,26.656382,26.826604,30.136021,21.858963,23.084559,22.694033,24.299918,24.870271,25.20335
916,30.999134,25.883754,26.577708,26.280775,26.141816,26.656382,26.826604,30.136021,21.858963,23.084559,22.694033,24.299918,24.870271,25.20335,26.209192
917,25.883754,26.577708,26.280775,26.141816,26.656382,26.826604,30.136021,21.858963,23.084559,22.694033,24.299918,24.870271,25.20335,26.209192,24.376126
918,26.577708,26.280775,26.141816,26.656382,26.826604,30.136021,21.858963,23.084559,22.694033,24.299918,24.870271,25.20335,26.209192,24.376126,22.763011
919,26.280775,26.141816,26.656382,26.826604,30.136021,21.858963,23.084559,22.694033,24.299918,24.870271,25.20335,26.209192,24.376126,22.763011,22.769146
920,26.141816,26.656382,26.826604,30.136021,21.858963,23.084559,22.694033,24.299918,24.870271,25.20335,26.209192,24.376126,22.763011,22.769146,20.48914
921,26.656382,26.826604,30.136021,21.858963,23.084559,22.694033,24.299918,24.870271,25.20335,26.209192,24.376126,22.763011,22.769146,20.48914,23.124441
922,26.826604,30.136021,21.858963,23.084559,22.694033,24.299918,24.870271,25.20335,26.209192,24.376126,22.763011,22.769146,20.48914,23.124441,24.253246
923,30.136021,21.858963,23.084559,22.694033,24.299918,24.870271,25.20335,26.209192,24.376126,22.763011,22.769146,20.48914,23.124441,24.253246,21.322577
924,21.858963,23.084559,22.694033,24.299918,24.870271,25.20335,26.209192,24.376126,22.763011,22.769146,20.48914,23.124441,24.253246,21.322577,21.723189
925,23.084559,22.694033,24.299918,24.870271,25.20335,26.209192,24.376126,22.763011,22.769146,20.48914,23.124441,24.253246,21.322577,21.723189,21.805352
926,22.694033,24.299918,24.870271,25.20335,26.209192,24.376126,22.763011,22.769146,20.48914,23.124441,24.253246,21.322577,21.723189,21.805352,19.217596
927,24.299918,24.870271,25.20335,26.209192,24.376126,22.763011,22.769146,20.48914,23.124441,24.253246,21.322577,21.723189,21.805352,19.217596,20.436296
928,24.870271,25.20335,26.209192,24.376126,22.763011,22.769146,20.48914,23.124441,24.253246,21.322577,21.723189,21.805352,19.217596,20.436296,19.296795
929,25.20335,26.209192,24.376126,22.763011,22.769146,20.48914,23.124441,24.253246,21.322577,21.723189,21.805352,19.217596,20.436296,19.296795,19.872627
930,26.209192,24.376126,22.763011,22.769146,20.48914,23.124441,24.253246,21.322577,21.723189,21.805352,19.217596,20.436296,19.296795,19.872627,21.85768
931,24.376126,22.763011,22.769146,20.48914,23.124441,24.253246,21.322577,21.723189,21.805352,19.217596,20.436296,19.296795,19.872627,21.85768,22.775548
932,22.763011,22.769146,20.48914,23.124441,24.253246,21.322577,21.723189,21.805352,19.217596,20.436296,19.296795,19.872627,21.85768,22.775548,19.5708
933,22.769146,20.48914,23.124441,24.253246,21.322577,21.723189,21.805352,19.217596,20.436296,19.296795,19.872627,21.85768,22.775548,19.5708,23.137749
934,20.48914,23.124441,24.253246,21.322577,21.723189,21.805352,19.217596,20.436296,19.296795,19.872627,21.85768,22.775548,19.5708,23.137749,22.00467
935,23.124441,24.253246,21.322577,21.723189,21.805352,19.217596,20.436296,19.296795,19.872627,21.85768,22.775548,19.5708,23.137749,22.00467,21.112172
936,24.253246,21.322577,21.723189,21.805352,19.217596,20.436296,19.296795,19.872627,21.85768,22.775548,19.5708,23.137749,22.00467,21.112172,21.2466
937,21.322577,21.723189,21.805352,19.217596,20.436296,19.296795,19.872627,21.85768,22.775548,19.5708,23.137749,22.00467,21.112172,21.2466,21.434311
938,21.723189,21.805352,19.217596,20.436296,19.296795,19.872627,21.85768,22.775548,19.5708,23.137749,22.00467,21.112172,21.2466,21.434311,20.567803
939,21.805352,19.217596,20.436296,19.296795,19.872627,21.85768,22.775548,19.5708,23.137749,22.00467,21.112172,21.2466,21.434311,20.567803,20.428091
940,19.217596,20.436296,19.296795,19.872627,21.85768,22.775548,19.5708,23.137749,22.00467,21.112172,21.2466,21.434311,20.567803,20.428091,20.255929
941,20.436296,19.296795,19.872627,21.85768,22.775548,19.5708,23.137749,22.00467,21.112172,21.2466,21.434311,20.567803,20.428091,20.255929,19.211773
942,19.296795,19.872627,21.85768,22.775548,19.5708,23.137749,22.00467,21.112172,21.2466,21.434311,20.567803,20.428091,20.255929,19.211773,16.537166
943,19.872627,21.85768,22.775548,19.5708,23.137749,22.00467,21.112172,21.2466,21.434311,20.567803,20.428091,20.255929,19.211773,16.537166,16.790027
944,21.85768,22.775548,19.5708,23.137749,22.00467,21.112172,21.2466,21.434311,20.567803,20.428091,20.255929,19.211773,16.537166,16.790027,18.610622
945,22.775548,19.5708,23.137749,22.00467,21.112172,21.2466,21.434311,20.567803,20.428091,20.255929,19.211773,16.537166,16.790027,18.610622,19.07374
946,19.5708,23.137749,22.00467,21.112172,21.2466,21.434311,20.567803,20.428091,20.255929,19.211773,16.537166,16.790027,18.610622,19.07374,19.262812
947,23.137749,22.00467,21.112172,21.2466,21.434311,20.567803,20.428091,20.255929,19.211773,16.537166,16.790027,18.610622,19.07374,19.262812,19.496088
948,22.00467,21.112172,21.2466,21.434311,20.567803,20.428091,20.255929,19.211773,16.537166,16.790027,18.610622,19.07374,19.262812,19.496088,18.958365
949,21.112172,21.2466,21.434311,20.567803,20.428091,20.255929,19.211773,16.537166,16.790027,18.610622,19.07374,19.262812,19.496088,18.958365,20.63342
950,21.2466,21.434311,20.567803,20.428091,20.255929,19.211773,16.537166,16.790027,18.610622,19.07374,19.262812,19.496088,18.958365,20.63342,21.754014
951,21.434311,20.567803,20.428091,20.255929,19.211773,16.537166,16.790027,18.610622,19.07374,19.262812,19.496088,18.958365,20.63342,21.754014,19.529422
952,20.567803,20.428091,20.255929,19.211773,16.537166,16.790027,18.610622,19.07374,19.262812,19.496088,18.958365,20.63342,21.754014,19.529422,18.9666
953,20.428091,20.255929,19.211773,16.537166,16.790027,18.610622,19.07374,19.262812,19.496088,18.958365,20.63342,21.754014,19.529422,18.9666,17.994785
954,20.255929,19.211773,16.537166,16.790027,18.610622,19.07374,19.262812,19.496088,18.958365,20.63342,21.754014,19.529422,18.9666,17.994785,17.558004
955,19.211773,16.537166,16.790027,18.610622,19.07374,19.262812,19.496088,18.958365,20.63342,21.754014,19.529422,18.9666,17.994785,17.558004,17.525218
956,16.537166,16.790027,18.610622,19.07374,19.262812,19.496088,18.958365,20.63342,21.754014,19.529422,18.9666,17.994785,17.558004,17.525218,16.338049
957,16.790027,18.610622,19.07374,19.262812,19.496088,18.958365,20.63342,21.754014,19.529422,18.9666,17.994785,17.558004,17.525218,16.338049,16.413122
958,18.610622,19.07374,19.262812,19.496088,18.958365,20.63342,21.754014,19.529422,18.9666,17.994785,17.558004,17.525218,16.338049,16.413122,16.964464
959,19.07374,19.262812,19.496088,18.958365,20.63342,21.754014,19.529422,18.9666,17.994785,17.558004,17.525218,16.338049,16.413122,16.964464,17.132081
960,19.262812,19.496088,18.958365,20.63342,21.754014,19.529422,18.9666,17.994785,17.558004,17.525218,16.338049,16.413122,16.964464,17.132081,16.884732
961,19.496088,18.958365,20.63342,21.754014,19.529422,18.9666,17.994785,17.558004,17.525218,16.338049,16.413122,16.964464,17.132081,16.884732,17.478256
962,18.958365,20.63342,21.754014,19.529422,18.9666,17.994785,17.558004,17.525218,16.338049,16.413122,16.964464,17.132081,16.884732,17.478256,17.930005
963,20.63342,21.754014,19.529422,18.9666,17.994785,17.558004,17.525218,16.338049,16.413122,16.964464,17.132081,16.884732,17.478256,17.930005,17.293267
964,21.754014,19.529422,18.9666,17.994785,17.558004,17.525218,16.338049,16.413122,16.964464,17.132081,16.884732,17.478256,17.930005,17.293267,17.989955
965,19.529422,18.9666,17.994785,17.558004,17.525218,16.338049,16.413122,16.964464,17.132081,16.884732,17.478256,17.930005,17.293267,17.989955,17.359582
966,18.9666,17.994785,17.558004,17.525218,16.338049,16.413122,16.964464,17.132081,16.884732,17.478256,17.930005,17.293267,17.989955,17.359582,17.818974
967,17.994785,17.558004,17.525218,16.338049,16.413122,16.964464,17.132081,16.884732,17.478256,17.930005,17.293267,17.989955,17.359582,17.818974,17.281499
968,17.558004,17.525218,16.338049,16.413122,16.964464,17.132081,16.884732,17.478256,17.930005,17.293267,17.989955,17.359582,17.818974,17.281499,16.954312
969,17.525218,16.338049,16.413122,16.964464,17.132081,16.884732,17.478256,17.930005,17.293267,17.989955,17.359582,17.818974,17.281499,16.954312,17.490732
970,16.338049,16.413122,16.964464,17.132081,16.884732,17.478256,17.930005,17.293267,17.989955,17.359582,17.818974,17.281499,16.954312,17.490732,16.546948
971,16.413122,16.964464,17.132081,16.884732,17.478256,17.930005,17.293267,17.989955,17.359582,17.818974,17.281499,16.954312,17.490732,16.546948,17.249411
972,16.964464,17.132081,16.884732,17.478256,17.930005,17.293267,17.989955,17.359582,17.818974,17.281499,16.954312,17.490732,16.546948,17.249411,17.540711
973,17.132081,16.884732,17.478256,17.930005,17.293267,17.989955,17.359582,17.818974,17.281499,16.954312,17.490732,16.546948,17.249411,17.540711,17.405256
974,16.884732,17.478256,17.930005,17.293267,17.989955,17.359582,17.818974,17.281499,16.954312,17.490732,16.546948,17.249411,17.540711,17.405256,16.686269
975,17.478256,17.930005,17.293267,17.989955,17.359582,17.818974,17.281499,16.954312,17.490732,16.546948,17.249411,17.540711,17.405256,16.686269,17.334482
976,17.930005,17.293267,17.989955,17.359582,17.818974,17.281499,16.954312,17.490732,16.546948,17.249411,17.540711,17.405256,16.686269,17.334482,17.987988
977,17.293267,17.989955,17.359582,17.818974,17.281499,16.954312,17.490732,16.546948,17.249411,17.540711,17.405256,16.686269,17.334482,17.987988,18.10003
978,17.989955,17.359582,17.818974,17.281499,16.954312,17.490732,16.546948,17.249411,17.540711,17.405256,16.686269,17.334482,17.987988,18.10003,16.424521
979,17.359582,17.818974,17.281499,16.954312,17.490732,16.546948,17.249411,17.540711,17.405256,16.686269,17.334482,17.987988,18.10003,16.424521,15.886071
980,17.818974,17.281499,16.954312,17.490732,16.546948,17.249411,17.540711,17.405256,16.686269,17.334482,17.987988,18.10003,16.424521,15.886071,15.799559
981,17.281499,16.954312,17.490732,16.546948,17.249411,17.540711,17.405256,16.686269,17.334482,17.987988,18.10003,16.424521,15.886071,15.799559,15.3739
982,16.954312,17.490732,16.546948,17.249411,17.540711,17.405256,16.686269,17.334482,17.987988,18.10003,16.424521,15.886071,15.799559,15.3739,14.563183
983,17.490732,16.546948,17.249411,17.540711,17.405256,16.686269,17.334482,17.987988,18.10003,16.424521,15.886071,15.799559,15.3739,14.563183,14.451159
984,16.546948,17.249411,17.540711,17.405256,16.686269,17.334482,17.987988,18.10003,16.424521,15.886071,15.799559,15.3739,14.563183,14.451159,15.46442
985,17.249411,17.540711,17.405256,16.686269,17.334482,17.987988,18.10003,16.424521,15.886071,15.799559,15.3739,14.563183,14.451159,15.46442,16.045694
986,17.540711,17.405256,16.686269,17.334482,17.987988,18.10003,16.424521,15.886071,15.799559,15.3739,14.563183,14.451159,15.46442,16.045694,15.662642
987,17.405256,16.686269,17.334482,17.987988,18.10003,16.424521,15.886071,15.799559,15.3739,14.563183,14.451159,15.46442,16.045694,15.662642,15.148052
988,16.686269,17.334482,17.987988,18.10003,16.424521,15.886071,15.799559,15.3739,14.563183,14.451159,15.46442,16.045694,15.662642,15.148052,14.976408
989,17.334482,17.987988,18.10003,16.424521,15.886071,15.799559,15.3739,14.563183,14.451159,15.46442,16.045694,15.662642,15.148052,14.976408,15.852639
990,17.987988,18.10003,16.424521,15.886071,15.799559,15.3739,14.563183,14.451159,15.46442,16.045694,15.662642,15.148052,14.976408,15.852639,15.567513
991,18.10003,16.424521,15.886071,15.799559,15.3739,14.563183,14.451159,15.46442,16.045694,15.662642,15.148052,14.976408,15.852639,15.567513,15.086834
992,16.424521,15.886071,15.799559,15.3739,14.563183,14.451159,15.46442,16.045694,15.662642,15.148052,14.976408,15.852639,15.567513,15.086834,15.150387
993,15.886071,15.799559,15.3739,14.563183,14.451159,15.46442,16.045694,15.662642,15.148052,14.976408,15.852639,15.567513,15.086834,15.150387,15.387072
994,15.799559,15.3739,14.563183,14.451159,15.46442,16.045694,15.662642,15.148052,14.976408,15.852639,15.567513,15.086834,15.150387,15.387072,14.814456
995,15.3739,14.563183,14.451159,15.46442,16.045694,15.662642,15.148052,14.976408,15.852639,15.567513,15.086834,15.150387,15.387072,14.814456,15.326873
996,14.563183,14.451159,15.46442,16.045694,15.662642,15.148052,14.976408,15.852639,15.567513,15.086834,15.150387,15.387072,14.814456,15.326873,15.079044
997,14.451159,15.46442,16.045694,15.662642,15.148052,14.976408,15.852639,15.567513,15.086834,15.150387,15.387072,14.814456,15.326873,15.079044,17.179324
998,15.46442,16.045694,15.662642,15.148052,14.976408,15.852639,15.567513,15.086834,15.150387,15.387072,14.814456,15.326873,15.079044,17.179324,16.161924
999,16.045694,15.662642,15.148052,14.976408,15.852639,15.567513,15.086834,15.150387,15.387072,14.814456,15.326873,15.079044,17.179324,16.161924,16.680556
1000,15.662642,15.148052,14.976408,15.852639,15.567513,15.086834,15.150387,15.387072,14.814456,15.326873,15.079044,17.179324,16.161924,16.680556,17.193297
1001,15.148052,14.976408,15.852639,15.567513,15.086834,15.150387,15.387072,14.814456,15.326873,15.079044,17.179324,16.161924,16.680556,17.193297,18.323804
1002,14.976408,15.852639,15.567513,15.086834,15.150387,15.387072,14.814456,15.326873,15.079044,17.179324,16.161924,16.680556,17.193297,18.323804,16.891312
1003,15.852639,15.567513,15.086834,15.150387,15.387072,14.814456,15.326873,15.079044,17.179324,16.161924,16.680556,17.193297,18.323804,16.891312,17.34878
1004,15.567513,15.086834,15.150387,15.387072,14.814456,15.326873,15.079044,17.179324,16.161924,16.680556,17.193297,18.323804,16.891312,17.34878,16.275569
1005,15.086834,15.150387,15.387072,14.814456,15.326873,15.079044,17.179324,16.161924,16.680556,17.193297,18.323804,16.891312,17.34878,16.275569,16.189273
1006,15.150387,15.387072,14.814456,15.326873,15.079044,17.179324,16.161924,16.680556,17.193297,18.323804,16.891312,17.34878,16.275569,16.189273,17.646874
1007,15.387072,14.814456,15.326873,15.079044,17.179324,16.161924,16.680556,17.193297,18.323804,16.891312,17.34878,16.275569,16.189273,17.646874,16.025722
1008,14.814456,15.326873,15.079044,17.179324,16.161924,16.680556,17.193297,18.323804,16.891312,17.34878,16.275569,16.189273,17.646874,16.025722,16.335871
1009,15.326873,15.079044,17.179324,16.161924,16.680556,17.193297,18.323804,16.891312,17.34878,16.275569,16.189273,17.646874,16.025722,16.335871,18.298919
1010,15.079044,17.179324,16.161924,16.680556,17.193297,18.323804,16.891312,17.34878,16.275569,16.189273,17.646874,16.025722,16.335871,18.298919,17.330161
1011,17.179324,16.161924,16.680556,17.193297,18.323804,16.891312,17.34878,16.275569,16.189273,17.646874,16.025722,16.335871,18.298919,17.330161,17.519605
1012,16.161924,16.680556,17.193297,18.323804,16.891312,17.34878,16.275569,16.189273,17.646874,16.025722,16.335871,18.298919,17.330161,17.519605,17.544691
1013,16.680556,17.193297,18.323804,16.891312,17.34878,16.275569,16.189273,17.646874,16.025722,16.335871,18.298919,17.330161,17.519605,17.544691,17.669739
1014,17.193297,18.323804,16.891312,17.34878,16.275569,16.189273,17.646874,16.025722,16.335871,18.298919,17.330161,17.519605,17.544691,17.669739,18.694389
1015,18.323804,16.891312,17.34878,16.275569,16.189273,17.646874,16.025722,16.335871,18.298919,17.330161,17.519605,17.544691,17.669739,18.694389,19.732961
1016,16.891312,17.34878,16.275569,16.189273,17.646874,16.025722,16.335871,18.298919,17.330161,17.519605,17.544691,17.669739,18.694389,19.732961,18.054174
1017,17.34878,16.275569,16.189273,17.646874,16.025722,16.335871,18.298919,17.330161,17.519605,17.544691,17.669739,18.694389,19.732961,18.054174,20.309521
1018,16.275569,16.189273,17.646874,16.025722,16.335871,18.298919,17.330161,17.519605,17.544691,17.669739,18.694389,19.732961,18.054174,20.309521,20.534928
1019,16.189273,17.646874,16.025722,16.335871,18.298919,17.330161,17.519605,17.544691,17.669739,18.694389,19.732961,18.054174,20.309521,20.534928,20.384707
1020,17.646874,16.025722,16.335871,18.298919,17.330161,17.519605,17.544691,17.669739,18.694389,19.732961,18.054174,20.309521,20.534928,20.384707,19.46533
1021,16.025722,16.335871,18.298919,17.330161,17.519605,17.544691,17.669739,18.694389,19.732961,18.054174,20.309521,20.534928,20.384707,19.46533,24.68393
1022,16.335871,18.298919,17.330161,17.519605,17.544691,17.669739,18.694389,19.732961,18.054174,20.309521,20.534928,20.384707,19.46533,24.68393,21.690285
1023,18.298919,17.330161,17.519605,17.544691,17.669739,18.694389,19.732961,18.054174,20.309521,20.534928,20.384707,19.46533,24.68393,21.690285,24.301709
1024,17.330161,17.519605,17.544691,17.669739,18.694389,19.732961,18.054174,20.309521,20.534928,20.384707,19.46533,24.68393,21.690285,24.301709,22.339416
1025,17.519605,17.544691,17.669739,18.694389,19.732961,18.054174,20.309521,20.534928,20.384707,19.46533,24.68393,21.690285,24.301709,22.339416,24.669249
1026,17.544691,17.669739,18.694389,19.732961,18.054174,20.309521,20.534928,20.384707,19.46533,24.68393,21.690285,24.301709,22.339416,24.669249,20.626864
1027,17.669739,18.694389,19.732961,18.054174,20.309521,20.534928,20.384707,19.46533,24.68393,21.690285,24.301709,22.339416,24.669249,20.626864,20.351281
1028,18.694389,19.732961,18.054174,20.309521,20.534928,20.384707,19.46533,24.68393,21.690285,24.301709,22.339416,24.669249,20.626864,20.351281,18.981203
1029,19.732961,18.054174,20.309521,20.534928,20.384707,19.46533,24.68393,21.690285,24.301709,22.339416,24.669249,20.626864,20.351281,18.981203,18.20828
1030,18.054174,20.309521,20.534928,20.384707,19.46533,24.68393,21.690285,24.301709,22.339416,24.669249,20.626864,20.351281,18.981203,18.20828,19.638804
1031,20.309521,20.534928,20.384707,19.46533,24.68393,21.690285,24.301709,22.339416,24.669249,20.626864,20.351281,18.981203,18.20828,19.638804,21.404172
1032,20.534928,20.384707,19.46533,24.68393,21.690285,24.301709,22.339416,24.669249,20.626864,20.351281,18.981203,18.20828,19.638804,21.404172,20.555829
1033,20.384707,19.46533,24.68393,21.690285,24.301709,22.339416,24.669249,20.626864,20.351281,18.981203,18.20828,19.638804,21.404172,20.555829,15.983908
1034,19.46533,24.68393,21.690285,24.301709,22.339416,24.669249,20.626864,20.351281,18.981203,18.20828,19.638804,21.404172,20.555829,15.983908,14.118376
1035,24.68393,21.690285,24.301709,22.339416,24.669249,20.626864,20.351281,18.981203,18.20828,19.638804,21.404172,20.555829,15.983908,14.118376,16.254502
1036,21.690285,24.301709,22.339416,24.669249,20.626864,20.351281,18.981203,18.20828,19.638804,21.404172,20.555829,15.983908,14.118376,16.254502,16.972661
1037,24.301709,22.339416,24.669249,20.626864,20.351281,18.981203,18.20828,19.638804,21.404172,20.555829,15.983908,14.118376,16.254502,16.972661,14.976836
1038,22.339416,24.669249,20.626864,20.351281,18.981203,18.20828,19.638804,21.404172,20.555829,15.983908,14.118376,16.254502,16.972661,14.976836,17.686596
1039,24.669249,20.626864,20.351281,18.981203,18.20828,19.638804,21.404172,20.555829,15.983908,14.118376,16.254502,16.972661,14.976836,17.686596,14.36331
1040,20.626864,20.351281,18.981203,18.20828,19.638804,21.404172,20.555829,15.983908,14.118376,16.254502,16.972661,14.976836,17.686596,14.36331,16.318102
1041,20.351281,18.981203,18.20828,19.638804,21.404172,20.555829,15.983908,14.118376,16.254502,16.972661,14.976836,17.686596,14.36331,16.318102,18.982195
1042,18.981203,18.20828,19.638804,21.404172,20.555829,15.983908,14.118376,16.254502,16.972661,14.976836,17.686596,14.36331,16.318102,18.982195,18.156227
1043,18.20828,19.638804,21.404172,20.555829,15.983908,14.118376,16.254502,16.972661,14.976836,17.686596,14.36331,16.318102,18.982195,18.156227,17.862816
1044,19.638804,21.404172,20.555829,15.983908,14.118376,16.254502,16.972661,14.976836,17.686596,14.36331,16.318102,18.982195,18.156227,17.862816,17.615601
1045,21.404172,20.555829,15.983908,14.118376,16.254502,16.972661,14.976836,17.686596,14.36331,16.318102,18.982195,18.156227,17.862816,17.615601,17.134709
1046,20.555829,15.983908,14.118376,16.254502,16.972661,14.976836,17.686596,14.36331,16.318102,18.982195,18.156227,17.862816,17.615601,17.134709,20.264531
1047,15.983908,14.118376,16.254502,16.972661,14.976836,17.686596,14.36331,16.318102,18.982195,18.156227,17.862816,17.615601,17.134709,20.264531,16.60944
1048,14.118376,16.254502,16.972661,14.976836,17.686596,14.36331,16.318102,18.982195,18.156227,17.862816,17.615601,17.134709,20.264531,16.60944,14.927514
1049,16.254502,16.972661,14.976836,17.686596,14.36331,16.318102,18.982195,18.156227,17.862816,17.615601,17.134709,20.264531,16.60944,14.927514,15.561369
1050,16.972661,14.976836,17.686596,14.36331,16.318102,18.982195,18.156227,17.862816,17.615601,17.134709,20.264531,16.60944,14.927514,15.561369,17.283917
1051,14.976836,17.686596,14.36331,16.318102,18.982195,18.156227,17.862816,17.615601,17.134709,20.264531,16.60944,14.927514,15.561369,17.283917,14.207896
1052,17.686596,14.36331,16.318102,18.982195,18.156227,17.862816,17.615601,17.134709,20.264531,16.60944,14.927514,15.561369,17.283917,14.207896,18.496557
1053,14.36331,16.318102,18.982195,18.156227,17.862816,17.615601,17.134709,20.264531,16.60944,14.927514,15.561369,17.283917,14.207896,18.496557,16.665371
1054,16.318102,18.982195,18.156227,17.862816,17.615601,17.134709,20.264531,16.60944,14.927514,15.561369,17.283917,14.207896,18.496557,16.665371,17.353671
1055,18.982195,18.156227,17.862816,17.615601,17.134709,20.264531,16.60944,14.927514,15.561369,17.283917,14.207896,18.496557,16.665371,17.353671,16.386764
1056,18.156227,17.862816,17.615601,17.134709,20.264531,16.60944,14.927514,15.561369,17.283917,14.207896,18.496557,16.665371,17.353671,16.386764,16.464588
1057,17.862816,17.615601,17.134709,20.264531,16.60944,14.927514,15.561369,17.283917,14.207896,18.496557,16.665371,17.353671,16.386764,16.464588,17.037901
1058,17.615601,17.134709,20.264531,16.60944,14.927514,15.561369,17.283917,14.207896,18.496557,16.665371,17.353671,16.386764,16.464588,17.037901,19.874854
1059,17.134709,20.264531,16.60944,14.927514,15.561369,17.283917,14.207896,18.496557,16.665371,17.353671,16.386764,16.464588,17.037901,19.874854,17.675442
1060,20.264531,16.60944,14.927514,15.561369,17.283917,14.207896,18.496557,16.665371,17.353671,16.386764,16.464588,17.037901,19.874854,17.675442,17.806129
1061,16.60944,14.927514,15.561369,17.283917,14.207896,18.496557,16.665371,17.353671,16.386764,16.464588,17.037901,19.874854,17.675442,17.806129,15.216856
1062,14.927514,15.561369,17.283917,14.207896,18.496557,16.665371,17.353671,16.386764,16.464588,17.037901,19.874854,17.675442,17.806129,15.216856,16.503705
1063,15.561369,17.283917,14.207896,18.496557,16.665371,17.353671,16.386764,16.464588,17.037901,19.874854,17.675442,17.806129,15.216856,16.503705,14.377784
1064,17.283917,14.207896,18.496557,16.665371,17.353671,16.386764,16.464588,17.037901,19.874854,17.675442,17.806129,15.216856,16.503705,14.377784,16.072154
1065,14.207896,18.496557,16.665371,17.353671,16.386764,16.464588,17.037901,19.874854,17.675442,17.806129,15.216856,16.503705,14.377784,16.072154,19.693776
1066,18.496557,16.665371,17.353671,16.386764,16.464588,17.037901,19.874854,17.675442,17.806129,15.216856,16.503705,14.377784,16.072154,19.693776,21.169737
1067,16.665371,17.353671,16.386764,16.464588,17.037901,19.874854,17.675442,17.806129,15.216856,16.503705,14.377784,16.072154,19.693776,21.169737,19.238175
1068,17.353671,16.386764,16.464588,17.037901,19.874854,17.675442,17.806129,15.216856,16.503705,14.377784,16.072154,19.693776,21.169737,19.238175,19.219853
1069,16.386764,16.464588,17.037901,19.874854,17.675442,17.806129,15.216856,16.503705,14.377784,16.072154,19.693776,21.169737,19.238175,19.219853,17.759974
1070,16.464588,17.037901,19.874854,17.675442,17.806129,15.216856,16.503705,14.377784,16.072154,19.693776,21.169737,19.238175,19.219853,17.759974,15.500278
1071,17.037901,19.874854,17.675442,17.806129,15.216856,16.503705,14.377784,16.072154,19.693776,21.169737,19.238175,19.219853,17.759974,15.500278,15.548419
1072,19.874854,17.675442,17.806129,15.216856,16.503705,14.377784,16.072154,19.693776,21.169737,19.238175,19.219853,17.759974,15.500278,15.548419,16.118245
1073,17.675442,17.806129,15.216856,16.503705,14.377784,16.072154,19.693776,21.169737,19.238175,19.219853,17.759974,15.500278,15.548419,16.118245,15.527363
1074,17.806129,15.216856,16.503705,14.377784,16.072154,19.693776,21.169737,19.238175,19.219853,17.759974,15.500278,15.548419,16.118245,15.527363,17.970095
1075,15.216856,16.503705,14.377784,16.072154,19.693776,21.169737,19.238175,19.219853,17.759974,15.500278,15.548419,16.118245,15.527363,17.970095,15.475545
1076,16.503705,14.377784,16.072154,19.693776,21.169737,19.238175,19.219853,17.759974,15.500278,15.548419,16.118245,15.527363,17.970095,15.475545,14.313578
1077,14.377784,16.072154,19.693776,21.169737,19.238175,19.219853,17.759974,15.500278,15.548419,16.118245,15.527363,17.970095,15.475545,14.313578,18.260892
1078,16.072154,19.693776,21.169737,19.238175,19.219853,17.759974,15.500278,15.548419,16.118245,15.527363,17.970095,15.475545,14.313578,18.260892,19.279094
1079,19.693776,21.169737,19.238175,19.219853,17.759974,15.500278,15.548419,16.118245,15.527363,17.970095,15.475545,14.313578,18.260892,19.279094,17.871648
1080,21.169737,19.238175,19.219853,17.759974,15.500278,15.548419,16.118245,15.527363,17.970095,15.475545,14.313578,18.260892,19.279094,17.871648,17.213202
1081,19.238175,19.219853,17.759974,15.500278,15.548419,16.118245,15.527363,17.970095,15.475545,14.313578,18.260892,19.279094,17.871648,17.213202,13.259092
1082,19.219853,17.759974,15.500278,15.548419,16.118245,15.527363,17.970095,15.475545,14.313578,18.260892,19.279094,17.871648,17.213202,13.259092,11.871886
1083,17.759974,15.500278,15.548419,16.118245,15.527363,17.970095,15.475545,14.313578,18.260892,19.279094,17.871648,17.213202,13.259092,11.871886,17.471479
1084,15.500278,15.548419,16.118245,15.527363,17.970095,15.475545,14.313578,18.260892,19.279094,17.871648,17.213202,13.259092,11.871886,17.471479,14.693538
1085,15.548419,16.118245,15.527363,17.970095,15.475545,14.313578,18.260892,19.279094,17.871648,17.213202,13.259092,11.871886,17.471479,14.693538,14.647073
1086,16.118245,15.527363,17.970095,15.475545,14.313578,18.260892,19.279094,17.871648,17.213202,13.259092,11.871886,17.471479,14.693538,14.647073,16.472775
1087,15.527363,17.970095,15.475545,14.313578,18.260892,19.279094,17.871648,17.213202,13.259092,11.871886,17.471479,14.693538,14.647073,16.472775,15.62146
1088,17.970095,15.475545,14.313578,18.260892,19.279094,17.871648,17.213202,13.259092,11.871886,17.471479,14.693538,14.647073,16.472775,15.62146,16.019167
1089,15.475545,14.313578,18.260892,19.279094,17.871648,17.213202,13.259092,11.871886,17.471479,14.693538,14.647073,16.472775,15.62146,16.019167,16.423244
1090,14.313578,18.260892,19.279094,17.871648,17.213202,13.259092,11.871886,17.471479,14.693538,14.647073,16.472775,15.62146,16.019167,16.423244,15.167957
1091,18.260892,19.279094,17.871648,17.213202,13.259092,11.871886,17.471479,14.693538,14.647073,16.472775,15.62146,16.019167,16.423244,15.167957,13.23765
1092,19.279094,17.871648,17.213202,13.259092,11.871886,17.471479,14.693538,14.647073,16.472775,15.62146,16.019167,16.423244,15.167957,13.23765,13.49857
1093,17.871648,17.213202,13.259092,11.871886,17.471479,14.693538,14.647073,16.472775,15.62146,16.019167,16.423244,15.167957,13.23765,13.49857,12.157951
1094,17.213202,13.259092,11.871886,17.471479,14.693538,14.647073,16.472775,15.62146,16.019167,16.423244,15.167957,13.23765,13.49857,12.157951,13.472871
1095,13.259092,11.871886,17.471479,14.693538,14.647073,16.472775,15.62146,16.019167,16.423244,15.167957,13.23765,13.49857,12.157951,13.472871,13.222178
1096,11.871886,17.471479,14.693538,14.647073,16.472775,15.62146,16.019167,16.423244,15.167957,13.23765,13.49857,12.157951,13.472871,13.222178,14.469873
1097,17.471479,14.693538,14.647073,16.472775,15.62146,16.019167,16.423244,15.167957,13.23765,13.49857,12.157951,13.472871,13.222178,14.469873,11.363335
1098,14.693538,14.647073,16.472775,15.62146,16.019167,16.423244,15.167957,13.23765,13.49857,12.157951,13.472871,13.222178,14.469873,11.363335,12.61014
1099,14.647073,16.472775,15.62146,16.019167,16.423244,15.167957,13.23765,13.49857,12.157951,13.472871,13.222178,14.469873,11.363335,12.61014,12.355633
1100,16.472775,15.62146,16.019167,16.423244,15.167957,13.23765,13.49857,12.157951,13.472871,13.222178,14.469873,11.363335,12.61014,12.355633,14.188665
1101,15.62146,16.019167,16.423244,15.167957,13.23765,13.49857,12.157951,13.472871,13.222178,14.469873,11.363335,12.61014,12.355633,14.188665,13.740049
1102,16.019167,16.423244,15.167957,13.23765,13.49857,12.157951,13.472871,13.222178,14.469873,11.363335,12.61014,12.355633,14.188665,13.740049,14.68295
1103,16.423244,15.167957,13.23765,13.49857,12.157951,13.472871,13.222178,14.469873,11.363335,12.61014,12.355633,14.188665,13.740049,14.68295,14.02602
1104,15.167957,13.23765,13.49857,12.157951,13.472871,13.222178,14.469873,11.363335,12.61014,12.355633,14.188665,13.740049,14.68295,14.02602,14.7121
1105,13.23765,13.49857,12.157951,13.472871,13.222178,14.469873,11.363335,12.61014,12.355633,14.188665,13.740049,14.68295,14.02602,14.7121,16.003885
1106,13.49857,12.157951,13.472871,13.222178,14.469873,11.363335,12.61014,12.355633,14.188665,13.740049,14.68295,14.02602,14.7121,16.003885,16.840551
1107,12.157951,13.472871,13.222178,14.469873,11.363335,12.61014,12.355633,14.188665,13.740049,14.68295,14.02602,14.7121,16.003885,16.840551,15.300622
1108,13.472871,13.222178,14.469873,11.363335,12.61014,12.355633,14.188665,13.740049,14.68295,14.02602,14.7121,16.003885,16.840551,15.300622,16.137524
1109,13.222178,14.469873,11.363335,12.61014,12.355633,14.188665,13.740049,14.68295,14.02602,14.7121,16.003885,16.840551,15.300622,16.137524,14.800751
1110,14.469873,11.363335,12.61014,12.355633,14.188665,13.740049,14.68295,14.02602,14.7121,16.003885,16.840551,15.300622,16.137524,14.800751,15.260425
1111,11.363335,12.61014,12.355633,14.188665,13.740049,14.68295,14.02602,14.7121,16.003885,16.840551,15.300622,16.137524,14.800751,15.260425,14.547459
1112,12.61014,12.355633,14.188665,13.740049,14.68295,14.02602,14.7121,16.003885,16.840551,15.300622,16.137524,14.800751,15.260425,14.547459,16.592444
1113,12.355633,14.188665,13.740049,14.68295,14.02602,14.7121,16.003885,16.840551,15.300622,16.137524,14.800751,15.260425,14.547459,16.592444,16.725571
1114,14.188665,13.740049,14.68295,14.02602,14.7121,16.003885,16.840551,15.300622,16.137524,14.800751,15.260425,14.547459,16.592444,16.725571,18.667247
1115,13.740049,14.68295,14.02602,14.7121,16.003885,16.840551,15.300622,16.137524,14.800751,15.260425,14.547459,16.592444,16.725571,18.667247,17.565845
1116,14.68295,14.02602,14.7121,16.003885,16.840551,15.300622,16.137524,14.800751,15.260425,14.547459,16.592444,16.725571,18.667247,17.565845,13.290248
1117,14.02602,14.7121,16.003885,16.840551,15.300622,16.137524,14.800751,15.260425,14.547459,16.592444,16.725571,18.667247,17.565845,13.290248,12.749049
1118,14.7121,16.003885,16.840551,15.300622,16.137524,14.800751,15.260425,14.547459,16.592444,16.725571,18.667247,17.565845,13.290248,12.749049,13.3455
1119,16.003885,16.840551,15.300622,16.137524,14.800751,15.260425,14.547459,16.592444,16.725571,18.667247,17.565845,13.290248,12.749049,13.3455,14.572485
1120,16.840551,15.300622,16.137524,14.800751,15.260425,14.547459,16.592444,16.725571,18.667247,17.565845,13.290248,12.749049,13.3455,14.572485,12.482303
1121,15.300622,16.137524,14.800751,15.260425,14.547459,16.592444,16.725571,18.667247,17.565845,13.290248,12.749049,13.3455,14.572485,12.482303,13.28889
1122,16.137524,14.800751,15.260425,14.547459,16.592444,16.725571,18.667247,17.565845,13.290248,12.749049,13.3455,14.572485,12.482303,13.28889,10.489715
1123,14.800751,15.260425,14.547459,16.592444,16.725571,18.667247,17.565845,13.290248,12.749049,13.3455,14.572485,12.482303,13.28889,10.489715,14.321337
1124,15.260425,14.547459,16.592444,16.725571,18.667247,17.565845,13.290248,12.749049,13.3455,14.572485,12.482303,13.28889,10.489715,14.321337,15.187749
1125,14.547459,16.592444,16.725571,18.667247,17.565845,13.290248,12.749049,13.3455,14.572485,12.482303,13.28889,10.489715,14.321337,15.187749,14.214434
1126,16.592444,16.725571,18.667247,17.565845,13.290248,12.749049,13.3455,14.572485,12.482303,13.28889,10.489715,14.321337,15.187749,14.214434,12.739462
1127,16.725571,18.667247,17.565845,13.290248,12.749049,13.3455,14.572485,12.482303,13.28889,10.489715,14.321337,15.187749,14.214434,12.739462,17.028906
1128,18.667247,17.565845,13.290248,12.749049,13.3455,14.572485,12.482303,13.28889,10.489715,14.321337,15.187749,14.214434,12.739462,17.028906,17.838532
1129,17.565845,13.290248,12.749049,13.3455,14.572485,12.482303,13.28889,10.489715,14.321337,15.187749,14.214434,12.739462,17.028906,17.838532,19.144006
1130,13.290248,12.749049,13.3455,14.572485,12.482303,13.28889,10.489715,14.321337,15.187749,14.214434,12.739462,17.028906,17.838532,19.144006,15.077193
1131,12.749049,13.3455,14.572485,12.482303,13.28889,10.489715,14.321337,15.187749,14.214434,12.739462,17.028906,17.838532,19.144006,15.077193,17.08036
1132,13.3455,14.572485,12.482303,13.28889,10.489715,14.321337,15.187749,14.214434,12.739462,17.028906,17.838532,19.144006,15.077193,17.08036,16.62064
1133,14.572485,12.482303,13.28889,10.489715,14.321337,15.187749,14.214434,12.739462,17.028906,17.838532,19.144006,15.077193,17.08036,16.62064,18.970296
1134,12.482303,13.28889,10.489715,14.321337,15.187749,14.214434,12.739462,17.028906,17.838532,19.144006,15.077193,17.08036,16.62064,18.970296,18.314744
1135,13.28889,10.489715,14.321337,15.187749,14.214434,12.739462,17.028906,17.838532,19.144006,15.077193,17.08036,16.62064,18.970296,18.314744,13.909534
1136,10.489715,14.321337,15.187749,14.214434,12.739462,17.028906,17.838532,19.144006,15.077193,17.08036,16.62064,18.970296,18.314744,13.909534,19.765676
1137,14.321337,15.187749,14.214434,12.739462,17.028906,17.838532,19.144006,15.077193,17.08036,16.62064,18.970296,18.314744,13.909534,19.765676,19.197063
1138,15.187749,14.214434,12.739462,17.028906,17.838532,19.144006,15.077193,17.08036,16.62064,18.970296,18.314744,13.909534,19.765676,19.197063,16.278308
1139,14.214434,12.739462,17.028906,17.838532,19.144006,15.077193,17.08036,16.62064,18.970296,18.314744,13.909534,19.765676,19.197063,16.278308,16.390396
1140,12.739462,17.028906,17.838532,19.144006,15.077193,17.08036,16.62064,18.970296,18.314744,13.909534,19.765676,19.197063,16.278308,16.390396,18.438611
1141,17.028906,17.838532,19.144006,15.077193,17.08036,16.62064,18.970296,18.314744,13.909534,19.765676,19.197063,16.278308,16.390396,18.438611,20.613525
1142,17.838532,19.144006,15.077193,17.08036,16.62064,18.970296,18.314744,13.909534,19.765676,19.197063,16.278308,16.390396,18.438611,20.613525,19.47101
1143,19.144006,15.077193,17.08036,16.62064,18.970296,18.314744,13.909534,19.765676,19.197063,16.278308,16.390396,18.438611,20.613525,19.47101,17.901479
1144,15.077193,17.08036,16.62064,18.970296,18.314744,13.909534,19.765676,19.197063,16.278308,16.390396,18.438611,20.613525,19.47101,17.901479,23.132517
1145,17.08036,16.62064,18.970296,18.314744,13.909534,19.765676,19.197063,16.278308,16.390396,18.438611,20.613525,19.47101,17.901479,23.132517,23.694168
1146,16.62064,18.970296,18.314744,13.909534,19.765676,19.197063,16.278308,16.390396,18.438611,20.613525,19.47101,17.901479,23.132517,23.694168,18.861015
1147,18.970296,18.314744,13.909534,19.765676,19.197063,16.278308,16.390396,18.438611,20.613525,19.47101,17.901479,23.132517,23.694168,18.861015,19.490505
1148,18.314744,13.909534,19.765676,19.197063,16.278308,16.390396,18.438611,20.613525,19.47101,17.901479,23.132517,23.694168,18.861015,19.490505,19.404372
1149,13.909534,19.765676,19.197063,16.278308,16.390396,18.438611,20.613525,19.47101,17.901479,23.132517,23.694168,18.861015,19.490505,19.404372,19.719577
1150,19.765676,19.197063,16.278308,16.390396,18.438611,20.613525,19.47101,17.901479,23.132517,23.694168,18.861015,19.490505,19.404372,19.719577,21.124343
1151,19.197063,16.278308,16.390396,18.438611,20.613525,19.47101,17.901479,23.132517,23.694168,18.861015,19.490505,19.404372,19.719577,21.124343,20.898573
1152,16.278308,16.390396,18.438611,20.613525,19.47101,17.901479,23.132517,23.694168,18.861015,19.490505,19.404372,19.719577,21.124343,20.898573,17.776382
1153,16.390396,18.438611,20.613525,19.47101,17.901479,23.132517,23.694168,18.861015,19.490505,19.404372,19.719577,21.124343,20.898573,17.776382,20.098918
1154,18.438611,20.613525,19.47101,17.901479,23.132517,23.694168,18.861015,19.490505,19.404372,19.719577,21.124343,20.898573,17.776382,20.098918,24.091566
1155,20.613525,19.47101,17.901479,23.132517,23.694168,18.861015,19.490505,19.404372,19.719577,21.124343,20.898573,17.776382,20.098918,24.091566,23.35628
1156,19.47101,17.901479,23.132517,23.694168,18.861015,19.490505,19.404372,19.719577,21.124343,20.898573,17.776382,20.098918,24.091566,23.35628,20.912835
1157,17.901479,23.132517,23.694168,18.861015,19.490505,19.404372,19.719577,21.124343,20.898573,17.776382,20.098918,24.091566,23.35628,20.912835,21.448
1158,23.132517,23.694168,18.861015,19.490505,19.404372,19.719577,21.124343,20.898573,17.776382,20.098918,24.091566,23.35628,20.912835,21.448,25.37114
1159,23.694168,18.861015,19.490505,19.404372,19.719577,21.124343,20.898573,17.776382,20.098918,24.091566,23.35628,20.912835,21.448,25.37114,26.626464
1160,18.861015,19.490505,19.404372,19.719577,21.124343,20.898573,17.776382,20.098918,24.091566,23.35628,20.912835,21.448,25.37114,26.626464,31.495287
1161,19.490505,19.404372,19.719577,21.124343,20.898573,17.776382,20.098918,24.091566,23.35628,20.912835,21.448,25.37114,26.626464,31.495287,27.648271
1162,19.404372,19.719577,21.124343,20.898573,17.776382,20.098918,24.091566,23.35628,20.912835,21.448,25.37114,26.626464,31.495287,27.648271,30.846762
1163,19.719577,21.124343,20.898573,17.776382,20.098918,24.091566,23.35628,20.912835,21.448,25.37114,26.626464,31.495287,27.648271,30.846762,28.834907
1164,21.124343,20.898573,17.776382,20.098918,24.091566,23.35628,20.912835,21.448,25.37114,26.626464,31.495287,27.648271,30.846762,28.834907,35.102626
1165,20.898573,17.776382,20.098918,24.091566,23.35628,20.912835,21.448,25.37114,26.626464,31.495287,27.648271,30.846762,28.834907,35.102626,31.64061
1166,17.776382,20.098918,24.091566,23.35628,20.912835,21.448,25.37114,26.626464,31.495287,27.648271,30.846762,28.834907,35.102626,31.64061,34.360485
1167,20.098918,24.091566,23.35628,20.912835,21.448,25.37114,26.626464,31.495287,27.648271,30.846762,28.834907,35.102626,31.64061,34.360485,35.522681
1168,24.091566,23.35628,20.912835,21.448,25.37114,26.626464,31.495287,27.648271,30.846762,28.834907,35.102626,31.64061,34.360485,35.522681,35.80849
1169,23.35628,20.912835,21.448,25.37114,26.626464,31.495287,27.648271,30.846762,28.834907,35.102626,31.64061,34.360485,35.522681,35.80849,36.904995
1170,20.912835,21.448,25.37114,26.626464,31.495287,27.648271,30.846762,28.834907,35.102626,31.64061,34.360485,35.522681,35.80849,36.904995,31.780369
1171,21.448,25.37114,26.626464,31.495287,27.648271,30.846762,28.834907,35.102626,31.64061,34.360485,35.522681,35.80849,36.904995,31.780369,31.755836
1172,25.37114,26.626464,31.495287,27.648271,30.846762,28.834907,35.102626,31.64061,34.360485,35.522681,35.80849,36.904995,31.780369,31.755836,29.312852
1173,26.626464,31.495287,27.648271,30.846762,28.834907,35.102626,31.64061,34.360485,35.522681,35.80849,36.904995,31.780369,31.755836,29.312852,28.564928
1174,31.495287,27.648271,30.846762,28.834907,35.102626,31.64061,34.360485,35.522681,35.80849,36.904995,31.780369,31.755836,29.312852,28.564928,30.335973
1175,27.648271,30.846762,28.834907,35.102626,31.64061,34.360485,35.522681,35.80849,36.904995,31.780369,31.755836,29.312852,28.564928,30.335973,30.707222
1176,30.846762,28.834907,35.102626,31.64061,34.360485,35.522681,35.80849,36.904995,31.780369,31.755836,29.312852,28.564928,30.335973,30.707222,28.95857
1177,28.834907,35.102626,31.64061,34.360485,35.522681,35.80849,36.904995,31.780369,31.755836,29.312852,28.564928,30.335973,30.707222,28.95857,29.63268
1178,35.102626,31.64061,34.360485,35.522681,35.80849,36.904995,31.780369,31.755836,29.312852,28.564928,30.335973,30.707222,28.95857,29.63268,27.162948
1179,31.64061,34.360485,35.522681,35.80849,36.904995,31.780369,31.755836,29.312852,28.564928,30.335973,30.707222,28.95857,29.63268,27.162948,27.248142
1180,34.360485,35.522681,35.80849,36.904995,31.780369,31.755836,29.312852,28.564928,30.335973,30.707222,28.95857,29.63268,27.162948,27.248142,25.993664
1181,35.522681,35.80849,36.904995,31.780369,31.755836,29.312852,28.564928,30.335973,30.707222,28.95857,29.63268,27.162948,27.248142,25.993664,26.977382
1182,35.80849,36.904995,31.780369,31.755836,29.312852,28.564928,30.335973,30.707222,28.95857,29.63268,27.162948,27.248142,25.993664,26.977382,24.739297
1183,36.904995,31.780369,31.755836,29.312852,28.564928,30.335973,30.707222,28.95857,29.63268,27.162948,27.248142,25.993664,26.977382,24.739297,23.131671
1184,31.780369,31.755836,29.312852,28.564928,30.335973,30.707222,28.95857,29.63268,27.162948,27.248142,25.993664,26.977382,24.739297,23.131671,22.540357
1185,31.755836,29.312852,28.564928,30.335973,30.707222,28.95857,29.63268,27.162948,27.248142,25.993664,26.977382,24.739297,23.131671,22.540357,23.637729
1186,29.312852,28.564928,30.335973,30.707222,28.95857,29.63268,27.162948,27.248142,25.993664,26.977382,24.739297,23.131671,22.540357,23.637729,25.128602
1187,28.564928,30.335973,30.707222,28.95857,29.63268,27.162948,27.248142,25.993664,26.977382,24.739297,23.131671,22.540357,23.637729,25.128602,24.629882
1188,30.335973,30.707222,28.95857,29.63268,27.162948,27.248142,25.993664,26.977382,24.739297,23.131671,22.540357,23.637729,25.128602,24.629882,26.826007
1189,30.707222,28.95857,29.63268,27.162948,27.248142,25.993664,26.977382,24.739297,23.131671,22.540357,23.637729,25.128602,24.629882,26.826007,19.071154
1190,28.95857,29.63268,27.162948,27.248142,25.993664,26.977382,24.739297,23.131671,22.540357,23.637729,25.128602,24.629882,26.826007,19.071154,21.166577
1191,29.63268,27.162948,27.248142,25.993664,26.977382,24.739297,23.131671,22.540357,23.637729,25.128602,24.629882,26.826007,19.071154,21.166577,19.520794
1192,27.162948,27.248142,25.993664,26.977382,24.739297,23.131671,22.540357,23.637729,25.128602,24.629882,26.826007,19.071154,21.166577,19.520794,22.567957
1193,27.248142,25.993664,26.977382,24.739297,23.131671,22.540357,23.637729,25.128602,24.629882,26.826007,19.071154,21.166577,19.520794,22.567957,19.805113
1194,25.993664,26.977382,24.739297,23.131671,22.540357,23.637729,25.128602,24.629882,26.826007,19.071154,21.166577,19.520794,22.567957,19.805113,23.120075
1195,26.977382,24.739297,23.131671,22.540357,23.637729,25.128602,24.629882,26.826007,19.071154,21.166577,19.520794,22.567957,19.805113,23.120075,26.571511
1196,24.739297,23.131671,22.540357,23.637729,25.128602,24.629882,26.826007,19.071154,21.166577,19.520794,22.567957,19.805113,23.120075,26.571511,24.575508
1197,23.131671,22.540357,23.637729,25.128602,24.629882,26.826007,19.071154,21.166577,19.520794,22.567957,19.805113,23.120075,26.571511,24.575508,24.771057
1198,22.540357,23.637729,25.128602,24.629882,26.826007,19.071154,21.166577,19.520794,22.567957,19.805113,23.120075,26.571511,24.575508,24.771057,22.639293
1199,23.637729,25.128602,24.629882,26.826007,19.071154,21.166577,19.520794,22.567957,19.805113,23.120075,26.571511,24.575508,24.771057,22.639293,23.312977
1200,25.128602,24.629882,26.826007,19.071154,21.166577,19.520794,22.567957,19.805113,23.120075,26.571511,24.575508,24.771057,22.639293,23.312977,22.001825
1201,24.629882,26.826007,19.071154,21.166577,19.520794,22.567957,19.805113,23.120075,26.571511,24.575508,24.771057,22.639293,23.312977,22.001825,21.198617
1202,26.826007,19.071154,21.166577,19.520794,22.567957,19.805113,23.120075,26.571511,24.575508,24.771057,22.639293,23.312977,22.001825,21.198617,18.671275
1203,19.071154,21.166577,19.520794,22.567957,19.805113,23.120075,26.571511,24.575508,24.771057,22.639293,23.312977,22.001825,21.198617,18.671275,20.378916
1204,21.166577,19.520794,22.567957,19.805113,23.120075,26.571511,24.575508,24.771057,22.639293,23.312977,22.001825,21.198617,18.671275,20.378916,23.607792
1205,19.520794,22.567957,19.805113,23.120075,26.571511,24.575508,24.771057,22.639293,23.312977,22.001825,21.198617,18.671275,20.378916,23.607792,23.127871
1206,22.567957,19.805113,23.120075,26.571511,24.575508,24.771057,22.639293,23.312977,22.001825,21.198617,18.671275,20.378916,23.607792,23.127871,21.486837
1207,19.805113,23.120075,26.571511,24.575508,24.771057,22.639293,23.312977,22.001825,21.198617,18.671275,20.378916,23.607792,23.127871,21.486837,20.925141
1208,23.120075,26.571511,24.575508,24.771057,22.639293,23.312977,22.001825,21.198617,18.671275,20.378916,23.607792,23.127871,21.486837,20.925141,22.193778
1209,26.571511,24.575508,24.771057,22.639293,23.312977,22.001825,21.198617,18.671275,20.378916,23.607792,23.127871,21.486837,20.925141,22.193778,24.206214
1210,24.575508,24.771057,22.639293,23.312977,22.001825,21.198617,18.671275,20.378916,23.607792,23.127871,21.486837,20.925141,22.193778,24.206214,22.146664
1211,24.771057,22.639293,23.312977,22.001825,21.198617,18.671275,20.378916,23.607792,23.127871,21.486837,20.925141,22.193778,24.206214,22.146664,22.703227
1212,22.639293,23.312977,22.001825,21.198617,18.671275,20.378916,23.607792,23.127871,21.486837,20.925141,22.193778,24.206214,22.146664,22.703227,22.203417
1213,23.312977,22.001825,21.198617,18.671275,20.378916,23.607792,23.127871,21.486837,20.925141,22.193778,24.206214,22.146664,22.703227,22.203417,21.401512
1214,22.001825,21.198617,18.671275,20.378916,23.607792,23.127871,21.486837,20.925141,22.193778,24.206214,22.146664,22.703227,22.203417,21.401512,21.984601
1215,21.198617,18.671275,20.378916,23.607792,23.127871,21.486837,20.925141,22.193778,24.206214,22.146664,22.703227,22.203417,21.401512,21.984601,20.989467
1216,18.671275,20.378916,23.607792,23.127871,21.486837,20.925141,22.193778,24.206214,22.146664,22.703227,22.203417,21.401512,21.984601,20.989467,23.666756
1217,20.378916,23.607792,23.127871,21.486837,20.925141,22.193778,24.206214,22.146664,22.703227,22.203417,21.401512,21.984601,20.989467,23.666756,23.067675
1218,23.607792,23.127871,21.486837,20.925141,22.193778,24.206214,22.146664,22.703227,22.203417,21.401512,21.984601,20.989467,23.666756,23.067675,21.232878
1219,23.127871,21.486837,20.925141,22.193778,24.206214,22.146664,22.703227,22.203417,21.401512,21.984601,20.989467,23.666756,23.067675,21.232878,21.724229
1220,21.486837,20.925141,22.193778,24.206214,22.146664,22.703227,22.203417,21.401512,21.984601,20.989467,23.666756,23.067675,21.232878,21.724229,21.439139
1221,20.925141,22.193778,24.206214,22.146664,22.703227,22.203417,21.401512,21.984601,20.989467,23.666756,23.067675,21.232878,21.724229,21.439139,21.268644
1222,22.193778,24.206214,22.146664,22.703227,22.203417,21.401512,21.984601,20.989467,23.666756,23.067675,21.232878,21.724229,21.439139,21.268644,20.547018
1223,24.206214,22.146664,22.703227,22.203417,21.401512,21.984601,20.989467,23.666756,23.067675,21.232878,21.724229,21.439139,21.268644,20.547018,20.492789
1224,22.146664,22.703227,22.203417,21.401512,21.984601,20.989467,23.666756,23.067675,21.232878,21.724229,21.439139,21.268644,20.547018,20.492789,19.040035
1225,22.703227,22.203417,21.401512,21.984601,20.989467,23.666756,23.067675,21.232878,21.724229,21.439139,21.268644,20.547018,20.492789,19.040035,20.159515
1226,22.203417,21.401512,21.984601,20.989467,23.666756,23.067675,21.232878,21.724229,21.439139,21.268644,20.547018,20.492789,19.040035,20.159515,22.487546
1227,21.401512,21.984601,20.989467,23.666756,23.067675,21.232878,21.724229,21.439139,21.268644,20.547018,20.492789,19.040035,20.159515,22.487546,24.332225
1228,21.984601,20.989467,23.666756,23.067675,21.232878,21.724229,21.439139,21.268644,20.547018,20.492789,19.040035,20.159515,22.487546,24.332225,24.811574
1229,20.989467,23.666756,23.067675,21.232878,21.724229,21.439139,21.268644,20.547018,20.492789,19.040035,20.159515,22.487546,24.332225,24.811574,25.691616
1230,23.666756,23.067675,21.232878,21.724229,21.439139,21.268644,20.547018,20.492789,19.040035,20.159515,22.487546,24.332225,24.811574,25.691616,25.318391
1231,23.067675,21.232878,21.724229,21.439139,21.268644,20.547018,20.492789,19.040035,20.159515,22.487546,24.332225,24.811574,25.691616,25.318391,24.816956
1232,21.232878,21.724229,21.439139,21.268644,20.547018,20.492789,19.040035,20.159515,22.487546,24.332225,24.811574,25.691616,25.318391,24.816956,23.659983
1233,21.724229,21.439139,21.268644,20.547018,20.492789,19.040035,20.159515,22.487546,24.332225,24.811574,25.691616,25.318391,24.816956,23.659983,22.69107
1234,21.439139,21.268644,20.547018,20.492789,19.040035,20.159515,22.487546,24.332225,24.811574,25.691616,25.318391,24.816956,23.659983,22.69107,23.871706
1235,21.268644,20.547018,20.492789,19.040035,20.159515,22.487546,24.332225,24.811574,25.691616,25.318391,24.816956,23.659983,22.69107,23.871706,22.528353
1236,20.547018,20.492789,19.040035,20.159515,22.487546,24.332225,24.811574,25.691616,25.318391,24.816956,23.659983,22.69107,23.871706,22.528353,21.996316
1237,20.492789,19.040035,20.159515,22.487546,24.332225,24.811574,25.691616,25.318391,24.816956,23.659983,22.69107,23.871706,22.528353,21.996316,21.421679
1238,19.040035,20.159515,22.487546,24.332225,24.811574,25.691616,25.318391,24.816956,23.659983,22.69107,23.871706,22.528353,21.996316,21.421679,21.840218
1239,20.159515,22.487546,24.332225,24.811574,25.691616,25.318391,24.816956,23.659983,22.69107,23.871706,22.528353,21.996316,21.421679,21.840218,22.059074
1240,22.487546,24.332225,24.811574,25.691616,25.318391,24.816956,23.659983,22.69107,23.871706,22.528353,21.996316,21.421679,21.840218,22.059074,21.200284
1241,24.332225,24.811574,25.691616,25.318391,24.816956,23.659983,22.69107,23.871706,22.528353,21.996316,21.421679,21.840218,22.059074,21.200284,21.790012
1242,24.811574,25.691616,25.318391,24.816956,23.659983,22.69107,23.871706,22.528353,21.996316,21.421679,21.840218,22.059074,21.200284,21.790012,21.33368
1243,25.691616,25.318391,24.816956,23.659983,22.69107,23.871706,22.528353,21.996316,21.421679,21.840218,22.059074,21.200284,21.790012,21.33368,21.120947
1244,25.318391,24.816956,23.659983,22.69107,23.871706,22.528353,21.996316,21.421679,21.840218,22.059074,21.200284,21.790012,21.33368,21.120947,21.987861
1245,24.816956,23.659983,22.69107,23.871706,22.528353,21.996316,21.421679,21.840218,22.059074,21.200284,21.790012,21.33368,21.120947,21.987861,20.969417
1246,23.659983,22.69107,23.871706,22.528353,21.996316,21.421679,21.840218,22.059074,21.200284,21.790012,21.33368,21.120947,21.987861,20.969417,20.845346
1247,22.69107,23.871706,22.528353,21.996316,21.421679,21.840218,22.059074,21.200284,21.790012,21.33368,21.120947,21.987861,20.969417,20.845346,20.906212
1248,23.871706,22.528353,21.996316,21.421679,21.840218,22.059074,21.200284,21.790012,21.33368,21.120947,21.987861,20.969417,20.845346,20.906212,21.020248
1249,22.528353,21.996316,21.421679,21.840218,22.059074,21.200284,21.790012,21.33368,21.120947,21.987861,20.969417,20.845346,20.906212,21.020248,20.999306
1250,21.996316,21.421679,21.840218,22.059074,21.200284,21.790012,21.33368,21.120947,21.987861,20.969417,20.845346,20.906212,21.020248,20.999306,22.186724
1251,21.421679,21.840218,22.059074,21.200284,21.790012,21.33368,21.120947,21.987861,20.969417,20.845346,20.906212,21.020248,20.999306,22.186724,21.078325
1252,21.840218,22.059074,21.200284,21.790012,21.33368,21.120947,21.987861,20.969417,20.845346,20.906212,21.020248,20.999306,22.186724,21.078325,20.750655
1253,22.059074,21.200284,21.790012,21.33368,21.120947,21.987861,20.969417,20.845346,20.906212,21.020248,20.999306,22.186724,21.078325,20.750655,20.883006
1254,21.200284,21.790012,21.33368,21.120947,21.987861,20.969417,20.845346,20.906212,21.020248,20.999306,22.186724,21.078325,20.750655,20.883006,21.619411
1255,21.790012,21.33368,21.120947,21.987861,20.969417,20.845346,20.906212,21.020248,20.999306,22.186724,21.078325,20.750655,20.883006,21.619411,22.344565
1256,21.33368,21.120947,21.987861,20.969417,20.845346,20.906212,21.020248,20.999306,22.186724,21.078325,20.750655,20.883006,21.619411,22.344565,23.046858
1257,21.120947,21.987861,20.969417,20.845346,20.906212,21.020248,20.999306,22.186724,21.078325,20.750655,20.883006,21.619411,22.344565,23.046858,23.155981
1258,21.987861,20.969417,20.845346,20.906212,21.020248,20.999306,22.186724,21.078325,20.750655,20.883006,21.619411,22.344565,23.046858,23.155981,23.309685
1259,20.969417,20.845346,20.906212,21.020248,20.999306,22.186724,21.078325,20.750655,20.883006,21.619411,22.344565,23.046858,23.155981,23.309685,22.58055
1260,20.845346,20.906212,21.020248,20.999306,22.186724,21.078325,20.750655,20.883006,21.619411,22.344565,23.046858,23.155981,23.309685,22.58055,21.756617
1261,20.906212,21.020248,20.999306,22.186724,21.078325,20.750655,20.883006,21.619411,22.344565,23.046858,23.155981,23.309685,22.58055,21.756617,20.731434
1262,21.020248,20.999306,22.186724,21.078325,20.750655,20.883006,21.619411,22.344565,23.046858,23.155981,23.309685,22.58055,21.756617,20.731434,20.878139
1263,20.999306,22.186724,21.078325,20.750655,20.883006,21.619411,22.344565,23.046858,23.155981,23.309685,22.58055,21.756617,20.731434,20.878139,21.624038
1264,22.186724,21.078325,20.750655,20.883006,21.619411,22.344565,23.046858,23.155981,23.309685,22.58055,21.756617,20.731434,20.878139,21.624038,21.061638
1265,21.078325,20.750655,20.883006,21.619411,22.344565,23.046858,23.155981,23.309685,22.58055,21.756617,20.731434,20.878139,21.624038,21.061638,20.235948
1266,20.750655,20.883006,21.619411,22.344565,23.046858,23.155981,23.309685,22.58055,21.756617,20.731434,20.878139,21.624038,21.061638,20.235948,18.756558
1267,20.883006,21.619411,22.344565,23.046858,23.155981,23.309685,22.58055,21.756617,20.731434,20.878139,21.624038,21.061638,20.235948,18.756558,18.506576
1268,21.619411,22.344565,23.046858,23.155981,23.309685,22.58055,21.756617,20.731434,20.878139,21.624038,21.061638,20.235948,18.756558,18.506576,19.097844
1269,22.344565,23.046858,23.155981,23.309685,22.58055,21.756617,20.731434,20.878139,21.624038,21.061638,20.235948,18.756558,18.506576,19.097844,18.947644
1270,23.046858,23.155981,23.309685,22.58055,21.756617,20.731434,20.878139,21.624038,21.061638,20.235948,18.756558,18.506576,19.097844,18.947644,18.576721
1271,23.155981,23.309685,22.58055,21.756617,20.731434,20.878139,21.624038,21.061638,20.235948,18.756558,18.506576,19.097844,18.947644,18.576721,17.893815
1272,23.309685,22.58055,21.756617,20.731434,20.878139,21.624038,21.061638,20.235948,18.756558,18.506576,19.097844,18.947644,18.576721,17.893815,17.489539
1273,22.58055,21.756617,20.731434,20.878139,21.624038,21.061638,20.235948,18.756558,18.506576,19.097844,18.947644,18.576721,17.893815,17.489539,18.647351
1274,21.756617,20.731434,20.878139,21.624038,21.061638,20.235948,18.756558,18.506576,19.097844,18.947644,18.576721,17.893815,17.489539,18.647351,18.097644
1275,20.731434,20.878139,21.624038,21.061638,20.235948,18.756558,18.506576,19.097844,18.947644,18.576721,17.893815,17.489539,18.647351,18.097644,18.907633
1276,20.878139,21.624038,21.061638,20.235948,18.756558,18.506576,19.097844,18.947644,18.576721,17.893815,17.489539,18.647351,18.097644,18.907633,19.404742
1277,21.624038,21.061638,20.235948,18.756558,18.506576,19.097844,18.947644,18.576721,17.893815,17.489539,18.647351,18.097644,18.907633,19.404742,18.007708
1278,21.061638,20.235948,18.756558,18.506576,19.097844,18.947644,18.576721,17.893815,17.489539,18.647351,18.097644,18.907633,19.404742,18.007708,17.546633
1279,20.235948,18.756558,18.506576,19.097844,18.947644,18.576721,17.893815,17.489539,18.647351,18.097644,18.907633,19.404742,18.007708,17.546633,16.992969
1280,18.756558,18.506576,19.097844,18.947644,18.576721,17.893815,17.489539,18.647351,18.097644,18.907633,19.404742,18.007708,17.546633,16.992969,16.73054
1281,18.506576,19.097844,18.947644,18.576721,17.893815,17.489539,18.647351,18.097644,18.907633,19.404742,18.007708,17.546633,16.992969,16.73054,16.813085
1282,19.097844,18.947644,18.576721,17.893815,17.489539,18.647351,18.097644,18.907633,19.404742,18.007708,17.546633,16.992969,16.73054,16.813085,16.557193
1283,18.947644,18.576721,17.893815,17.489539,18.647351,18.097644,18.907633,19.404742,18.007708,17.546633,16.992969,16.73054,16.813085,16.557193,16.191261
1284,18.576721,17.893815,17.489539,18.647351,18.097644,18.907633,19.404742,18.007708,17.546633,16.992969,16.73054,16.813085,16.557193,16.191261,16.027113
1285,17.893815,17.489539,18.647351,18.097644,18.907633,19.404742,18.007708,17.546633,16.992969,16.73054,16.813085,16.557193,16.191261,16.027113,15.346076
1286,17.489539,18.647351,18.097644,18.907633,19.404742,18.007708,17.546633,16.992969,16.73054,16.813085,16.557193,16.191261,16.027113,15.346076,15.898219
1287,18.647351,18.097644,18.907633,19.404742,18.007708,17.546633,16.992969,16.73054,16.813085,16.557193,16.191261,16.027113,15.346076,15.898219,16.385894
1288,18.097644,18.907633,19.404742,18.007708,17.546633,16.992969,16.73054,16.813085,16.557193,16.191261,16.027113,15.346076,15.898219,16.385894,16.92476
1289,18.907633,19.404742,18.007708,17.546633,16.992969,16.73054,16.813085,16.557193,16.191261,16.027113,15.346076,15.898219,16.385894,16.92476,16.904591
1290,19.404742,18.007708,17.546633,16.992969,16.73054,16.813085,16.557193,16.191261,16.027113,15.346076,15.898219,16.385894,16.92476,16.904591,17.202142
1291,18.007708,17.546633,16.992969,16.73054,16.813085,16.557193,16.191261,16.027113,15.346076,15.898219,16.385894,16.92476,16.904591,17.202142,17.985564
1292,17.546633,16.992969,16.73054,16.813085,16.557193,16.191261,16.027113,15.346076,15.898219,16.385894,16.92476,16.904591,17.202142,17.985564,16.904136
1293,16.992969,16.73054,16.813085,16.557193,16.191261,16.027113,15.346076,15.898219,16.385894,16.92476,16.904591,17.202142,17.985564,16.904136,16.185938
1294,16.73054,16.813085,16.557193,16.191261,16.027113,15.346076,15.898219,16.385894,16.92476,16.904591,17.202142,17.985564,16.904136,16.185938,18.460053
1295,16.813085,16.557193,16.191261,16.027113,15.346076,15.898219,16.385894,16.92476,16.904591,17.202142,17.985564,16.904136,16.185938,18.460053,16.759247
1296,16.557193,16.191261,16.027113,15.346076,15.898219,16.385894,16.92476,16.904591,17.202142,17.985564,16.904136,16.185938,18.460053,16.759247,17.994675
1297,16.191261,16.027113,15.346076,15.898219,16.385894,16.92476,16.904591,17.202142,17.985564,16.904136,16.185938,18.460053,16.759247,17.994675,18.614592
1298,16.027113,15.346076,15.898219,16.385894,16.92476,16.904591,17.202142,17.985564,16.904136,16.185938,18.460053,16.759247,17.994675,18.614592,18.015247
1299,15.346076,15.898219,16.385894,16.92476,16.904591,17.202142,17.985564,16.904136,16.185938,18.460053,16.759247,17.994675,18.614592,18.015247,18.290349
1300,15.898219,16.385894,16.92476,16.904591,17.202142,17.985564,16.904136,16.185938,18.460053,16.759247,17.994675,18.614592,18.015247,18.290349,19.22504
1301,16.385894,16.92476,16.904591,17.202142,17.985564,16.904136,16.185938,18.460053,16.759247,17.994675,18.614592,18.015247,18.290349,19.22504,18.804944
1302,16.92476,16.904591,17.202142,17.985564,16.904136,16.185938,18.460053,16.759247,17.994675,18.614592,18.015247,18.290349,19.22504,18.804944,18.034258
1303,16.904591,17.202142,17.985564,16.904136,16.185938,18.460053,16.759247,17.994675,18.614592,18.015247,18.290349,19.22504,18.804944,18.034258,19.85942
1304,17.202142,17.985564,16.904136,16.185938,18.460053,16.759247,17.994675,18.614592,18.015247,18.290349,19.22504,18.804944,18.034258,19.85942,19.176971
1305,17.985564,16.904136,16.185938,18.460053,16.759247,17.994675,18.614592,18.015247,18.290349,19.22504,18.804944,18.034258,19.85942,19.176971,25.566275
1306,16.904136,16.185938,18.460053,16.759247,17.994675,18.614592,18.015247,18.290349,19.22504,18.804944,18.034258,19.85942,19.176971,25.566275,22.349427
1307,16.185938,18.460053,16.759247,17.994675,18.614592,18.015247,18.290349,19.22504,18.804944,18.034258,19.85942,19.176971,25.566275,22.349427,22.174134
1308,18.460053,16.759247,17.994675,18.614592,18.015247,18.290349,19.22504,18.804944,18.034258,19.85942,19.176971,25.566275,22.349427,22.174134,21.885531
1309,16.759247,17.994675,18.614592,18.015247,18.290349,19.22504,18.804944,18.034258,19.85942,19.176971,25.566275,22.349427,22.174134,21.885531,21.772988
1310,17.994675,18.614592,18.015247,18.290349,19.22504,18.804944,18.034258,19.85942,19.176971,25.566275,22.349427,22.174134,21.885531,21.772988,25.554666
1311,18.614592,18.015247,18.290349,19.22504,18.804944,18.034258,19.85942,19.176971,25.566275,22.349427,22.174134,21.885531,21.772988,25.554666,23.282421
1312,18.015247,18.290349,19.22504,18.804944,18.034258,19.85942,19.176971,25.566275,22.349427,22.174134,21.885531,21.772988,25.554666,23.282421,23.308376
1313,18.290349,19.22504,18.804944,18.034258,19.85942,19.176971,25.566275,22.349427,22.174134,21.885531,21.772988,25.554666,23.282421,23.308376,23.378929
1314,19.22504,18.804944,18.034258,19.85942,19.176971,25.566275,22.349427,22.174134,21.885531,21.772988,25.554666,23.282421,23.308376,23.378929,23.275508
1315,18.804944,18.034258,19.85942,19.176971,25.566275,22.349427,22.174134,21.885531,21.772988,25.554666,23.282421,23.308376,23.378929,23.275508,21.905205
1316,18.034258,19.85942,19.176971,25.566275,22.349427,22.174134,21.885531,21.772988,25.554666,23.282421,23.308376,23.378929,23.275508,21.905205,19.638973
1317,19.85942,19.176971,25.566275,22.349427,22.174134,21.885531,21.772988,25.554666,23.282421,23.308376,23.378929,23.275508,21.905205,19.638973,19.509115
1318,19.176971,25.566275,22.349427,22.174134,21.885531,21.772988,25.554666,23.282421,23.308376,23.378929,23.275508,21.905205,19.638973,19.509115,20.074406
1319,25.566275,22.349427,22.174134,21.885531,21.772988,25.554666,23.282421,23.308376,23.378929,23.275508,21.905205,19.638973,19.509115,20.074406,18.350958
1320,22.349427,22.174134,21.885531,21.772988,25.554666,23.282421,23.308376,23.378929,23.275508,21.905205,19.638973,19.509115,20.074406,18.350958,19.319568
1321,22.174134,21.885531,21.772988,25.554666,23.282421,23.308376,23.378929,23.275508,21.905205,19.638973,19.509115,20.074406,18.350958,19.319568,19.224928
1322,21.885531,21.772988,25.554666,23.282421,23.308376,23.378929,23.275508,21.905205,19.638973,19.509115,20.074406,18.350958,19.319568,19.224928,20.196351
1323,21.772988,25.554666,23.282421,23.308376,23.378929,23.275508,21.905205,19.638973,19.509115,20.074406,18.350958,19.319568,19.224928,20.196351,16.004652
1324,25.554666,23.282421,23.308376,23.378929,23.275508,21.905205,19.638973,19.509115,20.074406,18.350958,19.319568,19.224928,20.196351,16.004652,17.983319
1325,23.282421,23.308376,23.378929,23.275508,21.905205,19.638973,19.509115,20.074406,18.350958,19.319568,19.224928,20.196351,16.004652,17.983319,19.421878
1326,23.308376,23.378929,23.275508,21.905205,19.638973,19.509115,20.074406,18.350958,19.319568,19.224928,20.196351,16.004652,17.983319,19.421878,16.197549
1327,23.378929,23.275508,21.905205,19.638973,19.509115,20.074406,18.350958,19.319568,19.224928,20.196351,16.004652,17.983319,19.421878,16.197549,21.10644
1328,23.275508,21.905205,19.638973,19.509115,20.074406,18.350958,19.319568,19.224928,20.196351,16.004652,17.983319,19.421878,16.197549,21.10644,17.621331
1329,21.905205,19.638973,19.509115,20.074406,18.350958,19.319568,19.224928,20.196351,16.004652,17.983319,19.421878,16.197549,21.10644,17.621331,19.934093
1330,19.638973,19.509115,20.074406,18.350958,19.319568,19.224928,20.196351,16.004652,17.983319,19.421878,16.197549,21.10644,17.621331,19.934093,15.888918
1331,19.509115,20.074406,18.350958,19.319568,19.224928,20.196351,16.004652,17.983319,19.421878,16.197549,21.10644,17.621331,19.934093,15.888918,14.240153
1332,20.074406,18.350958,19.319568,19.224928,20.196351,16.004652,17.983319,19.421878,16.197549,21.10644,17.621331,19.934093,15.888918,14.240153,16.086907
1333,18.350958,19.319568,19.224928,20.196351,16.004652,17.983319,19.421878,16.197549,21.10644,17.621331,19.934093,15.888918,14.240153,16.086907,15.086751
1334,19.319568,19.224928,20.196351,16.004652,17.983319,19.421878,16.197549,21.10644,17.621331,19.934093,15.888918,14.240153,16.086907,15.086751,17.976496
1335,19.224928,20.196351,16.004652,17.983319,19.421878,16.197549,21.10644,17.621331,19.934093,15.888918,14.240153,16.086907,15.086751,17.976496,18.008217
1336,20.196351,16.004652,17.983319,19.421878,16.197549,21.10644,17.621331,19.934093,15.888918,14.240153,16.086907,15.086751,17.976496,18.008217,16.825453
1337,16.004652,17.983319,19.421878,16.197549,21.10644,17.621331,19.934093,15.888918,14.240153,16.086907,15.086751,17.976496,18.008217,16.825453,20.687503
1338,17.983319,19.421878,16.197549,21.10644,17.621331,19.934093,15.888918,14.240153,16.086907,15.086751,17.976496,18.008217,16.825453,20.687503,20.331911
1339,19.421878,16.197549,21.10644,17.621331,19.934093,15.888918,14.240153,16.086907,15.086751,17.976496,18.008217,16.825453,20.687503,20.331911,20.427525
1340,16.197549,21.10644,17.621331,19.934093,15.888918,14.240153,16.086907,15.086751,17.976496,18.008217,16.825453,20.687503,20.331911,20.427525,16.017486
1341,21.10644,17.621331,19.934093,15.888918,14.240153,16.086907,15.086751,17.976496,18.008217,16.825453,20.687503,20.331911,20.427525,16.017486,22.967097
1342,17.621331,19.934093,15.888918,14.240153,16.086907,15.086751,17.976496,18.008217,16.825453,20.687503,20.331911,20.427525,16.017486,22.967097,19.874039
1343,19.934093,15.888918,14.240153,16.086907,15.086751,17.976496,18.008217,16.825453,20.687503,20.331911,20.427525,16.017486,22.967097,19.874039,21.760051
1344,15.888918,14.240153,16.086907,15.086751,17.976496,18.008217,16.825453,20.687503,20.331911,20.427525,16.017486,22.967097,19.874039,21.760051,20.862426
1345,14.240153,16.086907,15.086751,17.976496,18.008217,16.825453,20.687503,20.331911,20.427525,16.017486,22.967097,19.874039,21.760051,20.862426,20.809033
1346,16.086907,15.086751,17.976496,18.008217,16.825453,20.687503,20.331911,20.427525,16.017486,22.967097,19.874039,21.760051,20.862426,20.809033,19.530681
1347,15.086751,17.976496,18.008217,16.825453,20.687503,20.331911,20.427525,16.017486,22.967097,19.874039,21.760051,20.862426,20.809033,19.530681,20.669764
1348,17.976496,18.008217,16.825453,20.687503,20.331911,20.427525,16.017486,22.967097,19.874039,21.760051,20.862426,20.809033,19.530681,20.669764,16.612727
1349,18.008217,16.825453,20.687503,20.331911,20.427525,16.017486,22.967097,19.874039,21.760051,20.862426,20.809033,19.530681,20.669764,16.612727,17.539089
1350,16.825453,20.687503,20.331911,20.427525,16.017486,22.967097,19.874039,21.760051,20.862426,20.809033,19.530681,20.669764,16.612727,17.539089,17.152252
1351,20.687503,20.331911,20.427525,16.017486,22.967097,19.874039,21.760051,20.862426,20.809033,19.530681,20.669764,16.612727,17.539089,17.152252,18.567533
1352,20.331911,20.427525,16.017486,22.967097,19.874039,21.760051,20.862426,20.809033,19.530681,20.669764,16.612727,17.539089,17.152252,18.567533,15.439262
1353,20.427525,16.017486,22.967097,19.874039,21.760051,20.862426,20.809033,19.530681,20.669764,16.612727,17.539089,17.152252,18.567533,15.439262,19.420166
1354,16.017486,22.967097,19.874039,21.760051,20.862426,20.809033,19.530681,20.669764,16.612727,17.539089,17.152252,18.567533,15.439262,19.420166,17.32609
1355,22.967097,19.874039,21.760051,20.862426,20.809033,19.530681,20.669764,16.612727,17.539089,17.152252,18.567533,15.439262,19.420166,17.32609,16.817689
1356,19.874039,21.760051,20.862426,20.809033,19.530681,20.669764,16.612727,17.539089,17.152252,18.567533,15.439262,19.420166,17.32609,16.817689,18.444433
1357,21.760051,20.862426,20.809033,19.530681,20.669764,16.612727,17.539089,17.152252,18.567533,15.439262,19.420166,17.32609,16.817689,18.444433,19.198608
1358,20.862426,20.809033,19.530681,20.669764,16.612727,17.539089,17.152252,18.567533,15.439262,19.420166,17.32609,16.817689,18.444433,19.198608,20.300037
1359,20.809033,19.530681,20.669764,16.612727,17.539089,17.152252,18.567533,15.439262,19.420166,17.32609,16.817689,18.444433,19.198608,20.300037,19.600251
1360,19.530681,20.669764,16.612727,17.539089,17.152252,18.567533,15.439262,19.420166,17.32609,16.817689,18.444433,19.198608,20.300037,19.600251,20.221409
1361,20.669764,16.612727,17.539089,17.152252,18.567533,15.439262,19.420166,17.32609,16.817689,18.444433,19.198608,20.300037,19.600251,20.221409,17.696058
1362,16.612727,17.539089,17.152252,18.567533,15.439262,19.420166,17.32609,16.817689,18.444433,19.198608,20.300037,19.600251,20.221409,17.696058,16.518264
1363,17.539089,17.152252,18.567533,15.439262,19.420166,17.32609,16.817689,18.444433,19.198608,20.300037,19.600251,20.221409,17.696058,16.518264,13.775058
1364,17.152252,18.567533,15.439262,19.420166,17.32609,16.817689,18.444433,19.198608,20.300037,19.600251,20.221409,17.696058,16.518264,13.775058,19.824058
1365,18.567533,15.439262,19.420166,17.32609,16.817689,18.444433,19.198608,20.300037,19.600251,20.221409,17.696058,16.518264,13.775058,19.824058,18.279378
1366,15.439262,19.420166,17.32609,16.817689,18.444433,19.198608,20.300037,19.600251,20.221409,17.696058,16.518264,13.775058,19.824058,18.279378,17.947451
1367,19.420166,17.32609,16.817689,18.444433,19.198608,20.300037,19.600251,20.221409,17.696058,16.518264,13.775058,19.824058,18.279378,17.947451,17.692854
1368,17.32609,16.817689,18.444433,19.198608,20.300037,19.600251,20.221409,17.696058,16.518264,13.775058,19.824058,18.279378,17.947451,17.692854,19.4735
1369,16.817689,18.444433,19.198608,20.300037,19.600251,20.221409,17.696058,16.518264,13.775058,19.824058,18.279378,17.947451,17.692854,19.4735,15.544532
1370,18.444433,19.198608,20.300037,19.600251,20.221409,17.696058,16.518264,13.775058,19.824058,18.279378,17.947451,17.692854,19.4735,15.544532,17.233054
1371,19.198608,20.300037,19.600251,20.221409,17.696058,16.518264,13.775058,19.824058,18.279378,17.947451,17.692854,19.4735,15.544532,17.233054,19.345696
1372,20.300037,19.600251,20.221409,17.696058,16.518264,13.775058,19.824058,18.279378,17.947451,17.692854,19.4735,15.544532,17.233054,19.345696,18.779947
1373,19.600251,20.221409,17.696058,16.518264,13.775058,19.824058,18.279378,17.947451,17.692854,19.4735,15.544532,17.233054,19.345696,18.779947,14.411535
1374,20.221409,17.696058,16.518264,13.775058,19.824058,18.279378,17.947451,17.692854,19.4735,15.544532,17.233054,19.345696,18.779947,14.411535,14.219036
1375,17.696058,16.518264,13.775058,19.824058,18.279378,17.947451,17.692854,19.4735,15.544532,17.233054,19.345696,18.779947,14.411535,14.219036,13.71792
1376,16.518264,13.775058,19.824058,18.279378,17.947451,17.692854,19.4735,15.544532,17.233054,19.345696,18.779947,14.411535,14.219036,13.71792,13.524191
1377,13.775058,19.824058,18.279378,17.947451,17.692854,19.4735,15.544532,17.233054,19.345696,18.779947,14.411535,14.219036,13.71792,13.524191,12.703501
1378,19.824058,18.279378,17.947451,17.692854,19.4735,15.544532,17.233054,19.345696,18.779947,14.411535,14.219036,13.71792,13.524191,12.703501,17.011288
1379,18.279378,17.947451,17.692854,19.4735,15.544532,17.233054,19.345696,18.779947,14.411535,14.219036,13.71792,13.524191,12.703501,17.011288,12.475531
1380,17.947451,17.692854,19.4735,15.544532,17.233054,19.345696,18.779947,14.411535,14.219036,13.71792,13.524191,12.703501,17.011288,12.475531,14.983836
1381,17.692854,19.4735,15.544532,17.233054,19.345696,18.779947,14.411535,14.219036,13.71792,13.524191,12.703501,17.011288,12.475531,14.983836,18.790439
1382,19.4735,15.544532,17.233054,19.345696,18.779947,14.411535,14.219036,13.71792,13.524191,12.703501,17.011288,12.475531,14.983836,18.790439,18.760011
1383,15.544532,17.233054,19.345696,18.779947,14.411535,14.219036,13.71792,13.524191,12.703501,17.011288,12.475531,14.983836,18.790439,18.760011,15.132622
1384,17.233054,19.345696,18.779947,14.411535,14.219036,13.71792,13.524191,12.703501,17.011288,12.475531,14.983836,18.790439,18.760011,15.132622,13.082529
1385,19.345696,18.779947,14.411535,14.219036,13.71792,13.524191,12.703501,17.011288,12.475531,14.983836,18.790439,18.760011,15.132622,13.082529,13.715479
1386,18.779947,14.411535,14.219036,13.71792,13.524191,12.703501,17.011288,12.475531,14.983836,18.790439,18.760011,15.132622,13.082529,13.715479,15.629197
1387,14.411535,14.219036,13.71792,13.524191,12.703501,17.011288,12.475531,14.983836,18.790439,18.760011,15.132622,13.082529,13.715479,15.629197,15.2205
1388,14.219036,13.71792,13.524191,12.703501,17.011288,12.475531,14.983836,18.790439,18.760011,15.132622,13.082529,13.715479,15.629197,15.2205,14.505433
1389,13.71792,13.524191,12.703501,17.011288,12.475531,14.983836,18.790439,18.760011,15.132622,13.082529,13.715479,15.629197,15.2205,14.505433,13.031986
1390,13.524191,12.703501,17.011288,12.475531,14.983836,18.790439,18.760011,15.132622,13.082529,13.715479,15.629197,15.2205,14.505433,13.031986,16.539035
1391,12.703501,17.011288,12.475531,14.983836,18.790439,18.760011,15.132622,13.082529,13.715479,15.629197,15.2205,14.505433,13.031986,16.539035,14.485956
1392,17.011288,12.475531,14.983836,18.790439,18.760011,15.132622,13.082529,13.715479,15.629197,15.2205,14.505433,13.031986,16.539035,14.485956,17.751866
1393,12.475531,14.983836,18.790439,18.760011,15.132622,13.082529,13.715479,15.629197,15.2205,14.505433,13.031986,16.539035,14.485956,17.751866,16.330955
1394,14.983836,18.790439,18.760011,15.132622,13.082529,13.715479,15.629197,15.2205,14.505433,13.031986,16.539035,14.485956,17.751866,16.330955,15.633289
1395,18.790439,18.760011,15.132622,13.082529,13.715479,15.629197,15.2205,14.505433,13.031986,16.539035,14.485956,17.751866,16.330955,15.633289,14.640616
1396,18.760011,15.132622,13.082529,13.715479,15.629197,15.2205,14.505433,13.031986,16.539035,14.485956,17.751866,16.330955,15.633289,14.640616,18.713951
1397,15.132622,13.082529,13.715479,15.629197,15.2205,14.505433,13.031986,16.539035,14.485956,17.751866,16.330955,15.633289,14.640616,18.713951,16.08363
1398,13.082529,13.715479,15.629197,15.2205,14.505433,13.031986,16.539035,14.485956,17.751866,16.330955,15.633289,14.640616,18.713951,16.08363,17.412554
1399,13.715479,15.629197,15.2205,14.505433,13.031986,16.539035,14.485956,17.751866,16.330955,15.633289,14.640616,18.713951,16.08363,17.412554,16.966139
1400,15.629197,15.2205,14.505433,13.031986,16.539035,14.485956,17.751866,16.330955,15.633289,14.640616,18.713951,16.08363,17.412554,16.966139,16.29468
1401,15.2205,14.505433,13.031986,16.539035,14.485956,17.751866,16.330955,15.633289,14.640616,18.713951,16.08363,17.412554,16.966139,16.29468,16.077692
1402,14.505433,13.031986,16.539035,14.485956,17.751866,16.330955,15.633289,14.640616,18.713951,16.08363,17.412554,16.966139,16.29468,16.077692,14.990939
1403,13.031986,16.539035,14.485956,17.751866,16.330955,15.633289,14.640616,18.713951,16.08363,17.412554,16.966139,16.29468,16.077692,14.990939,16.819295
1404,16.539035,14.485956,17.751866,16.330955,15.633289,14.640616,18.713951,16.08363,17.412554,16.966139,16.29468,16.077692,14.990939,16.819295,14.958846
1405,14.485956,17.751866,16.330955,15.633289,14.640616,18.713951,16.08363,17.412554,16.966139,16.29468,16.077692,14.990939,16.819295,14.958846,17.38371
1406,17.751866,16.330955,15.633289,14.640616,18.713951,16.08363,17.412554,16.966139,16.29468,16.077692,14.990939,16.819295,14.958846,17.38371,16.607977
1407,16.330955,15.633289,14.640616,18.713951,16.08363,17.412554,16.966139,16.29468,16.077692,14.990939,16.819295,14.958846,17.38371,16.607977,14.698171
1408,15.633289,14.640616,18.713951,16.08363,17.412554,16.966139,16.29468,16.077692,14.990939,16.819295,14.958846,17.38371,16.607977,14.698171,15.051168
1409,14.640616,18.713951,16.08363,17.412554,16.966139,16.29468,16.077692,14.990939,16.819295,14.958846,17.38371,16.607977,14.698171,15.051168,16.520398
1410,18.713951,16.08363,17.412554,16.966139,16.29468,16.077692,14.990939,16.819295,14.958846,17.38371,16.607977,14.698171,15.051168,16.520398,16.955958
1411,16.08363,17.412554,16.966139,16.29468,16.077692,14.990939,16.819295,14.958846,17.38371,16.607977,14.698171,15.051168,16.520398,16.955958,14.682686
1412,17.412554,16.966139,16.29468,16.077692,14.990939,16.819295,14.958846,17.38371,16.607977,14.698171,15.051168,16.520398,16.955958,14.682686,15.323376
1413,16.966139,16.29468,16.077692,14.990939,16.819295,14.958846,17.38371,16.607977,14.698171,15.051168,16.520398,16.955958,14.682686,15.323376,15.875397
1414,16.29468,16.077692,14.990939,16.819295,14.958846,17.38371,16.607977,14.698171,15.051168,16.520398,16.955958,14.682686,15.323376,15.875397,14.191273
1415,16.077692,14.990939,16.819295,14.958846,17.38371,16.607977,14.698171,15.051168,16.520398,16.955958,14.682686,15.323376,15.875397,14.191273,19.022676
1416,14.990939,16.819295,14.958846,17.38371,16.607977,14.698171,15.051168,16.520398,16.955958,14.682686,15.323376,15.875397,14.191273,19.022676,15.380325
1417,16.819295,14.958846,17.38371,16.607977,14.698171,15.051168,16.520398,16.955958,14.682686,15.323376,15.875397,14.191273,19.022676,15.380325,16.353878
1418,14.958846,17.38371,16.607977,14.698171,15.051168,16.520398,16.955958,14.682686,15.323376,15.875397,14.191273,19.022676,15.380325,16.353878,17.550311
1419,17.38371,16.607977,14.698171,15.051168,16.520398,16.955958,14.682686,15.323376,15.875397,14.191273,19.022676,15.380325,16.353878,17.550311,15.946004
1420,16.607977,14.698171,15.051168,16.520398,16.955958,14.682686,15.323376,15.875397,14.191273,19.022676,15.380325,16.353878,17.550311,15.946004,16.787289
1421,14.698171,15.051168,16.520398,16.955958,14.682686,15.323376,15.875397,14.191273,19.022676,15.380325,16.353878,17.550311,15.946004,16.787289,14.972812
1422,15.051168,16.520398,16.955958,14.682686,15.323376,15.875397,14.191273,19.022676,15.380325,16.353878,17.550311,15.946004,16.787289,14.972812,17.515058
1423,16.520398,16.955958,14.682686,15.323376,15.875397,14.191273,19.022676,15.380325,16.353878,17.550311,15.946004,16.787289,14.972812,17.515058,14.633713
1424,16.955958,14.682686,15.323376,15.875397,14.191273,19.022676,15.380325,16.353878,17.550311,15.946004,16.787289,14.972812,17.515058,14.633713,16.285357
1425,14.682686,15.323376,15.875397,14.191273,19.022676,15.380325,16.353878,17.550311,15.946004,16.787289,14.972812,17.515058,14.633713,16.285357,15.713178
1426,15.323376,15.875397,14.191273,19.022676,15.380325,16.353878,17.550311,15.946004,16.787289,14.972812,17.515058,14.633713,16.285357,15.713178,14.777257
1427,15.875397,14.191273,19.022676,15.380325,16.353878,17.550311,15.946004,16.787289,14.972812,17.515058,14.633713,16.285357,15.713178,14.777257,15.8997
1428,14.191273,19.022676,15.380325,16.353878,17.550311,15.946004,16.787289,14.972812,17.515058,14.633713,16.285357,15.713178,14.777257,15.8997,17.629268
1429,19.022676,15.380325,16.353878,17.550311,15.946004,16.787289,14.972812,17.515058,14.633713,16.285357,15.713178,14.777257,15.8997,17.629268,16.471435
1430,15.380325,16.353878,17.550311,15.946004,16.787289,14.972812,17.515058,14.633713,16.285357,15.713178,14.777257,15.8997,17.629268,16.471435,19.372785
1431,16.353878,17.550311,15.946004,16.787289,14.972812,17.515058,14.633713,16.285357,15.713178,14.777257,15.8997,17.629268,16.471435,19.372785,21.379856
1432,17.550311,15.946004,16.787289,14.972812,17.515058,14.633713,16.285357,15.713178,14.777257,15.8997,17.629268,16.471435,19.372785,21.379856,21.160862
1433,15.946004,16.787289,14.972812,17.515058,14.633713,16.285357,15.713178,14.777257,15.8997,17.629268,16.471435,19.372785,21.379856,21.160862,21.71312
1434,16.787289,14.972812,17.515058,14.633713,16.285357,15.713178,14.777257,15.8997,17.629268,16.471435,19.372785,21.379856,21.160862,21.71312,22.380073
1435,14.972812,17.515058,14.633713,16.285357,15.713178,14.777257,15.8997,17.629268,16.471435,19.372785,21.379856,21.160862,21.71312,22.380073,21.595128
1436,17.515058,14.633713,16.285357,15.713178,14.777257,15.8997,17.629268,16.471435,19.372785,21.379856,21.160862,21.71312,22.380073,21.595128,18.694528
1437,14.633713,16.285357,15.713178,14.777257,15.8997,17.629268,16.471435,19.372785,21.379856,21.160862,21.71312,22.380073,21.595128,18.694528,17.082688
1438,16.285357,15.713178,14.777257,15.8997,17.629268,16.471435,19.372785,21.379856,21.160862,21.71312,22.380073,21.595128,18.694528,17.082688,18.429504
1439,15.713178,14.777257,15.8997,17.629268,16.471435,19.372785,21.379856,21.160862,21.71312,22.380073,21.595128,18.694528,17.082688,18.429504,23.250425
1440,14.777257,15.8997,17.629268,16.471435,19.372785,21.379856,21.160862,21.71312,22.380073,21.595128,18.694528,17.082688,18.429504,23.250425,22.289726
1441,15.8997,17.629268,16.471435,19.372785,21.379856,21.160862,21.71312,22.380073,21.595128,18.694528,17.082688,18.429504,23.250425,22.289726,19.007357
1442,17.629268,16.471435,19.372785,21.379856,21.160862,21.71312,22.380073,21.595128,18.694528,17.082688,18.429504,23.250425,22.289726,19.007357,21.499294
1443,16.471435,19.372785,21.379856,21.160862,21.71312,22.380073,21.595128,18.694528,17.082688,18.429504,23.250425,22.289726,19.007357,21.499294,21.93591
1444,19.372785,21.379856,21.160862,21.71312,22.380073,21.595128,18.694528,17.082688,18.429504,23.250425,22.289726,19.007357,21.499294,21.93591,20.486354
1445,21.379856,21.160862,21.71312,22.380073,21.595128,18.694528,17.082688,18.429504,23.250425,22.289726,19.007357,21.499294,21.93591,20.486354,19.412618
1446,21.160862,21.71312,22.380073,21.595128,18.694528,17.082688,18.429504,23.250425,22.289726,19.007357,21.499294,21.93591,20.486354,19.412618,24.108928
1447,21.71312,22.380073,21.595128,18.694528,17.082688,18.429504,23.250425,22.289726,19.007357,21.499294,21.93591,20.486354,19.412618,24.108928,23.006548
1448,22.380073,21.595128,18.694528,17.082688,18.429504,23.250425,22.289726,19.007357,21.499294,21.93591,20.486354,19.412618,24.108928,23.006548,28.84278
1449,21.595128,18.694528,17.082688,18.429504,23.250425,22.289726,19.007357,21.499294,21.93591,20.486354,19.412618,24.108928,23.006548,28.84278,28.249678
1450,18.694528,17.082688,18.429504,23.250425,22.289726,19.007357,21.499294,21.93591,20.486354,19.412618,24.108928,23.006548,28.84278,28.249678,32.280014
1451,17.082688,18.429504,23.250425,22.289726,19.007357,21.499294,21.93591,20.486354,19.412618,24.108928,23.006548,28.84278,28.249678,32.280014,32.370584
1452,18.429504,23.250425,22.289726,19.007357,21.499294,21.93591,20.486354,19.412618,24.108928,23.006548,28.84278,28.249678,32.280014,32.370584,28.740958
1453,23.250425,22.289726,19.007357,21.499294,21.93591,20.486354,19.412618,24.108928,23.006548,28.84278,28.249678,32.280014,32.370584,28.740958,34.989067
1454,22.289726,19.007357,21.499294,21.93591,20.486354,19.412618,24.108928,23.006548,28.84278,28.249678,32.280014,32.370584,28.740958,34.989067,34.594933
1455,19.007357,21.499294,21.93591,20.486354,19.412618,24.108928,23.006548,28.84278,28.249678,32.280014,32.370584,28.740958,34.989067,34.594933,34.172522
1456,21.499294,21.93591,20.486354,19.412618,24.108928,23.006548,28.84278,28.249678,32.280014,32.370584,28.740958,34.989067,34.594933,34.172522,29.361367
1457,21.93591,20.486354,19.412618,24.108928,23.006548,28.84278,28.249678,32.280014,32.370584,28.740958,34.989067,34.594933,34.172522,29.361367,31.027928
1458,20.486354,19.412618,24.108928,23.006548,28.84278,28.249678,32.280014,32.370584,28.740958,34.989067,34.594933,34.172522,29.361367,31.027928,29.81241
1459,19.412618,24.108928,23.006548,28.84278,28.249678,32.280014,32.370584,28.740958,34.989067,34.594933,34.172522,29.361367,31.027928,29.81241,28.382695
1460,24.108928,23.006548,28.84278,28.249678,32.280014,32.370584,28.740958,34.989067,34.594933,34.172522,29.361367,31.027928,29.81241,28.382695,28.285149
1461,23.006548,28.84278,28.249678,32.280014,32.370584,28.740958,34.989067,34.594933,34.172522,29.361367,31.027928,29.81241,28.382695,28.285149,28.37235
1462,28.84278,28.249678,32.280014,32.370584,28.740958,34.989067,34.594933,34.172522,29.361367,31.027928,29.81241,28.382695,28.285149,28.37235,27.78917
1463,28.249678,32.280014,32.370584,28.740958,34.989067,34.594933,34.172522,29.361367,31.027928,29.81241,28.382695,28.285149,28.37235,27.78917,28.631835
1464,32.280014,32.370584,28.740958,34.989067,34.594933,34.172522,29.361367,31.027928,29.81241,28.382695,28.285149,28.37235,27.78917,28.631835,31.056493
1465,32.370584,28.740958,34.989067,34.594933,34.172522,29.361367,31.027928,29.81241,28.382695,28.285149,28.37235,27.78917,28.631835,31.056493,33.811617
1466,28.740958,34.989067,34.594933,34.172522,29.361367,31.027928,29.81241,28.382695,28.285149,28.37235,27.78917,28.631835,31.056493,33.811617,26.936592
1467,34.989067,34.594933,34.172522,29.361367,31.027928,29.81241,28.382695,28.285149,28.37235,27.78917,28.631835,31.056493,33.811617,26.936592,26.422507
1468,34.594933,34.172522,29.361367,31.027928,29.81241,28.382695,28.285149,28.37235,27.78917,28.631835,31.056493,33.811617,26.936592,26.422507,27.845579
1469,34.172522,29.361367,31.027928,29.81241,28.382695,28.285149,28.37235,27.78917,28.631835,31.056493,33.811617,26.936592,26.422507,27.845579,25.761663
1470,29.361367,31.027928,29.81241,28.382695,28.285149,28.37235,27.78917,28.631835,31.056493,33.811617,26.936592,26.422507,27.845579,25.761663,27.320705
1471,31.027928,29.81241,28.382695,28.285149,28.37235,27.78917,28.631835,31.056493,33.811617,26.936592,26.422507,27.845579,25.761663,27.320705,29.002255
1472,29.81241,28.382695,28.285149,28.37235,27.78917,28.631835,31.056493,33.811617,26.936592,26.422507,27.845579,25.761663,27.320705,29.002255,25.935601
1473,28.382695,28.285149,28.37235,27.78917,28.631835,31.056493,33.811617,26.936592,26.422507,27.845579,25.761663,27.320705,29.002255,25.935601,27.283959
1474,28.285149,28.37235,27.78917,28.631835,31.056493,33.811617,26.936592,26.422507,27.845579,25.761663,27.320705,29.002255,25.935601,27.283959,27.186324
1475,28.37235,27.78917,28.631835,31.056493,33.811617,26.936592,26.422507,27.845579,25.761663,27.320705,29.002255,25.935601,27.283959,27.186324,28.947436
1476,27.78917,28.631835,31.056493,33.811617,26.936592,26.422507,27.845579,25.761663,27.320705,29.002255,25.935601,27.283959,27.186324,28.947436,27.885253
1477,28.631835,31.056493,33.811617,26.936592,26.422507,27.845579,25.761663,27.320705,29.002255,25.935601,27.283959,27.186324,28.947436,27.885253,26.071203
1478,31.056493,33.811617,26.936592,26.422507,27.845579,25.761663,27.320705,29.002255,25.935601,27.283959,27.186324,28.947436,27.885253,26.071203,28.211198
1479,33.811617,26.936592,26.422507,27.845579,25.761663,27.320705,29.002255,25.935601,27.283959,27.186324,28.947436,27.885253,26.071203,28.211198,27.356001
1480,26.936592,26.422507,27.845579,25.761663,27.320705,29.002255,25.935601,27.283959,27.186324,28.947436,27.885253,26.071203,28.211198,27.356001,25.802894
1481,26.422507,27.845579,25.761663,27.320705,29.002255,25.935601,27.283959,27.186324,28.947436,27.885253,26.071203,28.211198,27.356001,25.802894,29.423108
1482,27.845579,25.761663,27.320705,29.002255,25.935601,27.283959,27.186324,28.947436,27.885253,26.071203,28.211198,27.356001,25.802894,29.423108,31.230248
1483,25.761663,27.320705,29.002255,25.935601,27.283959,27.186324,28.947436,27.885253,26.071203,28.211198,27.356001,25.802894,29.423108,31.230248,29.333161
1484,27.320705,29.002255,25.935601,27.283959,27.186324,28.947436,27.885253,26.071203,28.211198,27.356001,25.802894,29.423108,31.230248,29.333161,29.403143
1485,29.002255,25.935601,27.283959,27.186324,28.947436,27.885253,26.071203,28.211198,27.356001,25.802894,29.423108,31.230248,29.333161,29.403143,30.481892
1486,25.935601,27.283959,27.186324,28.947436,27.885253,26.071203,28.211198,27.356001,25.802894,29.423108,31.230248,29.333161,29.403143,30.481892,30.888091
1487,27.283959,27.186324,28.947436,27.885253,26.071203,28.211198,27.356001,25.802894,29.423108,31.230248,29.333161,29.403143,30.481892,30.888091,28.328542
1488,27.186324,28.947436,27.885253,26.071203,28.211198,27.356001,25.802894,29.423108,31.230248,29.333161,29.403143,30.481892,30.888091,28.328542,29.505654
1489,28.947436,27.885253,26.071203,28.211198,27.356001,25.802894,29.423108,31.230248,29.333161,29.403143,30.481892,30.888091,28.328542,29.505654,30.482929
1490,27.885253,26.071203,28.211198,27.356001,25.802894,29.423108,31.230248,29.333161,29.403143,30.481892,30.888091,28.328542,29.505654,30.482929,32.42088
1491,26.071203,28.211198,27.356001,25.802894,29.423108,31.230248,29.333161,29.403143,30.481892,30.888091,28.328542,29.505654,30.482929,32.42088,33.282051
1492,28.211198,27.356001,25.802894,29.423108,31.230248,29.333161,29.403143,30.481892,30.888091,28.328542,29.505654,30.482929,32.42088,33.282051,33.178002
1493,27.356001,25.802894,29.423108,31.230248,29.333161,29.403143,30.481892,30.888091,28.328542,29.505654,30.482929,32.42088,33.282051,33.178002,30.77104
1494,25.802894,29.423108,31.230248,29.333161,29.403143,30.481892,30.888091,28.328542,29.505654,30.482929,32.42088,33.282051,33.178002,30.77104,33.594166
1495,29.423108,31.230248,29.333161,29.403143,30.481892,30.888091,28.328542,29.505654,30.482929,32.42088,33.282051,33.178002,30.77104,33.594166,32.801095
1496,31.230248,29.333161,29.403143,30.481892,30.888091,28.328542,29.505654,30.482929,32.42088,33.282051,33.178002,30.77104,33.594166,32.801095,32.775288
1497,29.333161,29.403143,30.481892,30.888091,28.328542,29.505654,30.482929,32.42088,33.282051,33.178002,30.77104,33.594166,32.801095,32.775288,32.311434
1498,29.403143,30.481892,30.888091,28.328542,29.505654,30.482929,32.42088,33.282051,33.178002,30.77104,33.594166,32.801095,32.775288,32.311434,29.089025
1499,30.481892,30.888091,28.328542,29.505654,30.482929,32.42088,33.282051,33.178002,30.77104,33.594166,32.801095,32.775288,32.311434,29.089025,32.008162
1500,30.888091,28.328542,29.505654,30.482929,32.42088,33.282051,33.178002,30.77104,33.594166,32.801095,32.775288,32.311434,29.089025,32.008162,28.911489
1501,28.328542,29.505654,30.482929,32.42088,33.282051,33.178002,30.77104,33.594166,32.801095,32.775288,32.311434,29.089025,32.008162,28.911489,29.223372
1502,29.505654,30.482929,32.42088,33.282051,33.178002,30.77104,33.594166,32.801095,32.775288,32.311434,29.089025,32.008162,28.911489,29.223372,28.324671
1503,30.482929,32.42088,33.282051,33.178002,30.77104,33.594166,32.801095,32.775288,32.311434,29.089025,32.008162,28.911489,29.223372,28.324671,27.304371
1504,32.42088,33.282051,33.178002,30.77104,33.594166,32.801095,32.775288,32.311434,29.089025,32.008162,28.911489,29.223372,28.324671,27.304371,27.428085
1505,33.282051,33.178002,30.77104,33.594166,32.801095,32.775288,32.311434,29.089025,32.008162,28.911489,29.223372,28.324671,27.304371,27.428085,29.044919
1506,33.178002,30.77104,33.594166,32.801095,32.775288,32.311434,29.089025,32.008162,28.911489,29.223372,28.324671,27.304371,27.428085,29.044919,28.196453
1507,30.77104,33.594166,32.801095,32.775288,32.311434,29.089025,32.008162,28.911489,29.223372,28.324671,27.304371,27.428085,29.044919,28.196453,28.110906
1508,33.594166,32.801095,32.775288,32.311434,29.089025,32.008162,28.911489,29.223372,28.324671,27.304371,27.428085,29.044919,28.196453,28.110906,29.392323
1509,32.801095,32.775288,32.311434,29.089025,32.008162,28.911489,29.223372,28.324671,27.304371,27.428085,29.044919,28.196453,28.110906,29.392323,29.682092
1510,32.775288,32.311434,29.089025,32.008162,28.911489,29.223372,28.324671,27.304371,27.428085,29.044919,28.196453,28.110906,29.392323,29.682092,29.602217
1511,32.311434,29.089025,32.008162,28.911489,29.223372,28.324671,27.304371,27.428085,29.044919,28.196453,28.110906,29.392323,29.682092,29.602217,30.368756
1512,29.089025,32.008162,28.911489,29.223372,28.324671,27.304371,27.428085,29.044919,28.196453,28.110906,29.392323,29.682092,29.602217,30.368756,28.213936
1513,32.008162,28.911489,29.223372,28.324671,27.304371,27.428085,29.044919,28.196453,28.110906,29.392323,29.682092,29.602217,30.368756,28.213936,27.069355
1514,28.911489,29.223372,28.324671,27.304371,27.428085,29.044919,28.196453,28.110906,29.392323,29.682092,29.602217,30.368756,28.213936,27.069355,27.707598
1515,29.223372,28.324671,27.304371,27.428085,29.044919,28.196453,28.110906,29.392323,29.682092,29.602217,30.368756,28.213936,27.069355,27.707598,25.728222
1516,28.324671,27.304371,27.428085,29.044919,28.196453,28.110906,29.392323,29.682092,29.602217,30.368756,28.213936,27.069355,27.707598,25.728222,26.81688
1517,27.304371,27.428085,29.044919,28.196453,28.110906,29.392323,29.682092,29.602217,30.368756,28.213936,27.069355,27.707598,25.728222,26.81688,27.269745
1518,27.428085,29.044919,28.196453,28.110906,29.392323,29.682092,29.602217,30.368756,28.213936,27.069355,27.707598,25.728222,26.81688,27.269745,27.052388
1519,29.044919,28.196453,28.110906,29.392323,29.682092,29.602217,30.368756,28.213936,27.069355,27.707598,25.728222,26.81688,27.269745,27.052388,26.520656
1520,28.196453,28.110906,29.392323,29.682092,29.602217,30.368756,28.213936,27.069355,27.707598,25.728222,26.81688,27.269745,27.052388,26.520656,26.779171
1521,28.110906,29.392323,29.682092,29.602217,30.368756,28.213936,27.069355,27.707598,25.728222,26.81688,27.269745,27.052388,26.520656,26.779171,26.14426
1522,29.392323,29.682092,29.602217,30.368756,28.213936,27.069355,27.707598,25.728222,26.81688,27.269745,27.052388,26.520656,26.779171,26.14426,25.684995
1523,29.682092,29.602217,30.368756,28.213936,27.069355,27.707598,25.728222,26.81688,27.269745,27.052388,26.520656,26.779171,26.14426,25.684995,26.182236
1524,29.602217,30.368756,28.213936,27.069355,27.707598,25.728222,26.81688,27.269745,27.052388,26.520656,26.779171,26.14426,25.684995,26.182236,27.491403
1525,30.368756,28.213936,27.069355,27.707598,25.728222,26.81688,27.269745,27.052388,26.520656,26.779171,26.14426,25.684995,26.182236,27.491403,26.422826
1526,28.213936,27.069355,27.707598,25.728222,26.81688,27.269745,27.052388,26.520656,26.779171,26.14426,25.684995,26.182236,27.491403,26.422826,24.372137
1527,27.069355,27.707598,25.728222,26.81688,27.269745,27.052388,26.520656,26.779171,26.14426,25.684995,26.182236,27.491403,26.422826,24.372137,24.890961
1528,27.707598,25.728222,26.81688,27.269745,27.052388,26.520656,26.779171,26.14426,25.684995,26.182236,27.491403,26.422826,24.372137,24.890961,25.463622
1529,25.728222,26.81688,27.269745,27.052388,26.520656,26.779171,26.14426,25.684995,26.182236,27.491403,26.422826,24.372137,24.890961,25.463622,25.347616
1530,26.81688,27.269745,27.052388,26.520656,26.779171,26.14426,25.684995,26.182236,27.491403,26.422826,24.372137,24.890961,25.463622,25.347616,23.740724
1531,27.269745,27.052388,26.520656,26.779171,26.14426,25.684995,26.182236,27.491403,26.422826,24.372137,24.890961,25.463622,25.347616,23.740724,23.202486
1532,27.052388,26.520656,26.779171,26.14426,25.684995,26.182236,27.491403,26.422826,24.372137,24.890961,25.463622,25.347616,23.740724,23.202486,22.598187
1533,26.520656,26.779171,26.14426,25.684995,26.182236,27.491403,26.422826,24.372137,24.890961,25.463622,25.347616,23.740724,23.202486,22.598187,22.180515
1534,26.779171,26.14426,25.684995,26.182236,27.491403,26.422826,24.372137,24.890961,25.463622,25.347616,23.740724,23.202486,22.598187,22.180515,22.641148
1535,26.14426,25.684995,26.182236,27.491403,26.422826,24.372137,24.890961,25.463622,25.347616,23.740724,23.202486,22.598187,22.180515,22.641148,22.567431
1536,25.684995,26.182236,27.491403,26.422826,24.372137,24.890961,25.463622,25.347616,23.740724,23.202486,22.598187,22.180515,22.641148,22.567431,23.322343
1537,26.182236,27.491403,26.422826,24.372137,24.890961,25.463622,25.347616,23.740724,23.202486,22.598187,22.180515,22.641148,22.567431,23.322343,22.023272
1538,27.491403,26.422826,24.372137,24.890961,25.463622,25.347616,23.740724,23.202486,22.598187,22.180515,22.641148,22.567431,23.322343,22.023272,21.573861
1539,26.422826,24.372137,24.890961,25.463622,25.347616,23.740724,23.202486,22.598187,22.180515,22.641148,22.567431,23.322343,22.023272,21.573861,20.603799
1540,24.372137,24.890961,25.463622,25.347616,23.740724,23.202486,22.598187,22.180515,22.641148,22.567431,23.322343,22.023272,21.573861,20.603799,20.404537
1541,24.890961,25.463622,25.347616,23.740724,23.202486,22.598187,22.180515,22.641148,22.567431,23.322343,22.023272,21.573861,20.603799,20.404537,20.851851
1542,25.463622,25.347616,23.740724,23.202486,22.598187,22.180515,22.641148,22.567431,23.322343,22.023272,21.573861,20.603799,20.404537,20.851851,20.502179
1543,25.347616,23.740724,23.202486,22.598187,22.180515,22.641148,22.567431,23.322343,22.023272,21.573861,20.603799,20.404537,20.851851,20.502179,20.728949
1544,23.740724,23.202486,22.598187,22.180515,22.641148,22.567431,23.322343,22.023272,21.573861,20.603799,20.404537,20.851851,20.502179,20.728949,19.730189
1545,23.202486,22.598187,22.180515,22.641148,22.567431,23.322343,22.023272,21.573861,20.603799,20.404537,20.851851,20.502179,20.728949,19.730189,20.104744
1546,22.598187,22.180515,22.641148,22.567431,23.322343,22.023272,21.573861,20.603799,20.404537,20.851851,20.502179,20.728949,19.730189,20.104744,21.575513
1547,22.180515,22.641148,22.567431,23.322343,22.023272,21.573861,20.603799,20.404537,20.851851,20.502179,20.728949,19.730189,20.104744,21.575513,21.117574
1548,22.641148,22.567431,23.322343,22.023272,21.573861,20.603799,20.404537,20.851851,20.502179,20.728949,19.730189,20.104744,21.575513,21.117574,20.596903
1549,22.567431,23.322343,22.023272,21.573861,20.603799,20.404537,20.851851,20.502179,20.728949,19.730189,20.104744,21.575513,21.117574,20.596903,19.178377
1550,23.322343,22.023272,21.573861,20.603799,20.404537,20.851851,20.502179,20.728949,19.730189,20.104744,21.575513,21.117574,20.596903,19.178377,19.574028
1551,22.023272,21.573861,20.603799,20.404537,20.851851,20.502179,20.728949,19.730189,20.104744,21.575513,21.117574,20.596903,19.178377,19.574028,18.9079
1552,21.573861,20.603799,20.404537,20.851851,20.502179,20.728949,19.730189,20.104744,21.575513,21.117574,20.596903,19.178377,19.574028,18.9079,18.99137
1553,20.603799,20.404537,20.851851,20.502179,20.728949,19.730189,20.104744,21.575513,21.117574,20.596903,19.178377,19.574028,18.9079,18.99137,18.559022
1554,20.404537,20.851851,20.502179,20.728949,19.730189,20.104744,21.575513,21.117574,20.596903,19.178377,19.574028,18.9079,18.99137,18.559022,17.54418
1555,20.851851,20.502179,20.728949,19.730189,20.104744,21.575513,21.117574,20.596903,19.178377,19.574028,18.9079,18.99137,18.559022,17.54418,18.151075
1556,20.502179,20.728949,19.730189,20.104744,21.575513,21.117574,20.596903,19.178377,19.574028,18.9079,18.99137,18.559022,17.54418,18.151075,17.629343
1557,20.728949,19.730189,20.104744,21.575513,21.117574,20.596903,19.178377,19.574028,18.9079,18.99137,18.559022,17.54418,18.151075,17.629343,17.255035
1558,19.730189,20.104744,21.575513,21.117574,20.596903,19.178377,19.574028,18.9079,18.99137,18.559022,17.54418,18.151075,17.629343,17.255035,17.679012
1559,20.104744,21.575513,21.117574,20.596903,19.178377,19.574028,18.9079,18.99137,18.559022,17.54418,18.151075,17.629343,17.255035,17.679012,17.69181
1560,21.575513,21.117574,20.596903,19.178377,19.574028,18.9079,18.99137,18.559022,17.54418,18.151075,17.629343,17.255035,17.679012,17.69181,17.37519
1561,21.117574,20.596903,19.178377,19.574028,18.9079,18.99137,18.559022,17.54418,18.151075,17.629343,17.255035,17.679012,17.69181,17.37519,16.168533
1562,20.596903,19.178377,19.574028,18.9079,18.99137,18.559022,17.54418,18.151075,17.629343,17.255035,17.679012,17.69181,17.37519,16.168533,15.271025
1563,19.178377,19.574028,18.9079,18.99137,18.559022,17.54418,18.151075,17.629343,17.255035,17.679012,17.69181,17.37519,16.168533,15.271025,14.936483
1564,19.574028,18.9079,18.99137,18.559022,17.54418,18.151075,17.629343,17.255035,17.679012,17.69181,17.37519,16.168533,15.271025,14.936483,15.205879
1565,18.9079,18.99137,18.559022,17.54418,18.151075,17.629343,17.255035,17.679012,17.69181,17.37519,16.168533,15.271025,14.936483,15.205879,15.803029
1566,18.99137,18.559022,17.54418,18.151075,17.629343,17.255035,17.679012,17.69181,17.37519,16.168533,15.271025,14.936483,15.205879,15.803029,16.750748
1567,18.559022,17.54418,18.151075,17.629343,17.255035,17.679012,17.69181,17.37519,16.168533,15.271025,14.936483,15.205879,15.803029,16.750748,16.519767
1568,17.54418,18.151075,17.629343,17.255035,17.679012,17.69181,17.37519,16.168533,15.271025,14.936483,15.205879,15.803029,16.750748,16.519767,16.8131
1569,18.151075,17.629343,17.255035,17.679012,17.69181,17.37519,16.168533,15.271025,14.936483,15.205879,15.803029,16.750748,16.519767,16.8131,16.234095
1570,17.629343,17.255035,17.679012,17.69181,17.37519,16.168533,15.271025,14.936483,15.205879,15.803029,16.750748,16.519767,16.8131,16.234095,16.650732
1571,17.255035,17.679012,17.69181,17.37519,16.168533,15.271025,14.936483,15.205879,15.803029,16.750748,16.519767,16.8131,16.234095,16.650732,15.221034
1572,17.679012,17.69181,17.37519,16.168533,15.271025,14.936483,15.205879,15.803029,16.750748,16.519767,16.8131,16.234095,16.650732,15.221034,15.995413
1573,17.69181,17.37519,16.168533,15.271025,14.936483,15.205879,15.803029,16.750748,16.519767,16.8131,16.234095,16.650732,15.221034,15.995413,15.928485
1574,17.37519,16.168533,15.271025,14.936483,15.205879,15.803029,16.750748,16.519767,16.8131,16.234095,16.650732,15.221034,15.995413,15.928485,15.652422
1575,16.168533,15.271025,14.936483,15.205879,15.803029,16.750748,16.519767,16.8131,16.234095,16.650732,15.221034,15.995413,15.928485,15.652422,16.872315
1576,15.271025,14.936483,15.205879,15.803029,16.750748,16.519767,16.8131,16.234095,16.650732,15.221034,15.995413,15.928485,15.652422,16.872315,17.229589
1577,14.936483,15.205879,15.803029,16.750748,16.519767,16.8131,16.234095,16.650732,15.221034,15.995413,15.928485,15.652422,16.872315,17.229589,17.004367
1578,15.205879,15.803029,16.750748,16.519767,16.8131,16.234095,16.650732,15.221034,15.995413,15.928485,15.652422,16.872315,17.229589,17.004367,17.945369
1579,15.803029,16.750748,16.519767,16.8131,16.234095,16.650732,15.221034,15.995413,15.928485,15.652422,16.872315,17.229589,17.004367,17.945369,19.380058
1580,16.750748,16.519767,16.8131,16.234095,16.650732,15.221034,15.995413,15.928485,15.652422,16.872315,17.229589,17.004367,17.945369,19.380058,17.946547
1581,16.519767,16.8131,16.234095,16.650732,15.221034,15.995413,15.928485,15.652422,16.872315,17.229589,17.004367,17.945369,19.380058,17.946547,18.146788
1582,16.8131,16.234095,16.650732,15.221034,15.995413,15.928485,15.652422,16.872315,17.229589,17.004367,17.945369,19.380058,17.946547,18.146788,19.468255
1583,16.234095,16.650732,15.221034,15.995413,15.928485,15.652422,16.872315,17.229589,17.004367,17.945369,19.380058,17.946547,18.146788,19.468255,17.101943
1584,16.650732,15.221034,15.995413,15.928485,15.652422,16.872315,17.229589,17.004367,17.945369,19.380058,17.946547,18.146788,19.468255,17.101943,19.575543
1585,15.221034,15.995413,15.928485,15.652422,16.872315,17.229589,17.004367,17.945369,19.380058,17.946547,18.146788,19.468255,17.101943,19.575543,17.149754
1586,15.995413,15.928485,15.652422,16.872315,17.229589,17.004367,17.945369,19.380058,17.946547,18.146788,19.468255,17.101943,19.575543,17.149754,17.937558
1587,15.928485,15.652422,16.872315,17.229589,17.004367,17.945369,19.380058,17.946547,18.146788,19.468255,17.101943,19.575543,17.149754,17.937558,17.946277
1588,15.652422,16.872315,17.229589,17.004367,17.945369,19.380058,17.946547,18.146788,19.468255,17.101943,19.575543,17.149754,17.937558,17.946277,17.99208
1589,16.872315,17.229589,17.004367,17.945369,19.380058,17.946547,18.146788,19.468255,17.101943,19.575543,17.149754,17.937558,17.946277,17.99208,18.694528
1590,17.229589,17.004367,17.945369,19.380058,17.946547,18.146788,19.468255,17.101943,19.575543,17.149754,17.937558,17.946277,17.99208,18.694528,17.188661
1591,17.004367,17.945369,19.380058,17.946547,18.146788,19.468255,17.101943,19.575543,17.149754,17.937558,17.946277,17.99208,18.694528,17.188661,19.009563
1592,17.945369,19.380058,17.946547,18.146788,19.468255,17.101943,19.575543,17.149754,17.937558,17.946277,17.99208,18.694528,17.188661,19.009563,20.024538
1593,19.380058,17.946547,18.146788,19.468255,17.101943,19.575543,17.149754,17.937558,17.946277,17.99208,18.694528,17.188661,19.009563,20.024538,19.871456
1594,17.946547,18.146788,19.468255,17.101943,19.575543,17.149754,17.937558,17.946277,17.99208,18.694528,17.188661,19.009563,20.024538,19.871456,19.092597
1595,18.146788,19.468255,17.101943,19.575543,17.149754,17.937558,17.946277,17.99208,18.694528,17.188661,19.009563,20.024538,19.871456,19.092597,21.339441
1596,19.468255,17.101943,19.575543,17.149754,17.937558,17.946277,17.99208,18.694528,17.188661,19.009563,20.024538,19.871456,19.092597,21.339441,19.14201
1597,17.101943,19.575543,17.149754,17.937558,17.946277,17.99208,18.694528,17.188661,19.009563,20.024538,19.871456,19.092597,21.339441,19.14201,23.368778
1598,19.575543,17.149754,17.937558,17.946277,17.99208,18.694528,17.188661,19.009563,20.024538,19.871456,19.092597,21.339441,19.14201,23.368778,25.365257
1599,17.149754,17.937558,17.946277,17.99208,18.694528,17.188661,19.009563,20.024538,19.871456,19.092597,21.339441,19.14201,23.368778,25.365257,23.582991
1600,17.937558,17.946277,17.99208,18.694528,17.188661,19.009563,20.024538,19.871456,19.092597,21.339441,19.14201,23.368778,25.365257,23.582991,23.591586
1601,17.946277,17.99208,18.694528,17.188661,19.009563,20.024538,19.871456,19.092597,21.339441,19.14201,23.368778,25.365257,23.582991,23.591586,21.388113
1602,17.99208,18.694528,17.188661,19.009563,20.024538,19.871456,19.092597,21.339441,19.14201,23.368778,25.365257,23.582991,23.591586,21.388113,19.598451
1603,18.694528,17.188661,19.009563,20.024538,19.871456,19.092597,21.339441,19.14201,23.368778,25.365257,23.582991,23.591586,21.388113,19.598451,21.996442
1604,17.188661,19.009563,20.024538,19.871456,19.092597,21.339441,19.14201,23.368778,25.365257,23.582991,23.591586,21.388113,19.598451,21.996442,17.207677
1605,19.009563,20.024538,19.871456,19.092597,21.339441,19.14201,23.368778,25.365257,23.582991,23.591586,21.388113,19.598451,21.996442,17.207677,19.409836
1606,20.024538,19.871456,19.092597,21.339441,19.14201,23.368778,25.365257,23.582991,23.591586,21.388113,19.598451,21.996442,17.207677,19.409836,16.643181
1607,19.871456,19.092597,21.339441,19.14201,23.368778,25.365257,23.582991,23.591586,21.388113,19.598451,21.996442,17.207677,19.409836,16.643181,14.913074
1608,19.092597,21.339441,19.14201,23.368778,25.365257,23.582991,23.591586,21.388113,19.598451,21.996442,17.207677,19.409836,16.643181,14.913074,19.56538
1609,21.339441,19.14201,23.368778,25.365257,23.582991,23.591586,21.388113,19.598451,21.996442,17.207677,19.409836,16.643181,14.913074,19.56538,16.372196
1610,19.14201,23.368778,25.365257,23.582991,23.591586,21.388113,19.598451,21.996442,17.207677,19.409836,16.643181,14.913074,19.56538,16.372196,19.79463
1611,23.368778,25.365257,23.582991,23.591586,21.388113,19.598451,21.996442,17.207677,19.409836,16.643181,14.913074,19.56538,16.372196,19.79463,21.237842
1612,25.365257,23.582991,23.591586,21.388113,19.598451,21.996442,17.207677,19.409836,16.643181,14.913074,19.56538,16.372196,19.79463,21.237842,16.319006
1613,23.582991,23.591586,21.388113,19.598451,21.996442,17.207677,19.409836,16.643181,14.913074,19.56538,16.372196,19.79463,21.237842,16.319006,15.973091
1614,23.591586,21.388113,19.598451,21.996442,17.207677,19.409836,16.643181,14.913074,19.56538,16.372196,19.79463,21.237842,16.319006,15.973091,16.78125
1615,21.388113,19.598451,21.996442,17.207677,19.409836,16.643181,14.913074,19.56538,16.372196,19.79463,21.237842,16.319006,15.973091,16.78125,16.742476
1616,19.598451,21.996442,17.207677,19.409836,16.643181,14.913074,19.56538,16.372196,19.79463,21.237842,16.319006,15.973091,16.78125,16.742476,17.650342
1617,21.996442,17.207677,19.409836,16.643181,14.913074,19.56538,16.372196,19.79463,21.237842,16.319006,15.973091,16.78125,16.742476,17.650342,11.674759
1618,17.207677,19.409836,16.643181,14.913074,19.56538,16.372196,19.79463,21.237842,16.319006,15.973091,16.78125,16.742476,17.650342,11.674759,14.368509
1619,19.409836,16.643181,14.913074,19.56538,16.372196,19.79463,21.237842,16.319006,15.973091,16.78125,16.742476,17.650342,11.674759,14.368509,13.135965
1620,16.643181,14.913074,19.56538,16.372196,19.79463,21.237842,16.319006,15.973091,16.78125,16.742476,17.650342,11.674759,14.368509,13.135965,16.283126
1621,14.913074,19.56538,16.372196,19.79463,21.237842,16.319006,15.973091,16.78125,16.742476,17.650342,11.674759,14.368509,13.135965,16.283126,13.143104
1622,19.56538,16.372196,19.79463,21.237842,16.319006,15.973091,16.78125,16.742476,17.650342,11.674759,14.368509,13.135965,16.283126,13.143104,20.068215
1623,16.372196,19.79463,21.237842,16.319006,15.973091,16.78125,16.742476,17.650342,11.674759,14.368509,13.135965,16.283126,13.143104,20.068215,18.778708
1624,19.79463,21.237842,16.319006,15.973091,16.78125,16.742476,17.650342,11.674759,14.368509,13.135965,16.283126,13.143104,20.068215,18.778708,17.965402
1625,21.237842,16.319006,15.973091,16.78125,16.742476,17.650342,11.674759,14.368509,13.135965,16.283126,13.143104,20.068215,18.778708,17.965402,14.790842
1626,16.319006,15.973091,16.78125,16.742476,17.650342,11.674759,14.368509,13.135965,16.283126,13.143104,20.068215,18.778708,17.965402,14.790842,17.785004
1627,15.973091,16.78125,16.742476,17.650342,11.674759,14.368509,13.135965,16.283126,13.143104,20.068215,18.778708,17.965402,14.790842,17.785004,17.484588
1628,16.78125,16.742476,17.650342,11.674759,14.368509,13.135965,16.283126,13.143104,20.068215,18.778708,17.965402,14.790842,17.785004,17.484588,20.409791
1629,16.742476,17.650342,11.674759,14.368509,13.135965,16.283126,13.143104,20.068215,18.778708,17.965402,14.790842,17.785004,17.484588,20.409791,15.181919
1630,17.650342,11.674759,14.368509,13.135965,16.283126,13.143104,20.068215,18.778708,17.965402,14.790842,17.785004,17.484588,20.409791,15.181919,15.192951
1631,11.674759,14.368509,13.135965,16.283126,13.143104,20.068215,18.778708,17.965402,14.790842,17.785004,17.484588,20.409791,15.181919,15.192951,17.752245
1632,14.368509,13.135965,16.283126,13.143104,20.068215,18.778708,17.965402,14.790842,17.785004,17.484588,20.409791,15.181919,15.192951,17.752245,17.442847
1633,13.135965,16.283126,13.143104,20.068215,18.778708,17.965402,14.790842,17.785004,17.484588,20.409791,15.181919,15.192951,17.752245,17.442847,18.780449
1634,16.283126,13.143104,20.068215,18.778708,17.965402,14.790842,17.785004,17.484588,20.409791,15.181919,15.192951,17.752245,17.442847,18.780449,17.906393
1635,13.143104,20.068215,18.778708,17.965402,14.790842,17.785004,17.484588,20.409791,15.181919,15.192951,17.752245,17.442847,18.780449,17.906393,16.315876
1636,20.068215,18.778708,17.965402,14.790842,17.785004,17.484588,20.409791,15.181919,15.192951,17.752245,17.442847,18.780449,17.906393,16.315876,18.048535
1637,18.778708,17.965402,14.790842,17.785004,17.484588,20.409791,15.181919,15.192951,17.752245,17.442847,18.780449,17.906393,16.315876,18.048535,18.713168
1638,17.965402,14.790842,17.785004,17.484588,20.409791,15.181919,15.192951,17.752245,17.442847,18.780449,17.906393,16.315876,18.048535,18.713168,20.335216
1639,14.790842,17.785004,17.484588,20.409791,15.181919,15.192951,17.752245,17.442847,18.780449,17.906393,16.315876,18.048535,18.713168,20.335216,18.385063
1640,17.785004,17.484588,20.409791,15.181919,15.192951,17.752245,17.442847,18.780449,17.906393,16.315876,18.048535,18.713168,20.335216,18.385063,16.825973
1641,17.484588,20.409791,15.181919,15.192951,17.752245,17.442847,18.780449,17.906393,16.315876,18.048535,18.713168,20.335216,18.385063,16.825973,20.630737
1642,20.409791,15.181919,15.192951,17.752245,17.442847,18.780449,17.906393,16.315876,18.048535,18.713168,20.335216,18.385063,16.825973,20.630737,16.163677
1643,15.181919,15.192951,17.752245,17.442847,18.780449,17.906393,16.315876,18.048535,18.713168,20.335216,18.385063,16.825973,20.630737,16.163677,16.856025
1644,15.192951,17.752245,17.442847,18.780449,17.906393,16.315876,18.048535,18.713168,20.335216,18.385063,16.825973,20.630737,16.163677,16.856025,17.103137
1645,17.752245,17.442847,18.780449,17.906393,16.315876,18.048535,18.713168,20.335216,18.385063,16.825973,20.630737,16.163677,16.856025,17.103137,18.257893
1646,17.442847,18.780449,17.906393,16.315876,18.048535,18.713168,20.335216,18.385063,16.825973,20.630737,16.163677,16.856025,17.103137,18.257893,16.412987
1647,18.780449,17.906393,16.315876,18.048535,18.713168,20.335216,18.385063,16.825973,20.630737,16.163677,16.856025,17.103137,18.257893,16.412987,20.002991
1648,17.906393,16.315876,18.048535,18.713168,20.335216,18.385063,16.825973,20.630737,16.163677,16.856025,17.103137,18.257893,16.412987,20.002991,17.417583
1649,16.315876,18.048535,18.713168,20.335216,18.385063,16.825973,20.630737,16.163677,16.856025,17.103137,18.257893,16.412987,20.002991,17.417583,17.203634
1650,18.048535,18.713168,20.335216,18.385063,16.825973,20.630737,16.163677,16.856025,17.103137,18.257893,16.412987,20.002991,17.417583,17.203634,16.765686
1651,18.713168,20.335216,18.385063,16.825973,20.630737,16.163677,16.856025,17.103137,18.257893,16.412987,20.002991,17.417583,17.203634,16.765686,16.810694
1652,20.335216,18.385063,16.825973,20.630737,16.163677,16.856025,17.103137,18.257893,16.412987,20.002991,17.417583,17.203634,16.765686,16.810694,16.995205
1653,18.385063,16.825973,20.630737,16.163677,16.856025,17.103137,18.257893,16.412987,20.002991,17.417583,17.203634,16.765686,16.810694,16.995205,17.340096
1654,16.825973,20.630737,16.163677,16.856025,17.103137,18.257893,16.412987,20.002991,17.417583,17.203634,16.765686,16.810694,16.995205,17.340096,16.929905
1655,20.630737,16.163677,16.856025,17.103137,18.257893,16.412987,20.002991,17.417583,17.203634,16.765686,16.810694,16.995205,17.340096,16.929905,22.107927
1656,16.163677,16.856025,17.103137,18.257893,16.412987,20.002991,17.417583,17.203634,16.765686,16.810694,16.995205,17.340096,16.929905,22.107927,19.833793
1657,16.856025,17.103137,18.257893,16.412987,20.002991,17.417583,17.203634,16.765686,16.810694,16.995205,17.340096,16.929905,22.107927,19.833793,17.888746
1658,17.103137,18.257893,16.412987,20.002991,17.417583,17.203634,16.765686,16.810694,16.995205,17.340096,16.929905,22.107927,19.833793,17.888746,17.018539
1659,18.257893,16.412987,20.002991,17.417583,17.203634,16.765686,16.810694,16.995205,17.340096,16.929905,22.107927,19.833793,17.888746,17.018539,21.362127
1660,16.412987,20.002991,17.417583,17.203634,16.765686,16.810694,16.995205,17.340096,16.929905,22.107927,19.833793,17.888746,17.018539,21.362127,18.544478
1661,20.002991,17.417583,17.203634,16.765686,16.810694,16.995205,17.340096,16.929905,22.107927,19.833793,17.888746,17.018539,21.362127,18.544478,18.63255
1662,17.417583,17.203634,16.765686,16.810694,16.995205,17.340096,16.929905,22.107927,19.833793,17.888746,17.018539,21.362127,18.544478,18.63255,19.303424
1663,17.203634,16.765686,16.810694,16.995205,17.340096,16.929905,22.107927,19.833793,17.888746,17.018539,21.362127,18.544478,18.63255,19.303424,20.996213
1664,16.765686,16.810694,16.995205,17.340096,16.929905,22.107927,19.833793,17.888746,17.018539,21.362127,18.544478,18.63255,19.303424,20.996213,17.433943
1665,16.810694,16.995205,17.340096,16.929905,22.107927,19.833793,17.888746,17.018539,21.362127,18.544478,18.63255,19.303424,20.996213,17.433943,15.798035
1666,16.995205,17.340096,16.929905,22.107927,19.833793,17.888746,17.018539,21.362127,18.544478,18.63255,19.303424,20.996213,17.433943,15.798035,18.600099
1667,17.340096,16.929905,22.107927,19.833793,17.888746,17.018539,21.362127,18.544478,18.63255,19.303424,20.996213,17.433943,15.798035,18.600099,16.193922
1668,16.929905,22.107927,19.833793,17.888746,17.018539,21.362127,18.544478,18.63255,19.303424,20.996213,17.433943,15.798035,18.600099,16.193922,19.144954
1669,22.107927,19.833793,17.888746,17.018539,21.362127,18.544478,18.63255,19.303424,20.996213,17.433943,15.798035,18.600099,16.193922,19.144954,17.602189
1670,19.833793,17.888746,17.018539,21.362127,18.544478,18.63255,19.303424,20.996213,17.433943,15.798035,18.600099,16.193922,19.144954,17.602189,16.186852
1671,17.888746,17.018539,21.362127,18.544478,18.63255,19.303424,20.996213,17.433943,15.798035,18.600099,16.193922,19.144954,17.602189,16.186852,19.592299
1672,17.018539,21.362127,18.544478,18.63255,19.303424,20.996213,17.433943,15.798035,18.600099,16.193922,19.144954,17.602189,16.186852,19.592299,15.502549
1673,21.362127,18.544478,18.63255,19.303424,20.996213,17.433943,15.798035,18.600099,16.193922,19.144954,17.602189,16.186852,19.592299,15.502549,16.806052
1674,18.544478,18.63255,19.303424,20.996213,17.433943,15.798035,18.600099,16.193922,19.144954,17.602189,16.186852,19.592299,15.502549,16.806052,16.170431
1675,18.63255,19.303424,20.996213,17.433943,15.798035,18.600099,16.193922,19.144954,17.602189,16.186852,19.592299,15.502549,16.806052,16.170431,19.920647
1676,19.303424,20.996213,17.433943,15.798035,18.600099,16.193922,19.144954,17.602189,16.186852,19.592299,15.502549,16.806052,16.170431,19.920647,21.432135
1677,20.996213,17.433943,15.798035,18.600099,16.193922,19.144954,17.602189,16.186852,19.592299,15.502549,16.806052,16.170431,19.920647,21.432135,17.373325
1678,17.433943,15.798035,18.600099,16.193922,19.144954,17.602189,16.186852,19.592299,15.502549,16.806052,16.170431,19.920647,21.432135,17.373325,14.650715
1679,15.798035,18.600099,16.193922,19.144954,17.602189,16.186852,19.592299,15.502549,16.806052,16.170431,19.920647,21.432135,17.373325,14.650715,17.077687
1680,18.600099,16.193922,19.144954,17.602189,16.186852,19.592299,15.502549,16.806052,16.170431,19.920647,21.432135,17.373325,14.650715,17.077687,16.861121
1681,16.193922,19.144954,17.602189,16.186852,19.592299,15.502549,16.806052,16.170431,19.920647,21.432135,17.373325,14.650715,17.077687,16.861121,18.31798
1682,19.144954,17.602189,16.186852,19.592299,15.502549,16.806052,16.170431,19.920647,21.432135,17.373325,14.650715,17.077687,16.861121,18.31798,17.9865
1683,17.602189,16.186852,19.592299,15.502549,16.806052,16.170431,19.920647,21.432135,17.373325,14.650715,17.077687,16.861121,18.31798,17.9865,14.346197
1684,16.186852,19.592299,15.502549,16.806052,16.170431,19.920647,21.432135,17.373325,14.650715,17.077687,16.861121,18.31798,17.9865,14.346197,15.204012
1685,19.592299,15.502549,16.806052,16.170431,19.920647,21.432135,17.373325,14.650715,17.077687,16.861121,18.31798,17.9865,14.346197,15.204012,17.860823
1686,15.502549,16.806052,16.170431,19.920647,21.432135,17.373325,14.650715,17.077687,16.861121,18.31798,17.9865,14.346197,15.204012,17.860823,17.576013
1687,16.806052,16.170431,19.920647,21.432135,17.373325,14.650715,17.077687,16.861121,18.31798,17.9865,14.346197,15.204012,17.860823,17.576013,20.329941
1688,16.170431,19.920647,21.432135,17.373325,14.650715,17.077687,16.861121,18.31798,17.9865,14.346197,15.204012,17.860823,17.576013,20.329941,17.385491
1689,19.920647,21.432135,17.373325,14.650715,17.077687,16.861121,18.31798,17.9865,14.346197,15.204012,17.860823,17.576013,20.329941,17.385491,19.978227
1690,21.432135,17.373325,14.650715,17.077687,16.861121,18.31798,17.9865,14.346197,15.204012,17.860823,17.576013,20.329941,17.385491,19.978227,15.422417
1691,17.373325,14.650715,17.077687,16.861121,18.31798,17.9865,14.346197,15.204012,17.860823,17.576013,20.329941,17.385491,19.978227,15.422417,16.435954
1692,14.650715,17.077687,16.861121,18.31798,17.9865,14.346197,15.204012,17.860823,17.576013,20.329941,17.385491,19.978227,15.422417,16.435954,15.037572
1693,17.077687,16.861121,18.31798,17.9865,14.346197,15.204012,17.860823,17.576013,20.329941,17.385491,19.978227,15.422417,16.435954,15.037572,15.572034
1694,16.861121,18.31798,17.9865,14.346197,15.204012,17.860823,17.576013,20.329941,17.385491,19.978227,15.422417,16.435954,15.037572,15.572034,17.578882
1695,18.31798,17.9865,14.346197,15.204012,17.860823,17.576013,20.329941,17.385491,19.978227,15.422417,16.435954,15.037572,15.572034,17.578882,16.422038
1696,17.9865,14.346197,15.204012,17.860823,17.576013,20.329941,17.385491,19.978227,15.422417,16.435954,15.037572,15.572034,17.578882,16.422038,17.95497
1697,14.346197,15.204012,17.860823,17.576013,20.329941,17.385491,19.978227,15.422417,16.435954,15.037572,15.572034,17.578882,16.422038,17.95497,19.718598
1698,15.204012,17.860823,17.576013,20.329941,17.385491,19.978227,15.422417,16.435954,15.037572,15.572034,17.578882,16.422038,17.95497,19.718598,18.960156
1699,17.860823,17.576013,20.329941,17.385491,19.978227,15.422417,16.435954,15.037572,15.572034,17.578882,16.422038,17.95497,19.718598,18.960156,21.171578
1700,17.576013,20.329941,17.385491,19.978227,15.422417,16.435954,15.037572,15.572034,17.578882,16.422038,17.95497,19.718598,18.960156,21.171578,20.340234
1701,20.329941,17.385491,19.978227,15.422417,16.435954,15.037572,15.572034,17.578882,16.422038,17.95497,19.718598,18.960156,21.171578,20.340234,15.329656
1702,17.385491,19.978227,15.422417,16.435954,15.037572,15.572034,17.578882,16.422038,17.95497,19.718598,18.960156,21.171578,20.340234,15.329656,18.102999
1703,19.978227,15.422417,16.435954,15.037572,15.572034,17.578882,16.422038,17.95497,19.718598,18.960156,21.171578,20.340234,15.329656,18.102999,19.783766
1704,15.422417,16.435954,15.037572,15.572034,17.578882,16.422038,17.95497,19.718598,18.960156,21.171578,20.340234,15.329656,18.102999,19.783766,18.229497
1705,16.435954,15.037572,15.572034,17.578882,16.422038,17.95497,19.718598,18.960156,21.171578,20.340234,15.329656,18.102999,19.783766,18.229497,20.661653
1706,15.037572,15.572034,17.578882,16.422038,17.95497,19.718598,18.960156,21.171578,20.340234,15.329656,18.102999,19.783766,18.229497,20.661653,18.051259
1707,15.572034,17.578882,16.422038,17.95497,19.718598,18.960156,21.171578,20.340234,15.329656,18.102999,19.783766,18.229497,20.661653,18.051259,16.847317
1708,17.578882,16.422038,17.95497,19.718598,18.960156,21.171578,20.340234,15.329656,18.102999,19.783766,18.229497,20.661653,18.051259,16.847317,15.676512
1709,16.422038,17.95497,19.718598,18.960156,21.171578,20.340234,15.329656,18.102999,19.783766,18.229497,20.661653,18.051259,16.847317,15.676512,16.099824
1710,17.95497,19.718598,18.960156,21.171578,20.340234,15.329656,18.102999,19.783766,18.229497,20.661653,18.051259,16.847317,15.676512,16.099824,13.910155
1711,19.718598,18.960156,21.171578,20.340234,15.329656,18.102999,19.783766,18.229497,20.661653,18.051259,16.847317,15.676512,16.099824,13.910155,16.30028
1712,18.960156,21.171578,20.340234,15.329656,18.102999,19.783766,18.229497,20.661653,18.051259,16.847317,15.676512,16.099824,13.910155,16.30028,18.648993
